2026-04-13 12:18:11.476 [WARNING]  doris_mcp_server.utils.db:1221 - ❌ Pool health check failed, attempting recovery
2026-04-13 12:18:14.324 [WARNING]  doris_mcp_server.utils.db:1221 - ❌ Pool health check failed, attempting recovery
2026-04-13 12:18:23.303 [WARNING]  doris_mcp_server.utils.db:1221 - ❌ Pool health check failed, attempting recovery
2026-04-13 12:18:26.305 [WARNING]  doris_mcp_server.utils.db:1298 - Pool close timeout, forcing cleanup
2026-04-13 12:34:03.566 [WARNING]  doris_mcp_server.utils.db:1221 - ❌ Pool health check failed, attempting recovery
2026-04-13 12:34:05.754 [WARNING]  doris_mcp_server.utils.db:1221 - ❌ Pool health check failed, attempting recovery
2026-04-13 12:34:17.730 [WARNING]  doris_mcp_server.utils.db:1221 - ❌ Pool health check failed, attempting recovery
2026-04-13 12:34:20.733 [WARNING]  doris_mcp_server.utils.db:1298 - Pool close timeout, forcing cleanup
2026-04-13 12:41:44.154 [WARNING]  doris_mcp_server.utils.db:1221 - ❌ Pool health check failed, attempting recovery
2026-04-13 12:41:58.107 [WARNING]  doris_mcp_server.utils.db:1221 - ❌ Pool health check failed, attempting recovery
2026-04-13 12:41:59.411 [WARNING]  doris_mcp_server.utils.db:1221 - ❌ Pool health check failed, attempting recovery
2026-04-13 12:58:19.881 [WARNING]  doris_mcp_server.utils.db:1221 - ❌ Pool health check failed, attempting recovery
2026-04-13 12:58:33.809 [WARNING]  doris_mcp_server.utils.db:1221 - ❌ Pool health check failed, attempting recovery
2026-04-13 12:58:35.713 [WARNING]  doris_mcp_server.utils.db:1221 - ❌ Pool health check failed, attempting recovery
2026-04-13 13:15:09.972 [WARNING]  doris_mcp_server.utils.db:1157 - Failed to warm up connection 2: (2013, 'Lost connection to MySQL server during query ([Errno 54] Connection reset by peer)')
2026-04-13 13:15:40.787 [WARNING]  doris_mcp_server.utils.db:1221 - ❌ Pool health check failed, attempting recovery
2026-04-13 13:15:43.789 [WARNING]  doris_mcp_server.utils.db:1298 - Pool close timeout, forcing cleanup
2026-04-13 13:15:55.553 [WARNING]  doris_mcp_server.utils.db:1221 - ❌ Pool health check failed, attempting recovery
2026-04-13 13:29:57.437 [WARNING]  doris_mcp_server.utils.db:1298 - Pool close timeout, forcing cleanup
2026-04-13 13:30:02.552 [WARNING]  doris_mcp_server.utils.db:1334 - Pool warmup timeout, but recovery successful
2026-04-13 13:30:27.117 [WARNING]  doris_mcp_server.utils.db:1221 - ❌ Pool health check failed, attempting recovery
2026-04-13 13:30:30.122 [WARNING]  doris_mcp_server.utils.db:1298 - Pool close timeout, forcing cleanup
2026-04-13 13:30:37.348 [WARNING]  doris_mcp_server.utils.db:1221 - ❌ Pool health check failed, attempting recovery
2026-04-13 13:30:40.351 [WARNING]  doris_mcp_server.utils.db:1298 - Pool close timeout, forcing cleanup
2026-04-13 18:22:40.126 [WARNING]  doris_mcp_server.utils.db:1221 - ❌ Pool health check failed, attempting recovery
2026-04-13 18:22:41.236 [WARNING]  doris_mcp_server.utils.db:1221 - ❌ Pool health check failed, attempting recovery
2026-04-13 18:22:44.240 [WARNING]  doris_mcp_server.utils.db:1298 - Pool close timeout, forcing cleanup
2026-04-13 18:22:47.934 [WARNING]  doris_mcp_server.utils.db:1221 - ❌ Pool health check failed, attempting recovery
2026-04-13 18:23:08.187 [WARNING]  doris_mcp_server.utils.db:1221 - ❌ Pool health check failed, attempting recovery
2026-04-13 18:23:11.192 [WARNING]  doris_mcp_server.utils.db:1298 - Pool close timeout, forcing cleanup
2026-04-13 18:41:43.814 [WARNING]  doris_mcp_server.utils.db:1221 - ❌ Pool health check failed, attempting recovery
2026-04-13 18:42:05.674 [WARNING]  doris_mcp_server.utils.db:1221 - ❌ Pool health check failed, attempting recovery
2026-04-13 18:42:07.174 [WARNING]  doris_mcp_server.utils.db:1221 - ❌ Pool health check failed, attempting recovery
2026-04-13 18:42:08.676 [WARNING]  doris_mcp_server.utils.db:1298 - Pool close timeout, forcing cleanup
2026-04-13 18:42:10.176 [WARNING]  doris_mcp_server.utils.db:1298 - Pool close timeout, forcing cleanup
2026-04-13 18:42:10.733 [WARNING]  doris_mcp_server.utils.db:1221 - ❌ Pool health check failed, attempting recovery
2026-04-13 18:42:13.735 [WARNING]  doris_mcp_server.utils.db:1298 - Pool close timeout, forcing cleanup
2026-04-13 19:02:02.810 [WARNING]  doris_mcp_server.utils.db:1221 - ❌ Pool health check failed, attempting recovery
2026-04-13 19:02:05.813 [WARNING]  doris_mcp_server.utils.db:1298 - Pool close timeout, forcing cleanup
2026-04-13 19:02:07.332 [WARNING]  doris_mcp_server.utils.db:1221 - ❌ Pool health check failed, attempting recovery
2026-04-13 19:02:07.421 [WARNING]  doris_mcp_server.utils.db:1221 - ❌ Pool health check failed, attempting recovery
2026-04-13 19:02:08.504 [WARNING]  doris_mcp_server.utils.db:1221 - ❌ Pool health check failed, attempting recovery
2026-04-13 19:02:10.335 [WARNING]  doris_mcp_server.utils.db:1298 - Pool close timeout, forcing cleanup
2026-04-13 19:02:10.423 [WARNING]  doris_mcp_server.utils.db:1298 - Pool close timeout, forcing cleanup
2026-04-13 19:02:11.507 [WARNING]  doris_mcp_server.utils.db:1298 - Pool close timeout, forcing cleanup
2026-04-13 20:07:27.986 [WARNING]  doris_mcp_server.utils.db:1221 - ❌ Pool health check failed, attempting recovery
2026-04-13 20:07:32.520 [WARNING]  doris_mcp_server.utils.db:1221 - ❌ Pool health check failed, attempting recovery
2026-04-13 20:07:32.573 [WARNING]  doris_mcp_server.utils.db:1221 - ❌ Pool health check failed, attempting recovery
2026-04-13 20:07:33.561 [WARNING]  doris_mcp_server.utils.db:1221 - ❌ Pool health check failed, attempting recovery
2026-04-13 20:07:36.564 [WARNING]  doris_mcp_server.utils.db:1298 - Pool close timeout, forcing cleanup
2026-04-13 20:23:57.772 [WARNING]  doris_mcp_server.utils.db:1221 - ❌ Pool health check failed, attempting recovery
2026-04-13 20:23:58.872 [WARNING]  doris_mcp_server.utils.db:1221 - ❌ Pool health check failed, attempting recovery
2026-04-13 20:23:59.069 [WARNING]  doris_mcp_server.utils.db:1221 - ❌ Pool health check failed, attempting recovery
2026-04-13 20:24:08.774 [WARNING]  doris_mcp_server.utils.db:1221 - ❌ Pool health check failed, attempting recovery
2026-04-13 20:24:11.778 [WARNING]  doris_mcp_server.utils.db:1298 - Pool close timeout, forcing cleanup
2026-04-13 20:40:27.994 [WARNING]  doris_mcp_server.utils.db:1221 - ❌ Pool health check failed, attempting recovery
2026-04-13 20:40:42.552 [WARNING]  doris_mcp_server.utils.db:1221 - ❌ Pool health check failed, attempting recovery
2026-04-13 20:40:43.779 [WARNING]  doris_mcp_server.utils.db:1221 - ❌ Pool health check failed, attempting recovery
2026-04-13 20:40:44.720 [WARNING]  doris_mcp_server.utils.db:1221 - ❌ Pool health check failed, attempting recovery
2026-04-13 20:40:45.556 [WARNING]  doris_mcp_server.utils.db:1298 - Pool close timeout, forcing cleanup
2026-04-13 20:56:24.446 [WARNING]  doris_mcp_server.utils.db:1298 - Pool close timeout, forcing cleanup
2026-04-13 20:56:25.387 [WARNING]  doris_mcp_server.utils.db:1298 - Pool close timeout, forcing cleanup
2026-04-13 20:56:54.194 [WARNING]  doris_mcp_server.utils.db:1221 - ❌ Pool health check failed, attempting recovery
2026-04-13 20:57:13.037 [WARNING]  doris_mcp_server.utils.db:1221 - ❌ Pool health check failed, attempting recovery
2026-04-13 21:08:27.555 [WARNING]  doris_mcp_server.utils.db:1221 - ❌ Pool health check failed, attempting recovery
2026-04-13 21:08:38.586 [WARNING]  doris_mcp_server.utils.db:1221 - ❌ Pool health check failed, attempting recovery
2026-04-13 21:08:38.873 [WARNING]  doris_mcp_server.utils.db:1221 - ❌ Pool health check failed, attempting recovery
2026-04-13 21:08:39.869 [WARNING]  doris_mcp_server.utils.db:1221 - ❌ Pool health check failed, attempting recovery
2026-04-13 21:26:10.119 [WARNING]  doris_mcp_server.utils.db:1221 - ❌ Pool health check failed, attempting recovery
2026-04-13 21:26:11.652 [WARNING]  doris_mcp_server.utils.db:1221 - ❌ Pool health check failed, attempting recovery
2026-04-13 21:26:12.904 [WARNING]  doris_mcp_server.utils.db:1221 - ❌ Pool health check failed, attempting recovery
2026-04-13 21:26:28.797 [WARNING]  doris_mcp_server.utils.db:1221 - ❌ Pool health check failed, attempting recovery
2026-04-13 21:42:44.440 [WARNING]  doris_mcp_server.utils.db:1221 - ❌ Pool health check failed, attempting recovery
2026-04-13 21:42:44.614 [WARNING]  doris_mcp_server.utils.db:1157 - Failed to warm up connection 2: (1203, 'Reach limit of connections. Total: 1024, User: 100, Current: 123')
2026-04-13 21:42:57.050 [WARNING]  doris_mcp_server.utils.db:1221 - ❌ Pool health check failed, attempting recovery
2026-04-13 21:42:57.125 [WARNING]  doris_mcp_server.utils.db:1337 - ❌ Pool recovery health check failed on attempt 1
2026-04-13 21:42:58.570 [WARNING]  doris_mcp_server.utils.db:1221 - ❌ Pool health check failed, attempting recovery
2026-04-13 21:42:59.194 [WARNING]  doris_mcp_server.utils.db:1337 - ❌ Pool recovery health check failed on attempt 2
2026-04-13 21:42:59.196 [WARNING]  doris_mcp_server.utils.db:1221 - ❌ Pool health check failed, attempting recovery
2026-04-13 21:43:01.267 [WARNING]  doris_mcp_server.utils.db:1337 - ❌ Pool recovery health check failed on attempt 3
2026-04-13 21:43:01.572 [WARNING]  doris_mcp_server.utils.db:1298 - Pool close timeout, forcing cleanup
2026-04-13 21:43:01.651 [WARNING]  doris_mcp_server.utils.db:1337 - ❌ Pool recovery health check failed on attempt 1
2026-04-13 21:43:02.199 [WARNING]  doris_mcp_server.utils.db:1298 - Pool close timeout, forcing cleanup
2026-04-13 21:43:02.269 [WARNING]  doris_mcp_server.utils.db:1337 - ❌ Pool recovery health check failed on attempt 1
2026-04-13 21:43:03.715 [WARNING]  doris_mcp_server.utils.db:1337 - ❌ Pool recovery health check failed on attempt 2
2026-04-13 21:43:04.349 [WARNING]  doris_mcp_server.utils.db:1337 - ❌ Pool recovery health check failed on attempt 2
2026-04-13 21:43:05.808 [WARNING]  doris_mcp_server.utils.db:1337 - ❌ Pool recovery health check failed on attempt 3
2026-04-13 21:43:06.435 [WARNING]  doris_mcp_server.utils.db:1337 - ❌ Pool recovery health check failed on attempt 3
2026-04-13 21:59:23.643 [WARNING]  doris_mcp_server.utils.db:1221 - ❌ Pool health check failed, attempting recovery
2026-04-13 21:59:23.703 [WARNING]  doris_mcp_server.utils.db:1337 - ❌ Pool recovery health check failed on attempt 1
2026-04-13 21:59:25.765 [WARNING]  doris_mcp_server.utils.db:1337 - ❌ Pool recovery health check failed on attempt 2
2026-04-13 21:59:27.848 [WARNING]  doris_mcp_server.utils.db:1337 - ❌ Pool recovery health check failed on attempt 3
2026-04-13 21:59:28.185 [WARNING]  doris_mcp_server.utils.db:1221 - ❌ Pool health check failed, attempting recovery
2026-04-13 21:59:28.270 [WARNING]  doris_mcp_server.utils.db:1337 - ❌ Pool recovery health check failed on attempt 1
2026-04-13 21:59:28.811 [WARNING]  doris_mcp_server.utils.db:1221 - ❌ Pool health check failed, attempting recovery
2026-04-13 21:59:28.881 [WARNING]  doris_mcp_server.utils.db:1337 - ❌ Pool recovery health check failed on attempt 1
2026-04-13 21:59:30.329 [WARNING]  doris_mcp_server.utils.db:1337 - ❌ Pool recovery health check failed on attempt 2
2026-04-13 21:59:30.952 [WARNING]  doris_mcp_server.utils.db:1337 - ❌ Pool recovery health check failed on attempt 2
2026-04-13 21:59:33.103 [WARNING]  doris_mcp_server.utils.db:1157 - Failed to warm up connection 2: (1203, 'Reach limit of connections. Total: 1024, User: 100, Current: 123')
2026-04-13 21:59:33.400 [WARNING]  doris_mcp_server.utils.db:1337 - ❌ Pool recovery health check failed on attempt 3
2026-04-13 21:59:55.456 [WARNING]  doris_mcp_server.utils.db:1221 - ❌ Pool health check failed, attempting recovery
2026-04-13 21:59:55.526 [WARNING]  doris_mcp_server.utils.db:1337 - ❌ Pool recovery health check failed on attempt 1
2026-04-13 21:59:57.587 [WARNING]  doris_mcp_server.utils.db:1337 - ❌ Pool recovery health check failed on attempt 2
2026-04-13 21:59:57.850 [WARNING]  doris_mcp_server.utils.db:1221 - ❌ Pool health check failed, attempting recovery
2026-04-13 21:59:57.914 [WARNING]  doris_mcp_server.utils.db:1337 - ❌ Pool recovery health check failed on attempt 1
2026-04-13 21:59:59.662 [WARNING]  doris_mcp_server.utils.db:1337 - ❌ Pool recovery health check failed on attempt 3
2026-04-13 21:59:59.981 [WARNING]  doris_mcp_server.utils.db:1337 - ❌ Pool recovery health check failed on attempt 2
2026-04-13 22:00:02.061 [WARNING]  doris_mcp_server.utils.db:1337 - ❌ Pool recovery health check failed on attempt 3
2026-04-13 22:00:03.404 [WARNING]  doris_mcp_server.utils.db:1221 - ❌ Pool health check failed, attempting recovery
2026-04-13 22:00:03.474 [WARNING]  doris_mcp_server.utils.db:1337 - ❌ Pool recovery health check failed on attempt 1
2026-04-13 22:00:05.559 [WARNING]  doris_mcp_server.utils.db:1337 - ❌ Pool recovery health check failed on attempt 2
2026-04-13 22:09:06.176 [WARNING]  doris_mcp_server.utils.db:1337 - ❌ Pool recovery health check failed on attempt 3
2026-04-13 22:09:28.206 [WARNING]  doris_mcp_server.utils.db:1221 - ❌ Pool health check failed, attempting recovery
2026-04-13 22:09:28.271 [WARNING]  doris_mcp_server.utils.db:1337 - ❌ Pool recovery health check failed on attempt 1
2026-04-13 22:09:30.329 [WARNING]  doris_mcp_server.utils.db:1337 - ❌ Pool recovery health check failed on attempt 2
2026-04-13 22:09:30.605 [WARNING]  doris_mcp_server.utils.db:1221 - ❌ Pool health check failed, attempting recovery
2026-04-13 22:09:30.708 [WARNING]  doris_mcp_server.utils.db:1337 - ❌ Pool recovery health check failed on attempt 1
2026-04-13 22:09:32.411 [WARNING]  doris_mcp_server.utils.db:1337 - ❌ Pool recovery health check failed on attempt 3
2026-04-13 22:09:32.797 [WARNING]  doris_mcp_server.utils.db:1337 - ❌ Pool recovery health check failed on attempt 2
2026-04-13 22:09:34.881 [WARNING]  doris_mcp_server.utils.db:1337 - ❌ Pool recovery health check failed on attempt 3
2026-04-13 22:09:36.177 [WARNING]  doris_mcp_server.utils.db:1221 - ❌ Pool health check failed, attempting recovery
2026-04-13 22:09:36.229 [WARNING]  doris_mcp_server.utils.db:1337 - ❌ Pool recovery health check failed on attempt 1
2026-04-13 22:09:38.314 [WARNING]  doris_mcp_server.utils.db:1337 - ❌ Pool recovery health check failed on attempt 2
2026-04-13 22:09:40.379 [WARNING]  doris_mcp_server.utils.db:1337 - ❌ Pool recovery health check failed on attempt 3
2026-04-13 22:09:49.787 [WARNING]  doris_mcp_server.utils.db:1221 - ❌ Pool health check failed, attempting recovery
2026-04-13 22:09:49.856 [WARNING]  doris_mcp_server.utils.db:1337 - ❌ Pool recovery health check failed on attempt 1
2026-04-13 22:25:55.006 [WARNING]  doris_mcp_server.utils.db:1221 - ❌ Pool health check failed, attempting recovery
2026-04-13 22:25:57.476 [WARNING]  doris_mcp_server.utils.db:1221 - ❌ Pool health check failed, attempting recovery
2026-04-13 22:26:02.979 [WARNING]  doris_mcp_server.utils.db:1221 - ❌ Pool health check failed, attempting recovery
2026-04-13 22:42:41.721 [WARNING]  doris_mcp_server.utils.db:1221 - ❌ Pool health check failed, attempting recovery
2026-04-13 22:42:44.535 [WARNING]  doris_mcp_server.utils.db:1221 - ❌ Pool health check failed, attempting recovery
2026-04-13 22:42:49.955 [WARNING]  doris_mcp_server.utils.db:1221 - ❌ Pool health check failed, attempting recovery
2026-04-13 22:43:02.019 [WARNING]  doris_mcp_server.utils.db:1221 - ❌ Pool health check failed, attempting recovery
2026-04-13 22:59:16.726 [WARNING]  doris_mcp_server.utils.db:1221 - ❌ Pool health check failed, attempting recovery
2026-04-13 22:59:16.957 [WARNING]  doris_mcp_server.utils.db:1221 - ❌ Pool health check failed, attempting recovery
2026-04-13 22:59:19.729 [WARNING]  doris_mcp_server.utils.db:1298 - Pool close timeout, forcing cleanup
2026-04-13 22:59:19.960 [WARNING]  doris_mcp_server.utils.db:1298 - Pool close timeout, forcing cleanup
2026-04-13 22:59:22.403 [WARNING]  doris_mcp_server.utils.db:1221 - ❌ Pool health check failed, attempting recovery
2026-04-13 22:59:25.406 [WARNING]  doris_mcp_server.utils.db:1298 - Pool close timeout, forcing cleanup
2026-04-13 22:59:34.167 [WARNING]  doris_mcp_server.utils.db:1221 - ❌ Pool health check failed, attempting recovery
2026-04-13 23:10:06.868 [WARNING]  doris_mcp_server.utils.db:1298 - Pool close timeout, forcing cleanup
2026-04-13 23:10:38.082 [WARNING]  doris_mcp_server.utils.db:1221 - ❌ Pool health check failed, attempting recovery
2026-04-13 23:10:38.116 [WARNING]  doris_mcp_server.utils.db:1221 - ❌ Pool health check failed, attempting recovery
2026-04-13 23:10:41.086 [WARNING]  doris_mcp_server.utils.db:1298 - Pool close timeout, forcing cleanup
2026-04-13 23:10:41.118 [WARNING]  doris_mcp_server.utils.db:1298 - Pool close timeout, forcing cleanup
2026-04-13 23:10:43.663 [WARNING]  doris_mcp_server.utils.db:1221 - ❌ Pool health check failed, attempting recovery
2026-04-13 23:10:46.665 [WARNING]  doris_mcp_server.utils.db:1298 - Pool close timeout, forcing cleanup
2026-04-13 23:27:08.141 [WARNING]  doris_mcp_server.utils.db:1221 - ❌ Pool health check failed, attempting recovery
2026-04-13 23:27:12.284 [WARNING]  doris_mcp_server.utils.db:1221 - ❌ Pool health check failed, attempting recovery
2026-04-13 23:27:12.377 [WARNING]  doris_mcp_server.utils.db:1221 - ❌ Pool health check failed, attempting recovery
2026-04-13 23:27:18.325 [WARNING]  doris_mcp_server.utils.db:1221 - ❌ Pool health check failed, attempting recovery
2026-04-13 23:27:21.327 [WARNING]  doris_mcp_server.utils.db:1298 - Pool close timeout, forcing cleanup
2026-04-13 23:43:24.536 [WARNING]  doris_mcp_server.utils.db:1221 - ❌ Pool health check failed, attempting recovery
2026-04-13 23:43:28.473 [WARNING]  doris_mcp_server.utils.db:1221 - ❌ Pool health check failed, attempting recovery
2026-04-13 23:43:28.608 [WARNING]  doris_mcp_server.utils.db:1221 - ❌ Pool health check failed, attempting recovery
2026-04-13 23:43:37.416 [WARNING]  doris_mcp_server.utils.db:1221 - ❌ Pool health check failed, attempting recovery
2026-04-13 23:59:33.152 [WARNING]  doris_mcp_server.utils.db:1221 - ❌ Pool health check failed, attempting recovery
2026-04-13 23:59:38.138 [WARNING]  doris_mcp_server.utils.db:1221 - ❌ Pool health check failed, attempting recovery
2026-04-13 23:59:39.438 [WARNING]  doris_mcp_server.utils.db:1221 - ❌ Pool health check failed, attempting recovery
2026-04-13 23:59:48.746 [WARNING]  doris_mcp_server.utils.db:1221 - ❌ Pool health check failed, attempting recovery
2026-04-14 00:11:27.428 [WARNING]  doris_mcp_server.utils.db:1221 - ❌ Pool health check failed, attempting recovery
2026-04-14 00:11:30.431 [WARNING]  doris_mcp_server.utils.db:1298 - Pool close timeout, forcing cleanup
2026-04-14 00:11:30.597 [WARNING]  doris_mcp_server.utils.db:1157 - Failed to warm up connection 2: (1203, 'Reach limit of connections. Total: 1024, User: 100, Current: 123')
2026-04-14 00:11:41.322 [WARNING]  doris_mcp_server.utils.db:1221 - ❌ Pool health check failed, attempting recovery
2026-04-14 00:11:44.325 [WARNING]  doris_mcp_server.utils.db:1298 - Pool close timeout, forcing cleanup
2026-04-14 00:11:44.382 [WARNING]  doris_mcp_server.utils.db:1337 - ❌ Pool recovery health check failed on attempt 1
2026-04-14 00:11:44.429 [WARNING]  doris_mcp_server.utils.db:1221 - ❌ Pool health check failed, attempting recovery
2026-04-14 00:11:45.887 [WARNING]  doris_mcp_server.utils.db:1221 - ❌ Pool health check failed, attempting recovery
2026-04-14 00:11:46.451 [WARNING]  doris_mcp_server.utils.db:1337 - ❌ Pool recovery health check failed on attempt 2
2026-04-14 00:11:47.432 [WARNING]  doris_mcp_server.utils.db:1298 - Pool close timeout, forcing cleanup
2026-04-14 00:11:47.503 [WARNING]  doris_mcp_server.utils.db:1337 - ❌ Pool recovery health check failed on attempt 1
2026-04-14 00:11:48.524 [WARNING]  doris_mcp_server.utils.db:1337 - ❌ Pool recovery health check failed on attempt 3
2026-04-14 00:11:48.888 [WARNING]  doris_mcp_server.utils.db:1298 - Pool close timeout, forcing cleanup
2026-04-14 00:11:48.965 [WARNING]  doris_mcp_server.utils.db:1337 - ❌ Pool recovery health check failed on attempt 1
2026-04-14 00:11:49.584 [WARNING]  doris_mcp_server.utils.db:1337 - ❌ Pool recovery health check failed on attempt 2
2026-04-14 00:11:51.041 [WARNING]  doris_mcp_server.utils.db:1337 - ❌ Pool recovery health check failed on attempt 2
2026-04-14 00:11:51.666 [WARNING]  doris_mcp_server.utils.db:1337 - ❌ Pool recovery health check failed on attempt 3
2026-04-14 00:27:07.725 [WARNING]  doris_mcp_server.utils.db:1337 - ❌ Pool recovery health check failed on attempt 3
2026-04-14 00:27:33.159 [WARNING]  doris_mcp_server.utils.db:1221 - ❌ Pool health check failed, attempting recovery
2026-04-14 00:27:33.226 [WARNING]  doris_mcp_server.utils.db:1337 - ❌ Pool recovery health check failed on attempt 1
2026-04-14 00:27:33.472 [WARNING]  doris_mcp_server.utils.db:1221 - ❌ Pool health check failed, attempting recovery
2026-04-14 00:27:33.554 [WARNING]  doris_mcp_server.utils.db:1337 - ❌ Pool recovery health check failed on attempt 1
2026-04-14 00:27:35.298 [WARNING]  doris_mcp_server.utils.db:1337 - ❌ Pool recovery health check failed on attempt 2
2026-04-14 00:27:35.642 [WARNING]  doris_mcp_server.utils.db:1337 - ❌ Pool recovery health check failed on attempt 2
2026-04-14 00:27:36.300 [WARNING]  doris_mcp_server.utils.db:1221 - ❌ Pool health check failed, attempting recovery
2026-04-14 00:27:36.363 [WARNING]  doris_mcp_server.utils.db:1337 - ❌ Pool recovery health check failed on attempt 1
2026-04-14 00:27:37.370 [WARNING]  doris_mcp_server.utils.db:1337 - ❌ Pool recovery health check failed on attempt 3
2026-04-14 00:27:37.728 [WARNING]  doris_mcp_server.utils.db:1221 - ❌ Pool health check failed, attempting recovery
2026-04-14 00:27:37.742 [WARNING]  doris_mcp_server.utils.db:1337 - ❌ Pool recovery health check failed on attempt 3
2026-04-14 00:27:38.581 [WARNING]  doris_mcp_server.utils.db:1157 - Failed to warm up connection 2: (1203, 'Reach limit of connections. Total: 1024, User: 100, Current: 123')
2026-04-14 00:27:38.794 [WARNING]  doris_mcp_server.utils.db:1337 - ❌ Pool recovery health check failed on attempt 1
2026-04-14 00:27:40.873 [WARNING]  doris_mcp_server.utils.db:1337 - ❌ Pool recovery health check failed on attempt 2
2026-04-14 00:27:42.944 [WARNING]  doris_mcp_server.utils.db:1337 - ❌ Pool recovery health check failed on attempt 3
2026-04-14 00:28:07.372 [WARNING]  doris_mcp_server.utils.db:1221 - ❌ Pool health check failed, attempting recovery
2026-04-14 00:28:07.446 [WARNING]  doris_mcp_server.utils.db:1337 - ❌ Pool recovery health check failed on attempt 1
2026-04-14 00:28:07.745 [WARNING]  doris_mcp_server.utils.db:1221 - ❌ Pool health check failed, attempting recovery
2026-04-14 00:28:07.834 [WARNING]  doris_mcp_server.utils.db:1337 - ❌ Pool recovery health check failed on attempt 1
2026-04-14 00:43:50.129 [WARNING]  doris_mcp_server.utils.db:1221 - ❌ Pool health check failed, attempting recovery
2026-04-14 00:59:45.126 [WARNING]  doris_mcp_server.utils.db:1221 - ❌ Pool health check failed, attempting recovery
2026-04-14 00:59:50.182 [WARNING]  doris_mcp_server.utils.db:1334 - Pool warmup timeout, but recovery successful
2026-04-14 01:00:19.408 [WARNING]  doris_mcp_server.utils.db:1221 - ❌ Pool health check failed, attempting recovery
2026-04-14 01:15:52.058 [WARNING]  doris_mcp_server.utils.db:1221 - ❌ Pool health check failed, attempting recovery
2026-04-14 01:15:55.060 [WARNING]  doris_mcp_server.utils.db:1298 - Pool close timeout, forcing cleanup
2026-04-14 01:15:58.702 [WARNING]  doris_mcp_server.utils.db:1221 - ❌ Pool health check failed, attempting recovery
2026-04-14 01:16:01.702 [WARNING]  doris_mcp_server.utils.db:1298 - Pool close timeout, forcing cleanup
2026-04-14 01:16:13.493 [WARNING]  doris_mcp_server.utils.db:1221 - ❌ Pool health check failed, attempting recovery
2026-04-14 01:16:16.496 [WARNING]  doris_mcp_server.utils.db:1298 - Pool close timeout, forcing cleanup
2026-04-14 01:16:17.582 [WARNING]  doris_mcp_server.utils.db:1221 - ❌ Pool health check failed, attempting recovery
2026-04-14 01:16:20.585 [WARNING]  doris_mcp_server.utils.db:1298 - Pool close timeout, forcing cleanup
2026-04-14 01:31:48.562 [WARNING]  doris_mcp_server.utils.db:1221 - ❌ Pool health check failed, attempting recovery
2026-04-14 01:31:51.564 [WARNING]  doris_mcp_server.utils.db:1298 - Pool close timeout, forcing cleanup
2026-04-14 01:31:52.075 [WARNING]  doris_mcp_server.utils.db:1221 - ❌ Pool health check failed, attempting recovery
2026-04-14 01:31:55.077 [WARNING]  doris_mcp_server.utils.db:1298 - Pool close timeout, forcing cleanup
2026-04-14 01:32:09.597 [WARNING]  doris_mcp_server.utils.db:1221 - ❌ Pool health check failed, attempting recovery
2026-04-14 01:32:12.600 [WARNING]  doris_mcp_server.utils.db:1298 - Pool close timeout, forcing cleanup
2026-04-14 01:32:16.297 [WARNING]  doris_mcp_server.utils.db:1221 - ❌ Pool health check failed, attempting recovery
2026-04-14 01:32:19.300 [WARNING]  doris_mcp_server.utils.db:1298 - Pool close timeout, forcing cleanup
2026-04-14 01:48:51.353 [WARNING]  doris_mcp_server.utils.db:1221 - ❌ Pool health check failed, attempting recovery
2026-04-14 01:48:54.355 [WARNING]  doris_mcp_server.utils.db:1298 - Pool close timeout, forcing cleanup
2026-04-14 01:48:58.072 [WARNING]  doris_mcp_server.utils.db:1221 - ❌ Pool health check failed, attempting recovery
2026-04-14 01:49:01.075 [WARNING]  doris_mcp_server.utils.db:1298 - Pool close timeout, forcing cleanup
2026-04-14 01:49:02.556 [WARNING]  doris_mcp_server.utils.db:1221 - ❌ Pool health check failed, attempting recovery
2026-04-14 01:49:03.603 [WARNING]  doris_mcp_server.utils.db:1221 - ❌ Pool health check failed, attempting recovery
2026-04-14 01:49:05.559 [WARNING]  doris_mcp_server.utils.db:1298 - Pool close timeout, forcing cleanup
2026-04-14 02:05:29.138 [WARNING]  doris_mcp_server.utils.db:1337 - ❌ Pool recovery health check failed on attempt 1
2026-04-14 02:05:29.245 [WARNING]  doris_mcp_server.utils.db:1298 - Pool close timeout, forcing cleanup
2026-04-14 02:06:05.751 [WARNING]  doris_mcp_server.utils.db:1221 - ❌ Pool health check failed, attempting recovery
2026-04-14 02:06:08.754 [WARNING]  doris_mcp_server.utils.db:1298 - Pool close timeout, forcing cleanup
2026-04-14 02:06:13.581 [WARNING]  doris_mcp_server.utils.db:1221 - ❌ Pool health check failed, attempting recovery
2026-04-14 02:22:44.167 [WARNING]  doris_mcp_server.utils.db:1298 - Pool close timeout, forcing cleanup
2026-04-14 02:23:15.438 [WARNING]  doris_mcp_server.utils.db:1221 - ❌ Pool health check failed, attempting recovery
2026-04-14 02:23:17.538 [WARNING]  doris_mcp_server.utils.db:1221 - ❌ Pool health check failed, attempting recovery
2026-04-14 02:23:24.910 [WARNING]  doris_mcp_server.utils.db:1221 - ❌ Pool health check failed, attempting recovery
2026-04-14 02:40:45.614 [WARNING]  doris_mcp_server.utils.db:1221 - ❌ Pool health check failed, attempting recovery
2026-04-14 02:40:45.959 [WARNING]  doris_mcp_server.utils.db:1221 - ❌ Pool health check failed, attempting recovery
2026-04-14 02:40:47.174 [WARNING]  doris_mcp_server.utils.db:1221 - ❌ Pool health check failed, attempting recovery
2026-04-14 02:40:48.616 [WARNING]  doris_mcp_server.utils.db:1298 - Pool close timeout, forcing cleanup
2026-04-14 02:40:48.962 [WARNING]  doris_mcp_server.utils.db:1298 - Pool close timeout, forcing cleanup
2026-04-14 02:40:50.177 [WARNING]  doris_mcp_server.utils.db:1298 - Pool close timeout, forcing cleanup
2026-04-14 02:40:57.162 [WARNING]  doris_mcp_server.utils.db:1221 - ❌ Pool health check failed, attempting recovery
2026-04-14 02:56:58.772 [WARNING]  doris_mcp_server.utils.db:1298 - Pool close timeout, forcing cleanup
2026-04-14 02:57:36.207 [WARNING]  doris_mcp_server.utils.db:1221 - ❌ Pool health check failed, attempting recovery
2026-04-14 02:57:37.368 [WARNING]  doris_mcp_server.utils.db:1221 - ❌ Pool health check failed, attempting recovery
2026-04-14 02:57:38.282 [WARNING]  doris_mcp_server.utils.db:1221 - ❌ Pool health check failed, attempting recovery
2026-04-14 02:57:39.211 [WARNING]  doris_mcp_server.utils.db:1298 - Pool close timeout, forcing cleanup
2026-04-14 02:57:40.370 [WARNING]  doris_mcp_server.utils.db:1298 - Pool close timeout, forcing cleanup
2026-04-14 02:57:41.284 [WARNING]  doris_mcp_server.utils.db:1298 - Pool close timeout, forcing cleanup
2026-04-14 02:57:41.481 [WARNING]  doris_mcp_server.utils.db:1157 - Failed to warm up connection 2: (1203, 'Reach limit of connections. Total: 1024, User: 100, Current: 123')
2026-04-14 03:16:00.875 [WARNING]  doris_mcp_server.utils.db:1221 - ❌ Pool health check failed, attempting recovery
2026-04-14 03:16:01.797 [WARNING]  doris_mcp_server.utils.db:1221 - ❌ Pool health check failed, attempting recovery
2026-04-14 03:16:03.945 [WARNING]  doris_mcp_server.utils.db:1221 - ❌ Pool health check failed, attempting recovery
2026-04-14 03:16:04.799 [WARNING]  doris_mcp_server.utils.db:1298 - Pool close timeout, forcing cleanup
2026-04-14 03:16:20.258 [WARNING]  doris_mcp_server.utils.db:1221 - ❌ Pool health check failed, attempting recovery
2026-04-14 03:16:23.261 [WARNING]  doris_mcp_server.utils.db:1298 - Pool close timeout, forcing cleanup
2026-04-14 03:16:23.329 [WARNING]  doris_mcp_server.utils.db:1337 - ❌ Pool recovery health check failed on attempt 1
2026-04-14 03:34:10.081 [WARNING]  doris_mcp_server.utils.db:1221 - ❌ Pool health check failed, attempting recovery
2026-04-14 03:34:13.376 [WARNING]  doris_mcp_server.utils.db:1221 - ❌ Pool health check failed, attempting recovery
2026-04-14 03:34:14.483 [WARNING]  doris_mcp_server.utils.db:1221 - ❌ Pool health check failed, attempting recovery
2026-04-14 03:51:16.588 [WARNING]  doris_mcp_server.utils.db:1221 - ❌ Pool health check failed, attempting recovery
2026-04-14 03:51:19.682 [WARNING]  doris_mcp_server.utils.db:1221 - ❌ Pool health check failed, attempting recovery
2026-04-14 03:51:20.813 [WARNING]  doris_mcp_server.utils.db:1221 - ❌ Pool health check failed, attempting recovery
2026-04-14 03:51:22.555 [WARNING]  doris_mcp_server.utils.db:1221 - ❌ Pool health check failed, attempting recovery
2026-04-14 04:02:57.965 [WARNING]  doris_mcp_server.utils.db:1221 - ❌ Pool health check failed, attempting recovery
2026-04-14 04:03:00.968 [WARNING]  doris_mcp_server.utils.db:1298 - Pool close timeout, forcing cleanup
2026-04-14 04:03:02.360 [WARNING]  doris_mcp_server.utils.db:1221 - ❌ Pool health check failed, attempting recovery
2026-04-14 04:03:06.029 [WARNING]  doris_mcp_server.utils.db:1221 - ❌ Pool health check failed, attempting recovery
2026-04-14 04:03:06.793 [WARNING]  doris_mcp_server.utils.db:1221 - ❌ Pool health check failed, attempting recovery
2026-04-14 04:03:09.032 [WARNING]  doris_mcp_server.utils.db:1298 - Pool close timeout, forcing cleanup
2026-04-14 04:03:09.106 [WARNING]  doris_mcp_server.utils.db:1337 - ❌ Pool recovery health check failed on attempt 1
2026-04-14 04:03:11.169 [WARNING]  doris_mcp_server.utils.db:1337 - ❌ Pool recovery health check failed on attempt 2
2026-04-14 04:03:13.250 [WARNING]  doris_mcp_server.utils.db:1337 - ❌ Pool recovery health check failed on attempt 3
2026-04-14 04:20:14.967 [WARNING]  doris_mcp_server.utils.db:1221 - ❌ Pool health check failed, attempting recovery
2026-04-14 04:20:21.312 [WARNING]  doris_mcp_server.utils.db:1221 - ❌ Pool health check failed, attempting recovery
2026-04-14 04:20:24.315 [WARNING]  doris_mcp_server.utils.db:1298 - Pool close timeout, forcing cleanup
2026-04-14 04:20:29.290 [WARNING]  doris_mcp_server.utils.db:1221 - ❌ Pool health check failed, attempting recovery
2026-04-14 04:20:31.089 [WARNING]  doris_mcp_server.utils.db:1221 - ❌ Pool health check failed, attempting recovery
2026-04-14 04:20:32.293 [WARNING]  doris_mcp_server.utils.db:1298 - Pool close timeout, forcing cleanup
2026-04-14 04:20:34.092 [WARNING]  doris_mcp_server.utils.db:1298 - Pool close timeout, forcing cleanup
2026-04-14 04:20:34.149 [WARNING]  doris_mcp_server.utils.db:1337 - ❌ Pool recovery health check failed on attempt 1
2026-04-14 04:20:36.227 [WARNING]  doris_mcp_server.utils.db:1337 - ❌ Pool recovery health check failed on attempt 2
2026-04-14 04:36:47.542 [WARNING]  doris_mcp_server.utils.db:1221 - ❌ Pool health check failed, attempting recovery
2026-04-14 04:36:56.355 [WARNING]  doris_mcp_server.utils.db:1221 - ❌ Pool health check failed, attempting recovery
2026-04-14 04:37:04.754 [WARNING]  doris_mcp_server.utils.db:1221 - ❌ Pool health check failed, attempting recovery
2026-04-14 04:37:07.756 [WARNING]  doris_mcp_server.utils.db:1298 - Pool close timeout, forcing cleanup
2026-04-14 04:54:58.342 [WARNING]  doris_mcp_server.utils.db:1221 - ❌ Pool health check failed, attempting recovery
2026-04-14 04:55:06.915 [WARNING]  doris_mcp_server.utils.db:1221 - ❌ Pool health check failed, attempting recovery
2026-04-14 04:55:09.918 [WARNING]  doris_mcp_server.utils.db:1298 - Pool close timeout, forcing cleanup
2026-04-14 04:55:17.554 [WARNING]  doris_mcp_server.utils.db:1221 - ❌ Pool health check failed, attempting recovery
2026-04-14 04:55:20.557 [WARNING]  doris_mcp_server.utils.db:1298 - Pool close timeout, forcing cleanup
2026-04-14 04:55:21.841 [WARNING]  doris_mcp_server.utils.db:1221 - ❌ Pool health check failed, attempting recovery
2026-04-14 05:12:16.490 [WARNING]  doris_mcp_server.utils.db:1298 - Pool close timeout, forcing cleanup
2026-04-14 05:12:41.435 [WARNING]  doris_mcp_server.utils.db:1221 - ❌ Pool health check failed, attempting recovery
2026-04-14 05:12:50.201 [WARNING]  doris_mcp_server.utils.db:1221 - ❌ Pool health check failed, attempting recovery
2026-04-14 05:28:43.638 [WARNING]  doris_mcp_server.utils.db:1221 - ❌ Pool health check failed, attempting recovery
2026-04-14 05:29:11.721 [WARNING]  doris_mcp_server.utils.db:1221 - ❌ Pool health check failed, attempting recovery
2026-04-14 05:29:14.724 [WARNING]  doris_mcp_server.utils.db:1298 - Pool close timeout, forcing cleanup
2026-04-14 05:29:17.746 [WARNING]  doris_mcp_server.utils.db:1221 - ❌ Pool health check failed, attempting recovery
2026-04-14 05:29:21.717 [WARNING]  doris_mcp_server.utils.db:1221 - ❌ Pool health check failed, attempting recovery
2026-04-14 05:46:53.927 [WARNING]  doris_mcp_server.utils.db:1221 - ❌ Pool health check failed, attempting recovery
2026-04-14 05:46:54.273 [WARNING]  doris_mcp_server.utils.db:1221 - ❌ Pool health check failed, attempting recovery
2026-04-14 05:46:56.930 [WARNING]  doris_mcp_server.utils.db:1298 - Pool close timeout, forcing cleanup
2026-04-14 05:46:57.274 [WARNING]  doris_mcp_server.utils.db:1298 - Pool close timeout, forcing cleanup
2026-04-14 05:46:58.873 [WARNING]  doris_mcp_server.utils.db:1221 - ❌ Pool health check failed, attempting recovery
2026-04-14 05:47:01.233 [WARNING]  doris_mcp_server.utils.db:1221 - ❌ Pool health check failed, attempting recovery
2026-04-14 05:47:01.877 [WARNING]  doris_mcp_server.utils.db:1298 - Pool close timeout, forcing cleanup
2026-04-14 05:47:04.236 [WARNING]  doris_mcp_server.utils.db:1298 - Pool close timeout, forcing cleanup
2026-04-14 06:03:15.739 [WARNING]  doris_mcp_server.utils.db:1221 - ❌ Pool health check failed, attempting recovery
2026-04-14 06:03:16.037 [WARNING]  doris_mcp_server.utils.db:1221 - ❌ Pool health check failed, attempting recovery
2026-04-14 06:03:18.741 [WARNING]  doris_mcp_server.utils.db:1298 - Pool close timeout, forcing cleanup
2026-04-14 06:03:20.383 [WARNING]  doris_mcp_server.utils.db:1221 - ❌ Pool health check failed, attempting recovery
2026-04-14 06:03:23.312 [WARNING]  doris_mcp_server.utils.db:1221 - ❌ Pool health check failed, attempting recovery
2026-04-14 06:03:23.385 [WARNING]  doris_mcp_server.utils.db:1298 - Pool close timeout, forcing cleanup
2026-04-14 06:03:26.314 [WARNING]  doris_mcp_server.utils.db:1298 - Pool close timeout, forcing cleanup
2026-04-14 06:19:40.124 [WARNING]  doris_mcp_server.utils.db:1221 - ❌ Pool health check failed, attempting recovery
2026-04-14 06:19:40.172 [WARNING]  doris_mcp_server.utils.db:1221 - ❌ Pool health check failed, attempting recovery
2026-04-14 06:19:46.115 [WARNING]  doris_mcp_server.utils.db:1221 - ❌ Pool health check failed, attempting recovery
2026-04-14 06:19:47.737 [WARNING]  doris_mcp_server.utils.db:1221 - ❌ Pool health check failed, attempting recovery
2026-04-14 06:19:50.740 [WARNING]  doris_mcp_server.utils.db:1298 - Pool close timeout, forcing cleanup
2026-04-14 06:19:50.930 [WARNING]  doris_mcp_server.utils.db:1157 - Failed to warm up connection 2: (1203, 'Reach limit of connections. Total: 1024, User: 100, Current: 123')
2026-04-14 06:36:31.422 [WARNING]  doris_mcp_server.utils.db:1221 - ❌ Pool health check failed, attempting recovery
2026-04-14 06:36:32.823 [WARNING]  doris_mcp_server.utils.db:1221 - ❌ Pool health check failed, attempting recovery
2026-04-14 06:36:36.346 [WARNING]  doris_mcp_server.utils.db:1221 - ❌ Pool health check failed, attempting recovery
2026-04-14 06:36:42.830 [WARNING]  doris_mcp_server.utils.db:1221 - ❌ Pool health check failed, attempting recovery
2026-04-14 06:36:42.883 [WARNING]  doris_mcp_server.utils.db:1337 - ❌ Pool recovery health check failed on attempt 1
2026-04-14 06:36:44.950 [WARNING]  doris_mcp_server.utils.db:1337 - ❌ Pool recovery health check failed on attempt 2
2026-04-14 06:36:47.013 [WARNING]  doris_mcp_server.utils.db:1337 - ❌ Pool recovery health check failed on attempt 3
2026-04-14 06:37:17.016 [WARNING]  doris_mcp_server.utils.db:1221 - ❌ Pool health check failed, attempting recovery
2026-04-14 06:37:17.089 [WARNING]  doris_mcp_server.utils.db:1337 - ❌ Pool recovery health check failed on attempt 1
2026-04-14 06:37:19.155 [WARNING]  doris_mcp_server.utils.db:1337 - ❌ Pool recovery health check failed on attempt 2
2026-04-14 06:37:21.224 [WARNING]  doris_mcp_server.utils.db:1337 - ❌ Pool recovery health check failed on attempt 3
2026-04-14 06:37:51.228 [WARNING]  doris_mcp_server.utils.db:1221 - ❌ Pool health check failed, attempting recovery
2026-04-14 06:37:51.306 [WARNING]  doris_mcp_server.utils.db:1337 - ❌ Pool recovery health check failed on attempt 1
2026-04-14 06:37:54.493 [WARNING]  doris_mcp_server.utils.db:1157 - Failed to warm up connection 2: (1203, 'Reach limit of connections. Total: 1024, User: 100, Current: 123')
2026-04-14 06:54:57.408 [WARNING]  doris_mcp_server.utils.db:1221 - ❌ Pool health check failed, attempting recovery
2026-04-14 06:55:15.134 [WARNING]  doris_mcp_server.utils.db:1221 - ❌ Pool health check failed, attempting recovery
2026-04-14 06:55:23.295 [WARNING]  doris_mcp_server.utils.db:1221 - ❌ Pool health check failed, attempting recovery
2026-04-14 06:55:23.528 [WARNING]  doris_mcp_server.utils.db:1157 - Failed to warm up connection 3: (1203, 'Reach limit of connections. Total: 1024, User: 100, Current: 123')
2026-04-14 06:55:23.656 [WARNING]  doris_mcp_server.utils.db:1221 - ❌ Pool health check failed, attempting recovery
2026-04-14 06:55:23.739 [WARNING]  doris_mcp_server.utils.db:1337 - ❌ Pool recovery health check failed on attempt 1
2026-04-14 07:03:55.435 [WARNING]  doris_mcp_server.utils.db:1337 - ❌ Pool recovery health check failed on attempt 3
2026-04-14 07:04:08.861 [WARNING]  doris_mcp_server.utils.db:1221 - ❌ Pool health check failed, attempting recovery
2026-04-14 07:04:08.934 [WARNING]  doris_mcp_server.utils.db:1337 - ❌ Pool recovery health check failed on attempt 1
2026-04-14 07:04:11.010 [WARNING]  doris_mcp_server.utils.db:1337 - ❌ Pool recovery health check failed on attempt 2
2026-04-14 07:04:13.079 [WARNING]  doris_mcp_server.utils.db:1337 - ❌ Pool recovery health check failed on attempt 3
2026-04-14 07:04:16.250 [WARNING]  doris_mcp_server.utils.db:1221 - ❌ Pool health check failed, attempting recovery
2026-04-14 07:04:19.252 [WARNING]  doris_mcp_server.utils.db:1298 - Pool close timeout, forcing cleanup
2026-04-14 07:04:19.320 [WARNING]  doris_mcp_server.utils.db:1337 - ❌ Pool recovery health check failed on attempt 1
2026-04-14 07:04:21.399 [WARNING]  doris_mcp_server.utils.db:1337 - ❌ Pool recovery health check failed on attempt 2
2026-04-14 07:04:23.454 [WARNING]  doris_mcp_server.utils.db:1337 - ❌ Pool recovery health check failed on attempt 3
2026-04-14 07:04:25.440 [WARNING]  doris_mcp_server.utils.db:1221 - ❌ Pool health check failed, attempting recovery
2026-04-14 07:04:25.517 [WARNING]  doris_mcp_server.utils.db:1337 - ❌ Pool recovery health check failed on attempt 1
2026-04-14 07:04:27.584 [WARNING]  doris_mcp_server.utils.db:1337 - ❌ Pool recovery health check failed on attempt 2
2026-04-14 07:04:28.143 [WARNING]  doris_mcp_server.utils.db:1221 - ❌ Pool health check failed, attempting recovery
2026-04-14 07:04:28.209 [WARNING]  doris_mcp_server.utils.db:1337 - ❌ Pool recovery health check failed on attempt 1
2026-04-14 07:04:29.660 [WARNING]  doris_mcp_server.utils.db:1337 - ❌ Pool recovery health check failed on attempt 3
2026-04-14 07:04:30.280 [WARNING]  doris_mcp_server.utils.db:1337 - ❌ Pool recovery health check failed on attempt 2
2026-04-14 07:04:32.337 [WARNING]  doris_mcp_server.utils.db:1337 - ❌ Pool recovery health check failed on attempt 3
2026-04-14 07:22:23.788 [WARNING]  doris_mcp_server.utils.db:1221 - ❌ Pool health check failed, attempting recovery
2026-04-14 07:22:34.163 [WARNING]  doris_mcp_server.utils.db:1221 - ❌ Pool health check failed, attempting recovery
2026-04-14 07:22:40.368 [WARNING]  doris_mcp_server.utils.db:1221 - ❌ Pool health check failed, attempting recovery
2026-04-14 07:22:40.544 [WARNING]  doris_mcp_server.utils.db:1157 - Failed to warm up connection 2: (1203, 'Reach limit of connections. Total: 1024, User: 100, Current: 123')
2026-04-14 07:22:43.045 [WARNING]  doris_mcp_server.utils.db:1221 - ❌ Pool health check failed, attempting recovery
2026-04-14 07:22:43.117 [WARNING]  doris_mcp_server.utils.db:1337 - ❌ Pool recovery health check failed on attempt 1
2026-04-14 07:22:45.174 [WARNING]  doris_mcp_server.utils.db:1337 - ❌ Pool recovery health check failed on attempt 2
2026-04-14 07:22:47.243 [WARNING]  doris_mcp_server.utils.db:1337 - ❌ Pool recovery health check failed on attempt 3
2026-04-14 07:23:17.247 [WARNING]  doris_mcp_server.utils.db:1221 - ❌ Pool health check failed, attempting recovery
2026-04-14 07:23:17.310 [WARNING]  doris_mcp_server.utils.db:1337 - ❌ Pool recovery health check failed on attempt 1
2026-04-14 07:23:19.374 [WARNING]  doris_mcp_server.utils.db:1337 - ❌ Pool recovery health check failed on attempt 2
2026-04-14 07:23:21.434 [WARNING]  doris_mcp_server.utils.db:1337 - ❌ Pool recovery health check failed on attempt 3
2026-04-14 07:23:51.438 [WARNING]  doris_mcp_server.utils.db:1221 - ❌ Pool health check failed, attempting recovery
2026-04-14 07:23:51.639 [WARNING]  doris_mcp_server.utils.db:1157 - Failed to warm up connection 2: (1203, 'Reach limit of connections. Total: 1024, User: 100, Current: 124')
2026-04-14 07:43:22.432 [WARNING]  doris_mcp_server.utils.db:1221 - ❌ Pool health check failed, attempting recovery
2026-04-14 07:43:33.532 [WARNING]  doris_mcp_server.utils.db:1221 - ❌ Pool health check failed, attempting recovery
2026-04-14 07:43:36.151 [WARNING]  doris_mcp_server.utils.db:1221 - ❌ Pool health check failed, attempting recovery
2026-04-14 07:58:50.041 [WARNING]  doris_mcp_server.utils.db:1221 - ❌ Pool health check failed, attempting recovery
2026-04-14 07:58:53.044 [WARNING]  doris_mcp_server.utils.db:1298 - Pool close timeout, forcing cleanup
2026-04-14 07:59:17.670 [WARNING]  doris_mcp_server.utils.db:1221 - ❌ Pool health check failed, attempting recovery
2026-04-14 07:59:20.673 [WARNING]  doris_mcp_server.utils.db:1298 - Pool close timeout, forcing cleanup
2026-04-14 07:59:30.231 [WARNING]  doris_mcp_server.utils.db:1221 - ❌ Pool health check failed, attempting recovery
2026-04-14 07:59:31.198 [WARNING]  doris_mcp_server.utils.db:1221 - ❌ Pool health check failed, attempting recovery
2026-04-14 07:59:33.234 [WARNING]  doris_mcp_server.utils.db:1298 - Pool close timeout, forcing cleanup
2026-04-14 07:59:34.201 [WARNING]  doris_mcp_server.utils.db:1298 - Pool close timeout, forcing cleanup
2026-04-14 08:05:20.374 [WARNING]  doris_mcp_server.utils.db:1221 - ❌ Pool health check failed, attempting recovery
2026-04-14 08:05:23.377 [WARNING]  doris_mcp_server.utils.db:1298 - Pool close timeout, forcing cleanup
2026-04-14 08:05:26.407 [WARNING]  doris_mcp_server.utils.db:1221 - ❌ Pool health check failed, attempting recovery
2026-04-14 08:05:29.410 [WARNING]  doris_mcp_server.utils.db:1298 - Pool close timeout, forcing cleanup
2026-04-14 08:05:33.822 [WARNING]  doris_mcp_server.utils.db:1221 - ❌ Pool health check failed, attempting recovery
2026-04-14 08:05:34.617 [WARNING]  doris_mcp_server.utils.db:1221 - ❌ Pool health check failed, attempting recovery
2026-04-14 08:14:06.380 [WARNING]  doris_mcp_server.utils.db:1298 - Pool close timeout, forcing cleanup
2026-04-14 08:14:07.171 [WARNING]  doris_mcp_server.utils.db:1298 - Pool close timeout, forcing cleanup
2026-04-14 08:14:07.235 [WARNING]  doris_mcp_server.utils.db:1337 - ❌ Pool recovery health check failed on attempt 1
2026-04-14 08:14:09.294 [WARNING]  doris_mcp_server.utils.db:1337 - ❌ Pool recovery health check failed on attempt 2
2026-04-14 08:14:11.363 [WARNING]  doris_mcp_server.utils.db:1337 - ❌ Pool recovery health check failed on attempt 3
2026-04-14 08:14:41.367 [WARNING]  doris_mcp_server.utils.db:1221 - ❌ Pool health check failed, attempting recovery
2026-04-14 08:14:41.443 [WARNING]  doris_mcp_server.utils.db:1337 - ❌ Pool recovery health check failed on attempt 1
2026-04-14 08:14:41.709 [WARNING]  doris_mcp_server.utils.db:1221 - ❌ Pool health check failed, attempting recovery
2026-04-14 08:14:41.776 [WARNING]  doris_mcp_server.utils.db:1337 - ❌ Pool recovery health check failed on attempt 1
2026-04-14 08:14:43.877 [WARNING]  doris_mcp_server.utils.db:1337 - ❌ Pool recovery health check failed on attempt 2
2026-04-14 08:14:44.531 [WARNING]  doris_mcp_server.utils.db:1337 - ❌ Pool recovery health check failed on attempt 2
2026-04-14 08:14:45.952 [WARNING]  doris_mcp_server.utils.db:1337 - ❌ Pool recovery health check failed on attempt 3
2026-04-14 08:14:46.605 [WARNING]  doris_mcp_server.utils.db:1337 - ❌ Pool recovery health check failed on attempt 3
2026-04-14 08:30:53.220 [WARNING]  doris_mcp_server.utils.db:1221 - ❌ Pool health check failed, attempting recovery
2026-04-14 08:31:14.012 [WARNING]  doris_mcp_server.utils.db:1221 - ❌ Pool health check failed, attempting recovery
2026-04-14 08:31:14.665 [WARNING]  doris_mcp_server.utils.db:1221 - ❌ Pool health check failed, attempting recovery
2026-04-14 08:39:54.024 [WARNING]  doris_mcp_server.utils.db:1221 - ❌ Pool health check failed, attempting recovery
2026-04-14 08:39:54.959 [WARNING]  doris_mcp_server.utils.db:1221 - ❌ Pool health check failed, attempting recovery
2026-04-14 08:40:01.538 [WARNING]  doris_mcp_server.utils.db:1221 - ❌ Pool health check failed, attempting recovery
2026-04-14 08:40:04.541 [WARNING]  doris_mcp_server.utils.db:1298 - Pool close timeout, forcing cleanup
2026-04-14 12:20:13.176 [WARNING]  doris_mcp_server.utils.db:1221 - ❌ Pool health check failed, attempting recovery
2026-04-14 12:20:16.180 [WARNING]  doris_mcp_server.utils.db:1298 - Pool close timeout, forcing cleanup
2026-04-14 12:20:32.771 [WARNING]  doris_mcp_server.utils.db:1221 - ❌ Pool health check failed, attempting recovery
2026-04-14 12:20:33.420 [WARNING]  doris_mcp_server.utils.db:1221 - ❌ Pool health check failed, attempting recovery
2026-04-14 12:20:35.778 [WARNING]  doris_mcp_server.utils.db:1298 - Pool close timeout, forcing cleanup
2026-04-14 12:20:36.423 [WARNING]  doris_mcp_server.utils.db:1298 - Pool close timeout, forcing cleanup
2026-04-14 12:36:11.323 [WARNING]  doris_mcp_server.utils.db:1221 - ❌ Pool health check failed, attempting recovery
2026-04-14 12:36:29.946 [WARNING]  doris_mcp_server.utils.db:1221 - ❌ Pool health check failed, attempting recovery
2026-04-14 12:36:30.183 [WARNING]  doris_mcp_server.utils.db:1221 - ❌ Pool health check failed, attempting recovery
2026-04-14 12:36:32.949 [WARNING]  doris_mcp_server.utils.db:1298 - Pool close timeout, forcing cleanup
2026-04-14 12:36:33.186 [WARNING]  doris_mcp_server.utils.db:1298 - Pool close timeout, forcing cleanup
2026-04-14 12:40:40.903 [WARNING]  doris_mcp_server.utils.db:1221 - ❌ Pool health check failed, attempting recovery
2026-04-14 12:40:43.905 [WARNING]  doris_mcp_server.utils.db:1298 - Pool close timeout, forcing cleanup
2026-04-14 12:57:44.213 [WARNING]  doris_mcp_server.utils.db:1221 - ❌ Pool health check failed, attempting recovery
2026-04-14 12:57:45.099 [WARNING]  doris_mcp_server.utils.db:1221 - ❌ Pool health check failed, attempting recovery
2026-04-14 12:57:46.620 [WARNING]  doris_mcp_server.utils.db:1221 - ❌ Pool health check failed, attempting recovery
2026-04-14 12:57:48.100 [WARNING]  doris_mcp_server.utils.db:1298 - Pool close timeout, forcing cleanup
2026-04-14 13:14:31.495 [WARNING]  doris_mcp_server.utils.db:1221 - ❌ Pool health check failed, attempting recovery
2026-04-14 13:14:34.498 [WARNING]  doris_mcp_server.utils.db:1298 - Pool close timeout, forcing cleanup
2026-04-14 13:14:35.558 [WARNING]  doris_mcp_server.utils.db:1221 - ❌ Pool health check failed, attempting recovery
2026-04-14 13:29:50.955 [WARNING]  doris_mcp_server.utils.db:1221 - ❌ Pool health check failed, attempting recovery
2026-04-14 13:29:52.085 [WARNING]  doris_mcp_server.utils.db:1298 - Pool close timeout, forcing cleanup
2026-04-14 13:29:54.044 [WARNING]  doris_mcp_server.utils.db:1298 - Pool close timeout, forcing cleanup
2026-04-14 13:29:59.303 [WARNING]  doris_mcp_server.utils.db:1334 - Pool warmup timeout, but recovery successful
2026-04-14 13:30:41.679 [WARNING]  doris_mcp_server.utils.db:1221 - ❌ Pool health check failed, attempting recovery
2026-04-14 13:30:44.681 [WARNING]  doris_mcp_server.utils.db:1298 - Pool close timeout, forcing cleanup
2026-04-14 15:48:38.686 [WARNING]  doris_mcp_server.utils.db:1221 - ❌ Pool health check failed, attempting recovery
2026-04-14 15:48:50.341 [WARNING]  doris_mcp_server.utils.db:1221 - ❌ Pool health check failed, attempting recovery
2026-04-14 15:48:53.343 [WARNING]  doris_mcp_server.utils.db:1298 - Pool close timeout, forcing cleanup
2026-04-15 18:19:15.305 [WARNING]  doris_mcp_server.utils.db:1221 - ❌ Pool health check failed, attempting recovery
2026-04-15 18:19:18.309 [WARNING]  doris_mcp_server.utils.db:1298 - Pool close timeout, forcing cleanup
2026-04-15 18:36:20.815 [WARNING]  doris_mcp_server.utils.db:1221 - ❌ Pool health check failed, attempting recovery
2026-04-15 18:36:23.816 [WARNING]  doris_mcp_server.utils.db:1298 - Pool close timeout, forcing cleanup
2026-04-15 18:54:50.514 [WARNING]  doris_mcp_server.utils.db:1221 - ❌ Pool health check failed, attempting recovery
2026-04-15 18:54:53.516 [WARNING]  doris_mcp_server.utils.db:1298 - Pool close timeout, forcing cleanup
2026-04-15 20:04:19.933 [WARNING]  doris_mcp_server.utils.db:1221 - ❌ Pool health check failed, attempting recovery
2026-04-15 20:21:08.682 [WARNING]  doris_mcp_server.utils.db:1298 - Pool close timeout, forcing cleanup
2026-04-15 20:37:54.116 [WARNING]  doris_mcp_server.utils.db:1221 - ❌ Pool health check failed, attempting recovery
2026-04-15 20:55:51.883 [WARNING]  doris_mcp_server.utils.db:1221 - ❌ Pool health check failed, attempting recovery
2026-04-15 21:05:06.623 [WARNING]  doris_mcp_server.utils.db:1221 - ❌ Pool health check failed, attempting recovery
2026-04-15 21:25:13.631 [WARNING]  doris_mcp_server.utils.db:1221 - ❌ Pool health check failed, attempting recovery
2026-04-15 21:45:11.396 [WARNING]  doris_mcp_server.utils.db:1221 - ❌ Pool health check failed, attempting recovery
2026-04-15 22:03:03.630 [WARNING]  doris_mcp_server.utils.db:1221 - ❌ Pool health check failed, attempting recovery
2026-04-15 22:05:35.261 [WARNING]  doris_mcp_server.utils.db:1298 - Pool close timeout, forcing cleanup
2026-04-15 22:25:34.392 [WARNING]  doris_mcp_server.utils.db:1221 - ❌ Pool health check failed, attempting recovery
2026-04-15 22:25:37.396 [WARNING]  doris_mcp_server.utils.db:1298 - Pool close timeout, forcing cleanup
2026-04-15 22:42:05.484 [WARNING]  doris_mcp_server.utils.db:1221 - ❌ Pool health check failed, attempting recovery
2026-04-15 22:57:46.156 [WARNING]  doris_mcp_server.utils.db:1298 - Pool close timeout, forcing cleanup
2026-04-16 14:19:18.006 [WARNING]  doris_mcp_server.utils.db:1221 - ❌ Pool health check failed, attempting recovery
2026-04-16 17:15:18.409 [WARNING]  doris_mcp_server.utils.db:1221 - ❌ Pool health check failed, attempting recovery
2026-04-16 17:15:21.412 [WARNING]  doris_mcp_server.utils.db:1298 - Pool close timeout, forcing cleanup
2026-04-16 17:15:28.419 [WARNING]  doris_mcp_server.utils.db:1337 - ❌ Pool recovery health check failed on attempt 2
2026-04-16 17:15:30.423 [WARNING]  doris_mcp_server.utils.db:1337 - ❌ Pool recovery health check failed on attempt 3
2026-04-16 17:20:59.365 [WARNING]  doris_mcp_server.utils.db:1221 - ❌ Pool health check failed, attempting recovery
2026-04-16 17:26:04.948 [WARNING]  doris_mcp_server.utils.db:1221 - ❌ Pool health check failed, attempting recovery
2026-04-16 17:26:07.949 [WARNING]  doris_mcp_server.utils.db:1298 - Pool close timeout, forcing cleanup
2026-04-16 18:26:08.694 [WARNING]  doris_mcp_server.utils.db:1221 - ❌ Pool health check failed, attempting recovery
2026-04-16 18:42:33.307 [WARNING]  doris_mcp_server.utils.db:1221 - ❌ Pool health check failed, attempting recovery
2026-04-16 18:58:31.431 [WARNING]  doris_mcp_server.utils.db:1221 - ❌ Pool health check failed, attempting recovery
2026-04-16 19:15:42.732 [WARNING]  doris_mcp_server.utils.db:1221 - ❌ Pool health check failed, attempting recovery
2026-04-16 19:15:45.735 [WARNING]  doris_mcp_server.utils.db:1298 - Pool close timeout, forcing cleanup
2026-04-16 19:31:50.585 [WARNING]  doris_mcp_server.utils.db:1221 - ❌ Pool health check failed, attempting recovery
2026-04-16 19:31:53.587 [WARNING]  doris_mcp_server.utils.db:1298 - Pool close timeout, forcing cleanup
2026-04-16 19:49:50.729 [WARNING]  doris_mcp_server.utils.db:1221 - ❌ Pool health check failed, attempting recovery
2026-04-16 19:49:53.730 [WARNING]  doris_mcp_server.utils.db:1298 - Pool close timeout, forcing cleanup
2026-04-16 20:09:49.297 [WARNING]  doris_mcp_server.utils.db:1221 - ❌ Pool health check failed, attempting recovery
2026-04-16 20:09:52.300 [WARNING]  doris_mcp_server.utils.db:1298 - Pool close timeout, forcing cleanup
2026-04-16 20:28:01.697 [WARNING]  doris_mcp_server.utils.db:1221 - ❌ Pool health check failed, attempting recovery
2026-04-16 20:44:01.831 [WARNING]  doris_mcp_server.utils.db:1221 - ❌ Pool health check failed, attempting recovery
2026-04-16 21:10:09.066 [WARNING]  doris_mcp_server.utils.db:1221 - ❌ Pool health check failed, attempting recovery
2026-04-16 21:42:18.669 [WARNING]  doris_mcp_server.utils.db:1221 - ❌ Pool health check failed, attempting recovery
2026-04-16 21:42:21.672 [WARNING]  doris_mcp_server.utils.db:1298 - Pool close timeout, forcing cleanup
2026-04-16 22:01:31.047 [WARNING]  doris_mcp_server.utils.db:1221 - ❌ Pool health check failed, attempting recovery
2026-04-16 22:01:34.048 [WARNING]  doris_mcp_server.utils.db:1298 - Pool close timeout, forcing cleanup
2026-04-16 22:11:35.873 [WARNING]  doris_mcp_server.utils.db:1221 - ❌ Pool health check failed, attempting recovery
2026-04-16 22:27:58.372 [WARNING]  doris_mcp_server.utils.db:1221 - ❌ Pool health check failed, attempting recovery
2026-04-16 22:44:52.151 [WARNING]  doris_mcp_server.utils.db:1221 - ❌ Pool health check failed, attempting recovery
2026-04-16 23:01:01.530 [WARNING]  doris_mcp_server.utils.db:1221 - ❌ Pool health check failed, attempting recovery
2026-04-16 23:01:04.532 [WARNING]  doris_mcp_server.utils.db:1298 - Pool close timeout, forcing cleanup
2026-04-16 23:17:14.723 [WARNING]  doris_mcp_server.utils.db:1221 - ❌ Pool health check failed, attempting recovery
2026-04-16 23:17:17.725 [WARNING]  doris_mcp_server.utils.db:1298 - Pool close timeout, forcing cleanup
2026-04-16 23:35:07.436 [WARNING]  doris_mcp_server.utils.db:1221 - ❌ Pool health check failed, attempting recovery
2026-04-16 23:51:40.557 [WARNING]  doris_mcp_server.utils.db:1221 - ❌ Pool health check failed, attempting recovery
2026-04-17 00:07:35.378 [WARNING]  doris_mcp_server.utils.db:1298 - Pool close timeout, forcing cleanup
2026-04-17 00:07:35.380 [WARNING]  doris_mcp_server.utils.db:1337 - ❌ Pool recovery health check failed on attempt 1
2026-04-17 00:25:13.646 [WARNING]  doris_mcp_server.utils.db:1221 - ❌ Pool health check failed, attempting recovery
2026-04-17 00:34:40.166 [WARNING]  doris_mcp_server.utils.db:1221 - ❌ Pool health check failed, attempting recovery
2026-04-17 00:34:43.169 [WARNING]  doris_mcp_server.utils.db:1298 - Pool close timeout, forcing cleanup
2026-04-17 00:52:47.842 [WARNING]  doris_mcp_server.utils.db:1221 - ❌ Pool health check failed, attempting recovery
2026-04-17 00:52:50.845 [WARNING]  doris_mcp_server.utils.db:1298 - Pool close timeout, forcing cleanup
2026-04-17 01:10:19.401 [WARNING]  doris_mcp_server.utils.db:1221 - ❌ Pool health check failed, attempting recovery
2026-04-17 01:26:24.604 [WARNING]  doris_mcp_server.utils.db:1221 - ❌ Pool health check failed, attempting recovery
2026-04-17 01:59:32.188 [WARNING]  doris_mcp_server.utils.db:1221 - ❌ Pool health check failed, attempting recovery
2026-04-17 01:59:35.191 [WARNING]  doris_mcp_server.utils.db:1298 - Pool close timeout, forcing cleanup
2026-04-17 02:34:03.215 [WARNING]  doris_mcp_server.utils.db:1221 - ❌ Pool health check failed, attempting recovery
2026-04-17 02:34:06.218 [WARNING]  doris_mcp_server.utils.db:1298 - Pool close timeout, forcing cleanup
2026-04-17 03:09:36.130 [WARNING]  doris_mcp_server.utils.db:1221 - ❌ Pool health check failed, attempting recovery
2026-04-17 03:09:39.133 [WARNING]  doris_mcp_server.utils.db:1298 - Pool close timeout, forcing cleanup
2026-04-17 03:26:37.321 [WARNING]  doris_mcp_server.utils.db:1221 - ❌ Pool health check failed, attempting recovery
2026-04-17 03:26:40.324 [WARNING]  doris_mcp_server.utils.db:1298 - Pool close timeout, forcing cleanup
2026-04-17 03:43:03.790 [WARNING]  doris_mcp_server.utils.db:1221 - ❌ Pool health check failed, attempting recovery
2026-04-17 03:43:06.794 [WARNING]  doris_mcp_server.utils.db:1298 - Pool close timeout, forcing cleanup
2026-04-17 03:59:30.306 [WARNING]  doris_mcp_server.utils.db:1221 - ❌ Pool health check failed, attempting recovery
2026-04-17 04:21:06.389 [WARNING]  doris_mcp_server.utils.db:1221 - ❌ Pool health check failed, attempting recovery
2026-04-17 04:21:09.392 [WARNING]  doris_mcp_server.utils.db:1298 - Pool close timeout, forcing cleanup
2026-04-17 04:38:24.026 [WARNING]  doris_mcp_server.utils.db:1221 - ❌ Pool health check failed, attempting recovery
2026-04-17 04:54:59.048 [WARNING]  doris_mcp_server.utils.db:1221 - ❌ Pool health check failed, attempting recovery
2026-04-17 05:03:24.808 [WARNING]  doris_mcp_server.utils.db:1298 - Pool close timeout, forcing cleanup
2026-04-17 05:20:12.373 [WARNING]  doris_mcp_server.utils.db:1221 - ❌ Pool health check failed, attempting recovery
2026-04-17 05:20:15.377 [WARNING]  doris_mcp_server.utils.db:1298 - Pool close timeout, forcing cleanup
2026-04-17 05:36:12.765 [WARNING]  doris_mcp_server.utils.db:1221 - ❌ Pool health check failed, attempting recovery
2026-04-17 05:36:15.767 [WARNING]  doris_mcp_server.utils.db:1298 - Pool close timeout, forcing cleanup
2026-04-17 05:52:50.070 [WARNING]  doris_mcp_server.utils.db:1221 - ❌ Pool health check failed, attempting recovery
2026-04-17 05:52:53.073 [WARNING]  doris_mcp_server.utils.db:1298 - Pool close timeout, forcing cleanup
2026-04-17 06:04:44.932 [WARNING]  doris_mcp_server.utils.db:1221 - ❌ Pool health check failed, attempting recovery
2026-04-17 06:20:54.147 [WARNING]  doris_mcp_server.utils.db:1221 - ❌ Pool health check failed, attempting recovery
2026-04-17 06:37:25.814 [WARNING]  doris_mcp_server.utils.db:1221 - ❌ Pool health check failed, attempting recovery
2026-04-17 06:54:23.503 [WARNING]  doris_mcp_server.utils.db:1221 - ❌ Pool health check failed, attempting recovery
2026-04-17 07:06:08.109 [WARNING]  doris_mcp_server.utils.db:1221 - ❌ Pool health check failed, attempting recovery
2026-04-17 07:21:32.928 [WARNING]  doris_mcp_server.utils.db:1298 - Pool close timeout, forcing cleanup
2026-04-17 07:37:58.739 [WARNING]  doris_mcp_server.utils.db:1221 - ❌ Pool health check failed, attempting recovery
2026-04-17 07:54:42.821 [WARNING]  doris_mcp_server.utils.db:1221 - ❌ Pool health check failed, attempting recovery
2026-04-17 08:06:43.376 [WARNING]  doris_mcp_server.utils.db:1221 - ❌ Pool health check failed, attempting recovery
2026-04-17 08:22:33.820 [WARNING]  doris_mcp_server.utils.db:1221 - ❌ Pool health check failed, attempting recovery
2026-04-17 08:33:28.869 [WARNING]  doris_mcp_server.utils.db:1221 - ❌ Pool health check failed, attempting recovery
2026-04-17 08:33:31.872 [WARNING]  doris_mcp_server.utils.db:1298 - Pool close timeout, forcing cleanup
2026-04-17 10:08:23.631 [WARNING]  doris_mcp_server.utils.db:1221 - ❌ Pool health check failed, attempting recovery
2026-04-20 11:20:49.708 [WARNING]  doris_mcp_server.utils.db:1221 - ❌ Pool health check failed, attempting recovery
2026-04-20 11:20:52.712 [WARNING]  doris_mcp_server.utils.db:1298 - Pool close timeout, forcing cleanup
2026-04-20 11:38:09.710 [WARNING]  doris_mcp_server.utils.db:1221 - ❌ Pool health check failed, attempting recovery
2026-04-20 11:38:12.713 [WARNING]  doris_mcp_server.utils.db:1298 - Pool close timeout, forcing cleanup
2026-04-20 11:56:43.924 [WARNING]  doris_mcp_server.utils.db:1221 - ❌ Pool health check failed, attempting recovery
2026-04-20 12:18:58.981 [WARNING]  doris_mcp_server.utils.db:1221 - ❌ Pool health check failed, attempting recovery
2026-04-20 12:19:01.985 [WARNING]  doris_mcp_server.utils.db:1298 - Pool close timeout, forcing cleanup
2026-04-20 12:35:56.626 [WARNING]  doris_mcp_server.utils.db:1221 - ❌ Pool health check failed, attempting recovery
2026-04-20 12:54:00.065 [WARNING]  doris_mcp_server.utils.db:1221 - ❌ Pool health check failed, attempting recovery
2026-04-20 12:54:03.068 [WARNING]  doris_mcp_server.utils.db:1298 - Pool close timeout, forcing cleanup
2026-04-20 13:10:29.470 [WARNING]  doris_mcp_server.utils.db:1221 - ❌ Pool health check failed, attempting recovery
2026-04-20 13:10:32.473 [WARNING]  doris_mcp_server.utils.db:1298 - Pool close timeout, forcing cleanup
2026-04-20 13:28:40.537 [WARNING]  doris_mcp_server.utils.db:1221 - ❌ Pool health check failed, attempting recovery
2026-04-20 13:30:30.432 [WARNING]  doris_mcp_server.utils.db:1221 - ❌ Pool health check failed, attempting recovery
2026-04-20 17:23:19.757 [WARNING]  doris_mcp_server.utils.db:1221 - ❌ Pool health check failed, attempting recovery
2026-04-20 17:23:22.759 [WARNING]  doris_mcp_server.utils.db:1298 - Pool close timeout, forcing cleanup
2026-04-20 18:25:23.376 [WARNING]  doris_mcp_server.utils.db:1221 - ❌ Pool health check failed, attempting recovery
2026-04-20 18:25:26.379 [WARNING]  doris_mcp_server.utils.db:1298 - Pool close timeout, forcing cleanup
2026-04-20 18:42:32.130 [WARNING]  doris_mcp_server.utils.db:1221 - ❌ Pool health check failed, attempting recovery
2026-04-20 18:42:35.132 [WARNING]  doris_mcp_server.utils.db:1298 - Pool close timeout, forcing cleanup
2026-04-20 18:59:42.123 [WARNING]  doris_mcp_server.utils.db:1221 - ❌ Pool health check failed, attempting recovery
2026-04-20 19:17:18.309 [WARNING]  doris_mcp_server.utils.db:1221 - ❌ Pool health check failed, attempting recovery
2026-04-20 19:33:00.975 [WARNING]  doris_mcp_server.utils.db:1298 - Pool close timeout, forcing cleanup
2026-04-20 19:52:59.523 [WARNING]  doris_mcp_server.utils.db:1221 - ❌ Pool health check failed, attempting recovery
2026-04-20 19:53:02.526 [WARNING]  doris_mcp_server.utils.db:1298 - Pool close timeout, forcing cleanup
2026-04-20 20:08:21.206 [WARNING]  doris_mcp_server.utils.db:1221 - ❌ Pool health check failed, attempting recovery
2026-04-20 20:41:40.532 [WARNING]  doris_mcp_server.utils.db:1221 - ❌ Pool health check failed, attempting recovery
2026-04-20 20:41:43.539 [WARNING]  doris_mcp_server.utils.db:1298 - Pool close timeout, forcing cleanup
2026-04-20 21:04:09.148 [WARNING]  doris_mcp_server.utils.db:1221 - ❌ Pool health check failed, attempting recovery
2026-04-20 21:09:05.538 [WARNING]  doris_mcp_server.utils.db:1221 - ❌ Pool health check failed, attempting recovery
2026-04-20 21:26:25.993 [WARNING]  doris_mcp_server.utils.db:1221 - ❌ Pool health check failed, attempting recovery
2026-04-20 21:26:28.996 [WARNING]  doris_mcp_server.utils.db:1298 - Pool close timeout, forcing cleanup
2026-04-20 21:43:56.882 [WARNING]  doris_mcp_server.utils.db:1221 - ❌ Pool health check failed, attempting recovery
2026-04-20 21:43:59.885 [WARNING]  doris_mcp_server.utils.db:1298 - Pool close timeout, forcing cleanup
2026-04-20 22:01:54.242 [WARNING]  doris_mcp_server.utils.db:1221 - ❌ Pool health check failed, attempting recovery
2026-04-20 22:10:00.780 [WARNING]  doris_mcp_server.utils.db:1221 - ❌ Pool health check failed, attempting recovery
2026-04-20 22:25:52.286 [WARNING]  doris_mcp_server.utils.db:1221 - ❌ Pool health check failed, attempting recovery
2026-04-20 22:43:17.742 [WARNING]  doris_mcp_server.utils.db:1221 - ❌ Pool health check failed, attempting recovery
2026-04-20 23:10:37.187 [WARNING]  doris_mcp_server.utils.db:1221 - ❌ Pool health check failed, attempting recovery
2026-04-20 23:10:40.190 [WARNING]  doris_mcp_server.utils.db:1298 - Pool close timeout, forcing cleanup
2026-04-20 23:28:06.555 [WARNING]  doris_mcp_server.utils.db:1221 - ❌ Pool health check failed, attempting recovery
2026-04-20 23:45:16.854 [WARNING]  doris_mcp_server.utils.db:1221 - ❌ Pool health check failed, attempting recovery
2026-04-21 00:01:13.706 [WARNING]  doris_mcp_server.utils.db:1221 - ❌ Pool health check failed, attempting recovery
2026-04-21 00:12:02.015 [WARNING]  doris_mcp_server.utils.db:1221 - ❌ Pool health check failed, attempting recovery
2026-04-21 00:12:05.017 [WARNING]  doris_mcp_server.utils.db:1298 - Pool close timeout, forcing cleanup
2026-04-21 00:28:42.440 [WARNING]  doris_mcp_server.utils.db:1221 - ❌ Pool health check failed, attempting recovery
2026-04-21 00:28:45.443 [WARNING]  doris_mcp_server.utils.db:1298 - Pool close timeout, forcing cleanup
2026-04-21 00:44:47.436 [WARNING]  doris_mcp_server.utils.db:1221 - ❌ Pool health check failed, attempting recovery
2026-04-21 01:00:45.527 [WARNING]  doris_mcp_server.utils.db:1221 - ❌ Pool health check failed, attempting recovery
2026-04-21 01:16:40.813 [WARNING]  doris_mcp_server.utils.db:1221 - ❌ Pool health check failed, attempting recovery
2026-04-21 01:34:09.376 [WARNING]  doris_mcp_server.utils.db:1221 - ❌ Pool health check failed, attempting recovery
2026-04-21 01:34:12.379 [WARNING]  doris_mcp_server.utils.db:1298 - Pool close timeout, forcing cleanup
2026-04-21 01:51:16.368 [WARNING]  doris_mcp_server.utils.db:1221 - ❌ Pool health check failed, attempting recovery
2026-04-21 01:51:19.371 [WARNING]  doris_mcp_server.utils.db:1298 - Pool close timeout, forcing cleanup
2026-04-21 02:25:29.616 [WARNING]  doris_mcp_server.utils.db:1221 - ❌ Pool health check failed, attempting recovery
2026-04-21 02:25:32.617 [WARNING]  doris_mcp_server.utils.db:1298 - Pool close timeout, forcing cleanup
2026-04-21 02:43:26.220 [WARNING]  doris_mcp_server.utils.db:1221 - ❌ Pool health check failed, attempting recovery
2026-04-21 02:59:24.656 [WARNING]  doris_mcp_server.utils.db:1221 - ❌ Pool health check failed, attempting recovery
2026-04-21 02:59:27.658 [WARNING]  doris_mcp_server.utils.db:1298 - Pool close timeout, forcing cleanup
2026-04-21 03:17:44.834 [WARNING]  doris_mcp_server.utils.db:1221 - ❌ Pool health check failed, attempting recovery
2026-04-21 03:17:47.837 [WARNING]  doris_mcp_server.utils.db:1298 - Pool close timeout, forcing cleanup
2026-04-21 03:34:11.304 [WARNING]  doris_mcp_server.utils.db:1221 - ❌ Pool health check failed, attempting recovery
2026-04-21 03:34:14.307 [WARNING]  doris_mcp_server.utils.db:1298 - Pool close timeout, forcing cleanup
2026-04-21 03:50:58.152 [WARNING]  doris_mcp_server.utils.db:1221 - ❌ Pool health check failed, attempting recovery
2026-04-21 04:03:47.441 [WARNING]  doris_mcp_server.utils.db:1221 - ❌ Pool health check failed, attempting recovery
2026-04-21 04:20:52.550 [WARNING]  doris_mcp_server.utils.db:1221 - ❌ Pool health check failed, attempting recovery
2026-04-21 04:20:55.553 [WARNING]  doris_mcp_server.utils.db:1298 - Pool close timeout, forcing cleanup
2026-04-21 04:37:17.393 [WARNING]  doris_mcp_server.utils.db:1221 - ❌ Pool health check failed, attempting recovery
2026-04-21 04:37:20.396 [WARNING]  doris_mcp_server.utils.db:1298 - Pool close timeout, forcing cleanup
2026-04-21 04:53:41.013 [WARNING]  doris_mcp_server.utils.db:1221 - ❌ Pool health check failed, attempting recovery
2026-04-21 04:53:44.016 [WARNING]  doris_mcp_server.utils.db:1298 - Pool close timeout, forcing cleanup
2026-04-21 05:10:56.136 [WARNING]  doris_mcp_server.utils.db:1221 - ❌ Pool health check failed, attempting recovery
2026-04-21 05:28:16.369 [WARNING]  doris_mcp_server.utils.db:1221 - ❌ Pool health check failed, attempting recovery
2026-04-21 05:44:58.994 [WARNING]  doris_mcp_server.utils.db:1221 - ❌ Pool health check failed, attempting recovery
2026-04-21 05:45:01.996 [WARNING]  doris_mcp_server.utils.db:1298 - Pool close timeout, forcing cleanup
2026-04-21 06:22:22.910 [WARNING]  doris_mcp_server.utils.db:1221 - ❌ Pool health check failed, attempting recovery
2026-04-21 06:38:52.534 [WARNING]  doris_mcp_server.utils.db:1298 - Pool close timeout, forcing cleanup
2026-04-21 06:57:05.195 [WARNING]  doris_mcp_server.utils.db:1221 - ❌ Pool health check failed, attempting recovery
2026-04-21 07:05:13.860 [WARNING]  doris_mcp_server.utils.db:1298 - Pool close timeout, forcing cleanup
2026-04-21 07:21:49.428 [WARNING]  doris_mcp_server.utils.db:1221 - ❌ Pool health check failed, attempting recovery
2026-04-21 07:37:40.002 [WARNING]  doris_mcp_server.utils.db:1221 - ❌ Pool health check failed, attempting recovery
2026-04-21 07:54:23.780 [WARNING]  doris_mcp_server.utils.db:1221 - ❌ Pool health check failed, attempting recovery
2026-04-21 08:06:36.739 [WARNING]  doris_mcp_server.utils.db:1221 - ❌ Pool health check failed, attempting recovery
2026-04-21 08:06:39.743 [WARNING]  doris_mcp_server.utils.db:1298 - Pool close timeout, forcing cleanup
2026-04-21 08:23:12.231 [WARNING]  doris_mcp_server.utils.db:1221 - ❌ Pool health check failed, attempting recovery
2026-04-21 08:23:15.232 [WARNING]  doris_mcp_server.utils.db:1298 - Pool close timeout, forcing cleanup
2026-04-21 08:36:41.168 [WARNING]  doris_mcp_server.utils.db:1221 - ❌ Pool health check failed, attempting recovery
2026-04-21 09:13:55.573 [WARNING]  doris_mcp_server.utils.db:1221 - ❌ Pool health check failed, attempting recovery
2026-04-21 09:13:58.576 [WARNING]  doris_mcp_server.utils.db:1298 - Pool close timeout, forcing cleanup
2026-04-21 10:02:29.191 [WARNING]  doris_mcp_server.utils.db:1221 - ❌ Pool health check failed, attempting recovery
2026-04-21 10:02:32.194 [WARNING]  doris_mcp_server.utils.db:1298 - Pool close timeout, forcing cleanup
2026-04-21 10:27:32.052 [WARNING]  doris_mcp_server.utils.db:1221 - ❌ Pool health check failed, attempting recovery
2026-04-21 14:27:45.005 [WARNING]  doris_mcp_server.utils.db:1221 - ❌ Pool health check failed, attempting recovery
2026-04-21 17:36:14.314 [WARNING]  doris_mcp_server.utils.db:1221 - ❌ Pool health check failed, attempting recovery
2026-04-21 17:36:17.318 [WARNING]  doris_mcp_server.utils.db:1298 - Pool close timeout, forcing cleanup
2026-04-21 18:23:12.384 [WARNING]  doris_mcp_server.utils.db:1221 - ❌ Pool health check failed, attempting recovery
2026-04-21 18:23:15.388 [WARNING]  doris_mcp_server.utils.db:1298 - Pool close timeout, forcing cleanup
2026-04-21 18:41:47.340 [WARNING]  doris_mcp_server.utils.db:1221 - ❌ Pool health check failed, attempting recovery
2026-04-21 18:41:50.343 [WARNING]  doris_mcp_server.utils.db:1298 - Pool close timeout, forcing cleanup
2026-04-21 18:57:54.720 [WARNING]  doris_mcp_server.utils.db:1221 - ❌ Pool health check failed, attempting recovery
2026-04-21 18:57:57.722 [WARNING]  doris_mcp_server.utils.db:1298 - Pool close timeout, forcing cleanup
2026-04-21 19:15:55.478 [WARNING]  doris_mcp_server.utils.db:1221 - ❌ Pool health check failed, attempting recovery
2026-04-21 19:31:50.437 [WARNING]  doris_mcp_server.utils.db:1221 - ❌ Pool health check failed, attempting recovery
2026-04-21 19:50:05.312 [WARNING]  doris_mcp_server.utils.db:1221 - ❌ Pool health check failed, attempting recovery
2026-04-21 20:05:45.503 [WARNING]  doris_mcp_server.utils.db:1221 - ❌ Pool health check failed, attempting recovery
2026-04-21 20:05:48.507 [WARNING]  doris_mcp_server.utils.db:1298 - Pool close timeout, forcing cleanup
2026-04-21 20:25:37.456 [WARNING]  doris_mcp_server.utils.db:1221 - ❌ Pool health check failed, attempting recovery
2026-04-21 20:25:40.460 [WARNING]  doris_mcp_server.utils.db:1298 - Pool close timeout, forcing cleanup
2026-04-21 20:41:34.976 [WARNING]  doris_mcp_server.utils.db:1221 - ❌ Pool health check failed, attempting recovery
2026-04-21 20:58:28.185 [WARNING]  doris_mcp_server.utils.db:1221 - ❌ Pool health check failed, attempting recovery
2026-04-21 21:07:00.022 [WARNING]  doris_mcp_server.utils.db:1221 - ❌ Pool health check failed, attempting recovery
2026-04-21 21:23:47.430 [WARNING]  doris_mcp_server.utils.db:1221 - ❌ Pool health check failed, attempting recovery
2026-04-21 21:23:50.433 [WARNING]  doris_mcp_server.utils.db:1298 - Pool close timeout, forcing cleanup
2026-04-21 21:40:36.986 [WARNING]  doris_mcp_server.utils.db:1221 - ❌ Pool health check failed, attempting recovery
2026-04-21 21:40:39.989 [WARNING]  doris_mcp_server.utils.db:1298 - Pool close timeout, forcing cleanup
2026-04-21 21:57:23.251 [WARNING]  doris_mcp_server.utils.db:1221 - ❌ Pool health check failed, attempting recovery
2026-04-21 22:08:00.979 [WARNING]  doris_mcp_server.utils.db:1221 - ❌ Pool health check failed, attempting recovery
2026-04-21 22:25:34.749 [WARNING]  doris_mcp_server.utils.db:1221 - ❌ Pool health check failed, attempting recovery
2026-04-21 22:43:24.504 [WARNING]  doris_mcp_server.utils.db:1221 - ❌ Pool health check failed, attempting recovery
2026-04-21 22:59:20.438 [WARNING]  doris_mcp_server.utils.db:1221 - ❌ Pool health check failed, attempting recovery
2026-04-21 22:59:23.439 [WARNING]  doris_mcp_server.utils.db:1298 - Pool close timeout, forcing cleanup
2026-04-21 23:15:52.524 [WARNING]  doris_mcp_server.utils.db:1221 - ❌ Pool health check failed, attempting recovery
2026-04-21 23:15:55.527 [WARNING]  doris_mcp_server.utils.db:1298 - Pool close timeout, forcing cleanup
2026-04-21 23:31:58.034 [WARNING]  doris_mcp_server.utils.db:1221 - ❌ Pool health check failed, attempting recovery
2026-04-21 23:48:04.735 [WARNING]  doris_mcp_server.utils.db:1221 - ❌ Pool health check failed, attempting recovery
2026-04-22 00:04:24.034 [WARNING]  doris_mcp_server.utils.db:1221 - ❌ Pool health check failed, attempting recovery
2026-04-22 00:20:51.651 [WARNING]  doris_mcp_server.utils.db:1221 - ❌ Pool health check failed, attempting recovery
2026-04-22 00:20:54.654 [WARNING]  doris_mcp_server.utils.db:1298 - Pool close timeout, forcing cleanup
2026-04-22 00:36:48.085 [WARNING]  doris_mcp_server.utils.db:1221 - ❌ Pool health check failed, attempting recovery
2026-04-22 00:36:51.085 [WARNING]  doris_mcp_server.utils.db:1298 - Pool close timeout, forcing cleanup
2026-04-22 00:53:42.922 [WARNING]  doris_mcp_server.utils.db:1221 - ❌ Pool health check failed, attempting recovery
2026-04-22 01:11:20.155 [WARNING]  doris_mcp_server.utils.db:1221 - ❌ Pool health check failed, attempting recovery
2026-04-22 01:27:52.583 [WARNING]  doris_mcp_server.utils.db:1221 - ❌ Pool health check failed, attempting recovery
2026-04-22 01:40:39.972 [WARNING]  doris_mcp_server.utils.db:1221 - ❌ Pool health check failed, attempting recovery
2026-04-22 01:40:42.974 [WARNING]  doris_mcp_server.utils.db:1298 - Pool close timeout, forcing cleanup
2026-04-22 01:57:01.819 [WARNING]  doris_mcp_server.utils.db:1221 - ❌ Pool health check failed, attempting recovery
2026-04-22 01:57:04.821 [WARNING]  doris_mcp_server.utils.db:1298 - Pool close timeout, forcing cleanup
2026-04-22 02:13:18.251 [WARNING]  doris_mcp_server.utils.db:1221 - ❌ Pool health check failed, attempting recovery
2026-04-22 02:30:45.742 [WARNING]  doris_mcp_server.utils.db:1221 - ❌ Pool health check failed, attempting recovery
2026-04-22 02:47:23.867 [WARNING]  doris_mcp_server.utils.db:1221 - ❌ Pool health check failed, attempting recovery
2026-04-22 03:03:44.194 [WARNING]  doris_mcp_server.utils.db:1221 - ❌ Pool health check failed, attempting recovery
2026-04-22 03:03:47.197 [WARNING]  doris_mcp_server.utils.db:1298 - Pool close timeout, forcing cleanup
2026-04-22 03:21:33.317 [WARNING]  doris_mcp_server.utils.db:1221 - ❌ Pool health check failed, attempting recovery
2026-04-22 03:21:36.320 [WARNING]  doris_mcp_server.utils.db:1298 - Pool close timeout, forcing cleanup
2026-04-22 03:39:07.821 [WARNING]  doris_mcp_server.utils.db:1221 - ❌ Pool health check failed, attempting recovery
2026-04-22 03:56:15.592 [WARNING]  doris_mcp_server.utils.db:1221 - ❌ Pool health check failed, attempting recovery
2026-04-22 03:57:35.318 [WARNING]  doris_mcp_server.utils.db:1298 - Pool close timeout, forcing cleanup
2026-04-22 04:14:10.814 [WARNING]  doris_mcp_server.utils.db:1221 - ❌ Pool health check failed, attempting recovery
2026-04-22 04:14:13.817 [WARNING]  doris_mcp_server.utils.db:1298 - Pool close timeout, forcing cleanup
2026-04-22 04:32:56.845 [WARNING]  doris_mcp_server.utils.db:1221 - ❌ Pool health check failed, attempting recovery
2026-04-22 04:32:59.848 [WARNING]  doris_mcp_server.utils.db:1298 - Pool close timeout, forcing cleanup
2026-04-22 04:50:32.156 [WARNING]  doris_mcp_server.utils.db:1221 - ❌ Pool health check failed, attempting recovery
2026-04-22 04:50:35.159 [WARNING]  doris_mcp_server.utils.db:1298 - Pool close timeout, forcing cleanup
2026-04-22 05:15:55.016 [WARNING]  doris_mcp_server.utils.db:1221 - ❌ Pool health check failed, attempting recovery
2026-04-22 05:48:43.717 [WARNING]  doris_mcp_server.utils.db:1221 - ❌ Pool health check failed, attempting recovery
2026-04-22 05:48:46.719 [WARNING]  doris_mcp_server.utils.db:1298 - Pool close timeout, forcing cleanup
2026-04-22 06:00:12.095 [WARNING]  doris_mcp_server.utils.db:1221 - ❌ Pool health check failed, attempting recovery
2026-04-22 06:17:07.446 [WARNING]  doris_mcp_server.utils.db:1221 - ❌ Pool health check failed, attempting recovery
2026-04-22 06:33:36.510 [WARNING]  doris_mcp_server.utils.db:1221 - ❌ Pool health check failed, attempting recovery
2026-04-22 06:33:39.513 [WARNING]  doris_mcp_server.utils.db:1298 - Pool close timeout, forcing cleanup
2026-04-22 06:50:52.076 [WARNING]  doris_mcp_server.utils.db:1221 - ❌ Pool health check failed, attempting recovery
2026-04-22 06:50:55.077 [WARNING]  doris_mcp_server.utils.db:1298 - Pool close timeout, forcing cleanup
2026-04-22 07:01:09.383 [WARNING]  doris_mcp_server.utils.db:1221 - ❌ Pool health check failed, attempting recovery
2026-04-22 07:01:12.385 [WARNING]  doris_mcp_server.utils.db:1298 - Pool close timeout, forcing cleanup
2026-04-22 07:18:21.802 [WARNING]  doris_mcp_server.utils.db:1221 - ❌ Pool health check failed, attempting recovery
2026-04-22 07:34:49.239 [WARNING]  doris_mcp_server.utils.db:1221 - ❌ Pool health check failed, attempting recovery
2026-04-22 07:51:57.089 [WARNING]  doris_mcp_server.utils.db:1221 - ❌ Pool health check failed, attempting recovery
2026-04-22 08:02:03.679 [WARNING]  doris_mcp_server.utils.db:1221 - ❌ Pool health check failed, attempting recovery
2026-04-22 08:02:06.682 [WARNING]  doris_mcp_server.utils.db:1298 - Pool close timeout, forcing cleanup
2026-04-22 08:19:13.055 [WARNING]  doris_mcp_server.utils.db:1221 - ❌ Pool health check failed, attempting recovery
2026-04-22 08:19:16.056 [WARNING]  doris_mcp_server.utils.db:1298 - Pool close timeout, forcing cleanup
2026-04-22 08:35:09.378 [WARNING]  doris_mcp_server.utils.db:1221 - ❌ Pool health check failed, attempting recovery
2026-04-22 08:41:45.643 [WARNING]  doris_mcp_server.utils.db:1221 - ❌ Pool health check failed, attempting recovery
2026-04-22 09:26:36.652 [WARNING]  doris_mcp_server.utils.db:1221 - ❌ Pool health check failed, attempting recovery
2026-04-22 12:17:53.486 [WARNING]  doris_mcp_server.utils.db:1221 - ❌ Pool health check failed, attempting recovery
2026-04-22 12:17:56.488 [WARNING]  doris_mcp_server.utils.db:1298 - Pool close timeout, forcing cleanup
2026-04-22 12:34:15.489 [WARNING]  doris_mcp_server.utils.db:1221 - ❌ Pool health check failed, attempting recovery
2026-04-22 12:34:18.493 [WARNING]  doris_mcp_server.utils.db:1298 - Pool close timeout, forcing cleanup
2026-04-22 14:04:18.724 [WARNING]  doris_mcp_server.utils.db:1221 - ❌ Pool health check failed, attempting recovery
2026-04-22 14:57:10.837 [WARNING]  doris_mcp_server.utils.db:1221 - ❌ Pool health check failed, attempting recovery
2026-04-22 14:57:13.840 [WARNING]  doris_mcp_server.utils.db:1298 - Pool close timeout, forcing cleanup
2026-04-22 18:22:05.426 [WARNING]  doris_mcp_server.utils.db:1221 - ❌ Pool health check failed, attempting recovery
2026-04-22 18:22:08.431 [WARNING]  doris_mcp_server.utils.db:1298 - Pool close timeout, forcing cleanup
2026-04-22 18:38:29.560 [WARNING]  doris_mcp_server.utils.db:1221 - ❌ Pool health check failed, attempting recovery
2026-04-22 18:38:32.564 [WARNING]  doris_mcp_server.utils.db:1298 - Pool close timeout, forcing cleanup
2026-04-22 18:57:57.406 [WARNING]  doris_mcp_server.utils.db:1221 - ❌ Pool health check failed, attempting recovery
2026-04-22 18:58:00.410 [WARNING]  doris_mcp_server.utils.db:1298 - Pool close timeout, forcing cleanup
2026-04-22 19:14:27.811 [WARNING]  doris_mcp_server.utils.db:1221 - ❌ Pool health check failed, attempting recovery
2026-04-22 19:14:30.814 [WARNING]  doris_mcp_server.utils.db:1298 - Pool close timeout, forcing cleanup
2026-04-22 19:36:43.489 [WARNING]  doris_mcp_server.utils.db:1221 - ❌ Pool health check failed, attempting recovery
2026-04-22 19:36:46.493 [WARNING]  doris_mcp_server.utils.db:1298 - Pool close timeout, forcing cleanup
2026-04-22 19:53:55.191 [WARNING]  doris_mcp_server.utils.db:1221 - ❌ Pool health check failed, attempting recovery
2026-04-22 20:05:26.710 [WARNING]  doris_mcp_server.utils.db:1221 - ❌ Pool health check failed, attempting recovery
2026-04-22 20:21:16.872 [WARNING]  doris_mcp_server.utils.db:1221 - ❌ Pool health check failed, attempting recovery
2026-04-22 20:21:19.875 [WARNING]  doris_mcp_server.utils.db:1298 - Pool close timeout, forcing cleanup
2026-04-22 20:38:00.381 [WARNING]  doris_mcp_server.utils.db:1221 - ❌ Pool health check failed, attempting recovery
2026-04-22 20:38:03.383 [WARNING]  doris_mcp_server.utils.db:1298 - Pool close timeout, forcing cleanup
2026-04-22 20:54:46.748 [WARNING]  doris_mcp_server.utils.db:1221 - ❌ Pool health check failed, attempting recovery
2026-04-22 21:06:19.948 [WARNING]  doris_mcp_server.utils.db:1221 - ❌ Pool health check failed, attempting recovery
2026-04-22 21:22:35.036 [WARNING]  doris_mcp_server.utils.db:1221 - ❌ Pool health check failed, attempting recovery
2026-04-22 21:39:46.848 [WARNING]  doris_mcp_server.utils.db:1221 - ❌ Pool health check failed, attempting recovery
2026-04-22 21:39:49.850 [WARNING]  doris_mcp_server.utils.db:1298 - Pool close timeout, forcing cleanup
2026-04-22 21:56:14.450 [WARNING]  doris_mcp_server.utils.db:1221 - ❌ Pool health check failed, attempting recovery
2026-04-22 21:56:17.453 [WARNING]  doris_mcp_server.utils.db:1298 - Pool close timeout, forcing cleanup
2026-04-22 22:07:21.086 [WARNING]  doris_mcp_server.utils.db:1221 - ❌ Pool health check failed, attempting recovery
2026-04-22 22:07:24.089 [WARNING]  doris_mcp_server.utils.db:1298 - Pool close timeout, forcing cleanup
2026-04-22 22:25:40.405 [WARNING]  doris_mcp_server.utils.db:1221 - ❌ Pool health check failed, attempting recovery
2026-04-22 22:43:28.942 [WARNING]  doris_mcp_server.utils.db:1221 - ❌ Pool health check failed, attempting recovery
2026-04-22 22:59:55.918 [WARNING]  doris_mcp_server.utils.db:1221 - ❌ Pool health check failed, attempting recovery
2026-04-22 22:59:58.920 [WARNING]  doris_mcp_server.utils.db:1298 - Pool close timeout, forcing cleanup
2026-04-22 23:16:58.995 [WARNING]  doris_mcp_server.utils.db:1221 - ❌ Pool health check failed, attempting recovery
2026-04-22 23:17:01.997 [WARNING]  doris_mcp_server.utils.db:1298 - Pool close timeout, forcing cleanup
2026-04-22 23:33:45.762 [WARNING]  doris_mcp_server.utils.db:1221 - ❌ Pool health check failed, attempting recovery
2026-04-22 23:50:36.152 [WARNING]  doris_mcp_server.utils.db:1221 - ❌ Pool health check failed, attempting recovery
2026-04-23 00:08:26.643 [WARNING]  doris_mcp_server.utils.db:1221 - ❌ Pool health check failed, attempting recovery
2026-04-23 00:24:48.133 [WARNING]  doris_mcp_server.utils.db:1221 - ❌ Pool health check failed, attempting recovery
2026-04-23 00:41:13.426 [WARNING]  doris_mcp_server.utils.db:1221 - ❌ Pool health check failed, attempting recovery
2026-04-23 00:41:16.429 [WARNING]  doris_mcp_server.utils.db:1298 - Pool close timeout, forcing cleanup
2026-04-23 00:58:24.780 [WARNING]  doris_mcp_server.utils.db:1221 - ❌ Pool health check failed, attempting recovery
2026-04-23 01:14:19.373 [WARNING]  doris_mcp_server.utils.db:1221 - ❌ Pool health check failed, attempting recovery
2026-04-23 01:32:19.353 [WARNING]  doris_mcp_server.utils.db:1221 - ❌ Pool health check failed, attempting recovery
2026-04-23 01:38:51.167 [WARNING]  doris_mcp_server.utils.db:1221 - ❌ Pool health check failed, attempting recovery
2026-04-23 01:55:03.854 [WARNING]  doris_mcp_server.utils.db:1221 - ❌ Pool health check failed, attempting recovery
2026-04-23 01:55:06.857 [WARNING]  doris_mcp_server.utils.db:1298 - Pool close timeout, forcing cleanup
2026-04-23 02:15:17.145 [WARNING]  doris_mcp_server.utils.db:1221 - ❌ Pool health check failed, attempting recovery
2026-04-23 02:15:20.148 [WARNING]  doris_mcp_server.utils.db:1298 - Pool close timeout, forcing cleanup
2026-04-23 02:31:52.273 [WARNING]  doris_mcp_server.utils.db:1221 - ❌ Pool health check failed, attempting recovery
2026-04-23 02:47:49.917 [WARNING]  doris_mcp_server.utils.db:1221 - ❌ Pool health check failed, attempting recovery
2026-04-23 03:04:47.134 [WARNING]  doris_mcp_server.utils.db:1221 - ❌ Pool health check failed, attempting recovery
2026-04-23 03:04:50.137 [WARNING]  doris_mcp_server.utils.db:1298 - Pool close timeout, forcing cleanup
2026-04-23 03:22:48.822 [WARNING]  doris_mcp_server.utils.db:1221 - ❌ Pool health check failed, attempting recovery
2026-04-23 03:22:51.825 [WARNING]  doris_mcp_server.utils.db:1298 - Pool close timeout, forcing cleanup
2026-04-23 03:39:52.454 [WARNING]  doris_mcp_server.utils.db:1221 - ❌ Pool health check failed, attempting recovery
2026-04-23 03:39:55.458 [WARNING]  doris_mcp_server.utils.db:1298 - Pool close timeout, forcing cleanup
2026-04-23 03:56:59.959 [WARNING]  doris_mcp_server.utils.db:1221 - ❌ Pool health check failed, attempting recovery
2026-04-23 04:16:04.751 [WARNING]  doris_mcp_server.utils.db:1221 - ❌ Pool health check failed, attempting recovery
2026-04-23 04:16:07.754 [WARNING]  doris_mcp_server.utils.db:1298 - Pool close timeout, forcing cleanup
2026-04-23 04:33:21.319 [WARNING]  doris_mcp_server.utils.db:1221 - ❌ Pool health check failed, attempting recovery
2026-04-23 04:48:57.952 [WARNING]  doris_mcp_server.utils.db:1298 - Pool close timeout, forcing cleanup
2026-04-23 05:00:39.504 [WARNING]  doris_mcp_server.utils.db:1221 - ❌ Pool health check failed, attempting recovery
2026-04-23 05:17:40.108 [WARNING]  doris_mcp_server.utils.db:1221 - ❌ Pool health check failed, attempting recovery
2026-04-23 05:17:43.112 [WARNING]  doris_mcp_server.utils.db:1298 - Pool close timeout, forcing cleanup
2026-04-23 05:33:44.537 [WARNING]  doris_mcp_server.utils.db:1221 - ❌ Pool health check failed, attempting recovery
2026-04-23 05:33:47.541 [WARNING]  doris_mcp_server.utils.db:1298 - Pool close timeout, forcing cleanup
2026-04-23 05:50:59.591 [WARNING]  doris_mcp_server.utils.db:1221 - ❌ Pool health check failed, attempting recovery
2026-04-23 05:51:02.594 [WARNING]  doris_mcp_server.utils.db:1298 - Pool close timeout, forcing cleanup
2026-04-23 06:01:44.543 [WARNING]  doris_mcp_server.utils.db:1221 - ❌ Pool health check failed, attempting recovery
2026-04-23 06:01:47.545 [WARNING]  doris_mcp_server.utils.db:1298 - Pool close timeout, forcing cleanup
2026-04-23 06:18:30.899 [WARNING]  doris_mcp_server.utils.db:1221 - ❌ Pool health check failed, attempting recovery
2026-04-23 06:34:30.621 [WARNING]  doris_mcp_server.utils.db:1298 - Pool close timeout, forcing cleanup
2026-04-23 07:02:05.697 [WARNING]  doris_mcp_server.utils.db:1221 - ❌ Pool health check failed, attempting recovery
2026-04-23 07:35:45.087 [WARNING]  doris_mcp_server.utils.db:1221 - ❌ Pool health check failed, attempting recovery
2026-04-23 07:35:48.090 [WARNING]  doris_mcp_server.utils.db:1298 - Pool close timeout, forcing cleanup
2026-04-23 07:52:53.868 [WARNING]  doris_mcp_server.utils.db:1221 - ❌ Pool health check failed, attempting recovery
2026-04-23 08:03:32.368 [WARNING]  doris_mcp_server.utils.db:1221 - ❌ Pool health check failed, attempting recovery
2026-04-23 08:20:45.848 [WARNING]  doris_mcp_server.utils.db:1221 - ❌ Pool health check failed, attempting recovery
2026-04-23 08:33:45.030 [WARNING]  doris_mcp_server.utils.db:1221 - ❌ Pool health check failed, attempting recovery
2026-04-23 08:33:48.031 [WARNING]  doris_mcp_server.utils.db:1298 - Pool close timeout, forcing cleanup
2026-04-23 11:09:11.309 [WARNING]  doris_mcp_server.utils.db:1221 - ❌ Pool health check failed, attempting recovery
2026-04-23 11:09:14.312 [WARNING]  doris_mcp_server.utils.db:1298 - Pool close timeout, forcing cleanup
2026-04-23 17:26:39.977 [WARNING]  doris_mcp_server.utils.db:1221 - ❌ Pool health check failed, attempting recovery
2026-04-23 17:26:42.980 [WARNING]  doris_mcp_server.utils.db:1298 - Pool close timeout, forcing cleanup
2026-04-23 21:48:23.054 [WARNING]  doris_mcp_server.utils.db:1221 - ❌ Pool health check failed, attempting recovery
2026-04-23 21:48:23.057 [WARNING]  doris_mcp_server.utils.db:1337 - ❌ Pool recovery health check failed on attempt 1
2026-04-23 21:48:25.061 [WARNING]  doris_mcp_server.utils.db:1337 - ❌ Pool recovery health check failed on attempt 2
2026-04-29 16:42:05.217 [WARNING]  doris_mcp_server.utils.db:1221 - ❌ Pool health check failed, attempting recovery
2026-04-29 16:42:08.228 [WARNING]  doris_mcp_server.utils.db:1298 - Pool close timeout, forcing cleanup
2026-04-29 16:56:55.711 [WARNING]  doris_mcp_server.utils.db:1221 - ❌ Pool health check failed, attempting recovery
2026-04-29 16:56:58.713 [WARNING]  doris_mcp_server.utils.db:1298 - Pool close timeout, forcing cleanup
2026-04-29 17:02:11.725 [WARNING]  doris_mcp_server.utils.db:1221 - ❌ Pool health check failed, attempting recovery
2026-04-29 17:02:14.727 [WARNING]  doris_mcp_server.utils.db:1298 - Pool close timeout, forcing cleanup
2026-04-29 18:21:24.604 [WARNING]  doris_mcp_server.utils.db:1221 - ❌ Pool health check failed, attempting recovery
2026-04-29 18:21:27.608 [WARNING]  doris_mcp_server.utils.db:1298 - Pool close timeout, forcing cleanup
2026-04-29 18:37:51.666 [WARNING]  doris_mcp_server.utils.db:1221 - ❌ Pool health check failed, attempting recovery
2026-04-29 18:37:54.669 [WARNING]  doris_mcp_server.utils.db:1298 - Pool close timeout, forcing cleanup
2026-04-29 18:56:24.413 [WARNING]  doris_mcp_server.utils.db:1221 - ❌ Pool health check failed, attempting recovery
2026-04-29 19:16:58.970 [WARNING]  doris_mcp_server.utils.db:1221 - ❌ Pool health check failed, attempting recovery
2026-04-29 19:33:39.618 [WARNING]  doris_mcp_server.utils.db:1221 - ❌ Pool health check failed, attempting recovery
2026-04-29 19:33:42.621 [WARNING]  doris_mcp_server.utils.db:1298 - Pool close timeout, forcing cleanup
2026-04-29 19:50:52.489 [WARNING]  doris_mcp_server.utils.db:1221 - ❌ Pool health check failed, attempting recovery
2026-04-29 19:50:55.492 [WARNING]  doris_mcp_server.utils.db:1298 - Pool close timeout, forcing cleanup
2026-04-29 20:04:15.393 [WARNING]  doris_mcp_server.utils.db:1334 - Pool warmup timeout, but recovery successful
2026-04-29 20:20:35.774 [WARNING]  doris_mcp_server.utils.db:1221 - ❌ Pool health check failed, attempting recovery
2026-04-29 20:20:38.777 [WARNING]  doris_mcp_server.utils.db:1298 - Pool close timeout, forcing cleanup
2026-04-29 20:39:05.347 [WARNING]  doris_mcp_server.utils.db:1221 - ❌ Pool health check failed, attempting recovery
2026-04-29 20:55:54.822 [WARNING]  doris_mcp_server.utils.db:1221 - ❌ Pool health check failed, attempting recovery
2026-04-29 21:05:44.343 [WARNING]  doris_mcp_server.utils.db:1221 - ❌ Pool health check failed, attempting recovery
2026-04-29 21:22:26.258 [WARNING]  doris_mcp_server.utils.db:1221 - ❌ Pool health check failed, attempting recovery
2026-04-29 21:22:29.260 [WARNING]  doris_mcp_server.utils.db:1298 - Pool close timeout, forcing cleanup
2026-04-29 21:38:26.690 [WARNING]  doris_mcp_server.utils.db:1221 - ❌ Pool health check failed, attempting recovery
2026-04-29 21:38:29.693 [WARNING]  doris_mcp_server.utils.db:1298 - Pool close timeout, forcing cleanup
2026-04-29 21:56:52.595 [WARNING]  doris_mcp_server.utils.db:1221 - ❌ Pool health check failed, attempting recovery
2026-04-29 21:56:55.598 [WARNING]  doris_mcp_server.utils.db:1298 - Pool close timeout, forcing cleanup
2026-04-29 22:06:48.186 [WARNING]  doris_mcp_server.utils.db:1221 - ❌ Pool health check failed, attempting recovery
2026-04-29 22:25:26.479 [WARNING]  doris_mcp_server.utils.db:1221 - ❌ Pool health check failed, attempting recovery
2026-04-29 22:41:16.878 [WARNING]  doris_mcp_server.utils.db:1221 - ❌ Pool health check failed, attempting recovery
2026-04-29 22:56:34.543 [WARNING]  doris_mcp_server.utils.db:1298 - Pool close timeout, forcing cleanup
2026-04-29 23:13:03.929 [WARNING]  doris_mcp_server.utils.db:1221 - ❌ Pool health check failed, attempting recovery
2026-04-29 23:29:16.247 [WARNING]  doris_mcp_server.utils.db:1221 - ❌ Pool health check failed, attempting recovery
2026-04-29 23:46:47.165 [WARNING]  doris_mcp_server.utils.db:1221 - ❌ Pool health check failed, attempting recovery
2026-04-30 00:02:41.794 [WARNING]  doris_mcp_server.utils.db:1221 - ❌ Pool health check failed, attempting recovery
2026-04-30 00:02:44.800 [WARNING]  doris_mcp_server.utils.db:1298 - Pool close timeout, forcing cleanup
2026-04-30 00:19:12.378 [WARNING]  doris_mcp_server.utils.db:1221 - ❌ Pool health check failed, attempting recovery
2026-04-30 00:19:15.381 [WARNING]  doris_mcp_server.utils.db:1298 - Pool close timeout, forcing cleanup
2026-04-30 00:35:32.106 [WARNING]  doris_mcp_server.utils.db:1221 - ❌ Pool health check failed, attempting recovery
2026-04-30 00:52:28.944 [WARNING]  doris_mcp_server.utils.db:1221 - ❌ Pool health check failed, attempting recovery
2026-04-30 01:08:12.753 [WARNING]  doris_mcp_server.utils.db:1298 - Pool close timeout, forcing cleanup
2026-04-30 01:24:51.127 [WARNING]  doris_mcp_server.utils.db:1221 - ❌ Pool health check failed, attempting recovery
2026-04-30 01:24:54.130 [WARNING]  doris_mcp_server.utils.db:1298 - Pool close timeout, forcing cleanup
2026-04-30 01:41:57.502 [WARNING]  doris_mcp_server.utils.db:1221 - ❌ Pool health check failed, attempting recovery
2026-04-30 01:42:00.504 [WARNING]  doris_mcp_server.utils.db:1298 - Pool close timeout, forcing cleanup
2026-04-30 02:01:01.051 [WARNING]  doris_mcp_server.utils.db:1221 - ❌ Pool health check failed, attempting recovery
2026-04-30 02:01:04.055 [WARNING]  doris_mcp_server.utils.db:1298 - Pool close timeout, forcing cleanup
2026-04-30 02:17:21.905 [WARNING]  doris_mcp_server.utils.db:1221 - ❌ Pool health check failed, attempting recovery
2026-04-30 02:17:24.908 [WARNING]  doris_mcp_server.utils.db:1298 - Pool close timeout, forcing cleanup
2026-04-30 02:34:01.308 [WARNING]  doris_mcp_server.utils.db:1221 - ❌ Pool health check failed, attempting recovery
2026-04-30 02:34:04.312 [WARNING]  doris_mcp_server.utils.db:1298 - Pool close timeout, forcing cleanup
2026-04-30 02:49:59.299 [WARNING]  doris_mcp_server.utils.db:1221 - ❌ Pool health check failed, attempting recovery
2026-04-30 03:06:34.034 [WARNING]  doris_mcp_server.utils.db:1221 - ❌ Pool health check failed, attempting recovery
2026-04-30 03:24:22.438 [WARNING]  doris_mcp_server.utils.db:1221 - ❌ Pool health check failed, attempting recovery
2026-04-30 03:24:25.441 [WARNING]  doris_mcp_server.utils.db:1298 - Pool close timeout, forcing cleanup
2026-04-30 03:42:05.973 [WARNING]  doris_mcp_server.utils.db:1221 - ❌ Pool health check failed, attempting recovery
2026-04-30 03:42:08.975 [WARNING]  doris_mcp_server.utils.db:1298 - Pool close timeout, forcing cleanup
2026-04-30 03:59:02.322 [WARNING]  doris_mcp_server.utils.db:1221 - ❌ Pool health check failed, attempting recovery
2026-04-30 03:59:05.330 [WARNING]  doris_mcp_server.utils.db:1298 - Pool close timeout, forcing cleanup
2026-04-30 04:15:52.442 [WARNING]  doris_mcp_server.utils.db:1221 - ❌ Pool health check failed, attempting recovery
2026-04-30 04:32:26.220 [WARNING]  doris_mcp_server.utils.db:1221 - ❌ Pool health check failed, attempting recovery
2026-04-30 04:32:29.222 [WARNING]  doris_mcp_server.utils.db:1298 - Pool close timeout, forcing cleanup
2026-04-30 04:49:59.276 [WARNING]  doris_mcp_server.utils.db:1221 - ❌ Pool health check failed, attempting recovery
2026-04-30 04:50:02.279 [WARNING]  doris_mcp_server.utils.db:1298 - Pool close timeout, forcing cleanup
2026-04-30 05:00:03.945 [WARNING]  doris_mcp_server.utils.db:1221 - ❌ Pool health check failed, attempting recovery
2026-04-30 05:00:06.949 [WARNING]  doris_mcp_server.utils.db:1298 - Pool close timeout, forcing cleanup
2026-04-30 05:18:36.485 [WARNING]  doris_mcp_server.utils.db:1221 - ❌ Pool health check failed, attempting recovery
2026-04-30 05:36:53.863 [WARNING]  doris_mcp_server.utils.db:1221 - ❌ Pool health check failed, attempting recovery
2026-04-30 05:52:55.570 [WARNING]  doris_mcp_server.utils.db:1221 - ❌ Pool health check failed, attempting recovery
2026-04-30 06:00:56.189 [WARNING]  doris_mcp_server.utils.db:1221 - ❌ Pool health check failed, attempting recovery
2026-04-30 06:00:59.191 [WARNING]  doris_mcp_server.utils.db:1298 - Pool close timeout, forcing cleanup
2026-04-30 06:17:32.476 [WARNING]  doris_mcp_server.utils.db:1221 - ❌ Pool health check failed, attempting recovery
2026-04-30 06:17:35.479 [WARNING]  doris_mcp_server.utils.db:1298 - Pool close timeout, forcing cleanup
2026-04-30 06:34:48.460 [WARNING]  doris_mcp_server.utils.db:1221 - ❌ Pool health check failed, attempting recovery
2026-04-30 06:34:51.463 [WARNING]  doris_mcp_server.utils.db:1298 - Pool close timeout, forcing cleanup
2026-04-30 06:51:32.214 [WARNING]  doris_mcp_server.utils.db:1221 - ❌ Pool health check failed, attempting recovery
2026-04-30 07:02:06.670 [WARNING]  doris_mcp_server.utils.db:1221 - ❌ Pool health check failed, attempting recovery
2026-04-30 07:19:04.723 [WARNING]  doris_mcp_server.utils.db:1221 - ❌ Pool health check failed, attempting recovery
2026-04-30 07:19:07.727 [WARNING]  doris_mcp_server.utils.db:1298 - Pool close timeout, forcing cleanup
2026-04-30 07:36:43.309 [WARNING]  doris_mcp_server.utils.db:1221 - ❌ Pool health check failed, attempting recovery
2026-04-30 07:36:46.311 [WARNING]  doris_mcp_server.utils.db:1298 - Pool close timeout, forcing cleanup
2026-04-30 07:53:32.119 [WARNING]  doris_mcp_server.utils.db:1221 - ❌ Pool health check failed, attempting recovery
2026-04-30 07:53:35.123 [WARNING]  doris_mcp_server.utils.db:1298 - Pool close timeout, forcing cleanup
2026-04-30 08:03:03.070 [WARNING]  doris_mcp_server.utils.db:1221 - ❌ Pool health check failed, attempting recovery
2026-04-30 08:20:27.317 [WARNING]  doris_mcp_server.utils.db:1221 - ❌ Pool health check failed, attempting recovery
2026-04-30 08:20:30.320 [WARNING]  doris_mcp_server.utils.db:1298 - Pool close timeout, forcing cleanup
2026-04-30 08:32:28.719 [WARNING]  doris_mcp_server.utils.db:1221 - ❌ Pool health check failed, attempting recovery
2026-04-30 08:32:31.722 [WARNING]  doris_mcp_server.utils.db:1298 - Pool close timeout, forcing cleanup
2026-04-30 12:06:58.554 [WARNING]  doris_mcp_server.utils.db:1221 - ❌ Pool health check failed, attempting recovery
2026-04-30 12:24:12.605 [WARNING]  doris_mcp_server.utils.db:1221 - ❌ Pool health check failed, attempting recovery
2026-04-30 12:41:47.873 [WARNING]  doris_mcp_server.utils.db:1221 - ❌ Pool health check failed, attempting recovery
2026-04-30 12:41:50.877 [WARNING]  doris_mcp_server.utils.db:1298 - Pool close timeout, forcing cleanup
2026-04-30 12:59:09.434 [WARNING]  doris_mcp_server.utils.db:1221 - ❌ Pool health check failed, attempting recovery
2026-04-30 12:59:12.437 [WARNING]  doris_mcp_server.utils.db:1298 - Pool close timeout, forcing cleanup
2026-04-30 13:16:57.156 [WARNING]  doris_mcp_server.utils.db:1221 - ❌ Pool health check failed, attempting recovery
2026-04-30 13:30:30.098 [WARNING]  doris_mcp_server.utils.db:1221 - ❌ Pool health check failed, attempting recovery
2026-04-30 13:30:33.100 [WARNING]  doris_mcp_server.utils.db:1298 - Pool close timeout, forcing cleanup
2026-04-30 13:54:03.198 [WARNING]  doris_mcp_server.utils.db:1221 - ❌ Pool health check failed, attempting recovery
2026-04-30 13:54:06.199 [WARNING]  doris_mcp_server.utils.db:1298 - Pool close timeout, forcing cleanup
2026-05-07 12:20:23.660 [WARNING]  doris_mcp_server.utils.db:1221 - ❌ Pool health check failed, attempting recovery
2026-05-07 12:20:26.663 [WARNING]  doris_mcp_server.utils.db:1298 - Pool close timeout, forcing cleanup
2026-05-07 12:36:31.727 [WARNING]  doris_mcp_server.utils.db:1221 - ❌ Pool health check failed, attempting recovery
2026-05-07 12:36:34.730 [WARNING]  doris_mcp_server.utils.db:1298 - Pool close timeout, forcing cleanup
2026-05-07 12:53:16.479 [WARNING]  doris_mcp_server.utils.db:1221 - ❌ Pool health check failed, attempting recovery
2026-05-07 13:10:59.323 [WARNING]  doris_mcp_server.utils.db:1221 - ❌ Pool health check failed, attempting recovery
2026-05-07 13:26:49.879 [WARNING]  doris_mcp_server.utils.db:1221 - ❌ Pool health check failed, attempting recovery
2026-05-07 14:14:57.300 [WARNING]  doris_mcp_server.utils.db:1221 - ❌ Pool health check failed, attempting recovery
2026-05-07 14:15:00.302 [WARNING]  doris_mcp_server.utils.db:1298 - Pool close timeout, forcing cleanup
2026-05-07 16:40:30.006 [WARNING]  doris_mcp_server.utils.db:1221 - ❌ Pool health check failed, attempting recovery
2026-05-07 16:40:33.009 [WARNING]  doris_mcp_server.utils.db:1298 - Pool close timeout, forcing cleanup
2026-05-09 09:46:22.510 [WARNING]  doris_mcp_server.utils.db:1221 - ❌ Pool health check failed, attempting recovery
2026-05-09 09:46:25.512 [WARNING]  doris_mcp_server.utils.db:1298 - Pool close timeout, forcing cleanup
2026-05-09 11:15:24.266 [WARNING]  doris_mcp_server.utils.db:1221 - ❌ Pool health check failed, attempting recovery
2026-05-09 11:15:27.270 [WARNING]  doris_mcp_server.utils.db:1298 - Pool close timeout, forcing cleanup
2026-05-09 11:32:21.481 [WARNING]  doris_mcp_server.utils.db:1221 - ❌ Pool health check failed, attempting recovery
2026-05-09 11:49:08.924 [WARNING]  doris_mcp_server.utils.db:1221 - ❌ Pool health check failed, attempting recovery
2026-05-09 11:49:11.928 [WARNING]  doris_mcp_server.utils.db:1298 - Pool close timeout, forcing cleanup
2026-05-09 12:05:47.280 [WARNING]  doris_mcp_server.utils.db:1221 - ❌ Pool health check failed, attempting recovery
2026-05-09 12:05:50.282 [WARNING]  doris_mcp_server.utils.db:1298 - Pool close timeout, forcing cleanup
2026-05-09 12:23:30.769 [WARNING]  doris_mcp_server.utils.db:1221 - ❌ Pool health check failed, attempting recovery
2026-05-09 12:23:33.773 [WARNING]  doris_mcp_server.utils.db:1298 - Pool close timeout, forcing cleanup
2026-05-09 12:40:22.451 [WARNING]  doris_mcp_server.utils.db:1221 - ❌ Pool health check failed, attempting recovery
2026-05-09 12:56:12.842 [WARNING]  doris_mcp_server.utils.db:1221 - ❌ Pool health check failed, attempting recovery
2026-05-09 13:17:08.269 [WARNING]  doris_mcp_server.utils.db:1221 - ❌ Pool health check failed, attempting recovery
2026-05-09 13:17:11.273 [WARNING]  doris_mcp_server.utils.db:1298 - Pool close timeout, forcing cleanup
2026-05-09 13:30:57.290 [WARNING]  doris_mcp_server.utils.db:1221 - ❌ Pool health check failed, attempting recovery
2026-05-09 15:14:12.327 [WARNING]  doris_mcp_server.utils.db:1221 - ❌ Pool health check failed, attempting recovery
2026-05-09 18:19:21.209 [WARNING]  doris_mcp_server.utils.db:1221 - ❌ Pool health check failed, attempting recovery
2026-05-09 18:19:24.213 [WARNING]  doris_mcp_server.utils.db:1298 - Pool close timeout, forcing cleanup
2026-05-09 18:35:22.803 [WARNING]  doris_mcp_server.utils.db:1221 - ❌ Pool health check failed, attempting recovery
2026-05-09 18:51:32.970 [WARNING]  doris_mcp_server.utils.db:1221 - ❌ Pool health check failed, attempting recovery
2026-05-09 19:11:32.186 [WARNING]  doris_mcp_server.utils.db:1221 - ❌ Pool health check failed, attempting recovery
2026-05-09 19:11:35.188 [WARNING]  doris_mcp_server.utils.db:1298 - Pool close timeout, forcing cleanup
2026-05-09 19:32:48.354 [WARNING]  doris_mcp_server.utils.db:1221 - ❌ Pool health check failed, attempting recovery
2026-05-09 19:49:00.511 [WARNING]  doris_mcp_server.utils.db:1221 - ❌ Pool health check failed, attempting recovery
2026-05-09 20:02:42.056 [WARNING]  doris_mcp_server.utils.db:1221 - ❌ Pool health check failed, attempting recovery
2026-05-09 20:18:30.236 [WARNING]  doris_mcp_server.utils.db:1221 - ❌ Pool health check failed, attempting recovery
2026-05-09 20:36:39.508 [WARNING]  doris_mcp_server.utils.db:1221 - ❌ Pool health check failed, attempting recovery
2026-05-09 20:52:22.360 [WARNING]  doris_mcp_server.utils.db:1298 - Pool close timeout, forcing cleanup
2026-05-09 21:19:40.398 [WARNING]  doris_mcp_server.utils.db:1221 - ❌ Pool health check failed, attempting recovery
2026-05-09 21:19:43.401 [WARNING]  doris_mcp_server.utils.db:1298 - Pool close timeout, forcing cleanup
2026-05-09 21:37:07.021 [WARNING]  doris_mcp_server.utils.db:1221 - ❌ Pool health check failed, attempting recovery
2026-05-09 21:53:36.509 [WARNING]  doris_mcp_server.utils.db:1221 - ❌ Pool health check failed, attempting recovery
2026-05-09 21:53:39.511 [WARNING]  doris_mcp_server.utils.db:1298 - Pool close timeout, forcing cleanup
2026-05-09 22:09:42.169 [WARNING]  doris_mcp_server.utils.db:1221 - ❌ Pool health check failed, attempting recovery
2026-05-09 22:09:45.172 [WARNING]  doris_mcp_server.utils.db:1298 - Pool close timeout, forcing cleanup
2026-05-09 22:26:15.047 [WARNING]  doris_mcp_server.utils.db:1221 - ❌ Pool health check failed, attempting recovery
2026-05-09 22:26:18.051 [WARNING]  doris_mcp_server.utils.db:1298 - Pool close timeout, forcing cleanup
2026-05-09 22:42:30.742 [WARNING]  doris_mcp_server.utils.db:1157 - Failed to warm up connection 2: (2013, 'Lost connection to MySQL server during query ([Errno 54] Connection reset by peer)')
2026-05-09 22:54:04.829 [WARNING]  doris_mcp_server.utils.db:1221 - ❌ Pool health check failed, attempting recovery
2026-05-09 23:11:22.396 [WARNING]  doris_mcp_server.utils.db:1221 - ❌ Pool health check failed, attempting recovery
2026-05-09 23:11:25.399 [WARNING]  doris_mcp_server.utils.db:1298 - Pool close timeout, forcing cleanup
2026-05-09 23:27:54.005 [WARNING]  doris_mcp_server.utils.db:1221 - ❌ Pool health check failed, attempting recovery
2026-05-09 23:27:57.008 [WARNING]  doris_mcp_server.utils.db:1298 - Pool close timeout, forcing cleanup
2026-05-09 23:44:39.238 [WARNING]  doris_mcp_server.utils.db:1221 - ❌ Pool health check failed, attempting recovery
2026-05-10 00:00:53.202 [WARNING]  doris_mcp_server.utils.db:1221 - ❌ Pool health check failed, attempting recovery
2026-05-10 00:18:14.342 [WARNING]  doris_mcp_server.utils.db:1221 - ❌ Pool health check failed, attempting recovery
2026-05-10 00:36:16.521 [WARNING]  doris_mcp_server.utils.db:1221 - ❌ Pool health check failed, attempting recovery
2026-05-10 00:36:19.525 [WARNING]  doris_mcp_server.utils.db:1298 - Pool close timeout, forcing cleanup
2026-05-10 00:52:58.794 [WARNING]  doris_mcp_server.utils.db:1221 - ❌ Pool health check failed, attempting recovery
2026-05-10 00:53:01.796 [WARNING]  doris_mcp_server.utils.db:1298 - Pool close timeout, forcing cleanup
2026-05-10 01:11:04.839 [WARNING]  doris_mcp_server.utils.db:1221 - ❌ Pool health check failed, attempting recovery
2026-05-10 01:29:30.998 [WARNING]  doris_mcp_server.utils.db:1221 - ❌ Pool health check failed, attempting recovery
2026-05-10 01:45:42.466 [WARNING]  doris_mcp_server.utils.db:1221 - ❌ Pool health check failed, attempting recovery
2026-05-10 02:01:57.648 [WARNING]  doris_mcp_server.utils.db:1221 - ❌ Pool health check failed, attempting recovery
2026-05-10 02:02:00.649 [WARNING]  doris_mcp_server.utils.db:1298 - Pool close timeout, forcing cleanup
2026-05-10 02:18:50.446 [WARNING]  doris_mcp_server.utils.db:1221 - ❌ Pool health check failed, attempting recovery
2026-05-10 02:18:53.447 [WARNING]  doris_mcp_server.utils.db:1298 - Pool close timeout, forcing cleanup
2026-05-10 02:36:19.708 [WARNING]  doris_mcp_server.utils.db:1221 - ❌ Pool health check failed, attempting recovery
2026-05-10 02:36:22.712 [WARNING]  doris_mcp_server.utils.db:1298 - Pool close timeout, forcing cleanup
2026-05-10 02:52:11.898 [WARNING]  doris_mcp_server.utils.db:1221 - ❌ Pool health check failed, attempting recovery
2026-05-10 03:10:04.852 [WARNING]  doris_mcp_server.utils.db:1221 - ❌ Pool health check failed, attempting recovery
2026-05-10 03:26:25.432 [WARNING]  doris_mcp_server.utils.db:1221 - ❌ Pool health check failed, attempting recovery
2026-05-10 03:26:28.435 [WARNING]  doris_mcp_server.utils.db:1298 - Pool close timeout, forcing cleanup
2026-05-10 03:43:29.066 [WARNING]  doris_mcp_server.utils.db:1221 - ❌ Pool health check failed, attempting recovery
2026-05-10 03:43:32.068 [WARNING]  doris_mcp_server.utils.db:1298 - Pool close timeout, forcing cleanup
2026-05-10 04:01:19.364 [WARNING]  doris_mcp_server.utils.db:1221 - ❌ Pool health check failed, attempting recovery
2026-05-10 04:01:22.367 [WARNING]  doris_mcp_server.utils.db:1298 - Pool close timeout, forcing cleanup
2026-05-10 04:18:43.332 [WARNING]  doris_mcp_server.utils.db:1221 - ❌ Pool health check failed, attempting recovery
2026-05-10 04:35:27.877 [WARNING]  doris_mcp_server.utils.db:1337 - ❌ Pool recovery health check failed on attempt 1
2026-05-10 04:51:43.157 [WARNING]  doris_mcp_server.utils.db:1221 - ❌ Pool health check failed, attempting recovery
2026-05-10 04:51:46.160 [WARNING]  doris_mcp_server.utils.db:1298 - Pool close timeout, forcing cleanup
2026-05-10 05:09:40.422 [WARNING]  doris_mcp_server.utils.db:1221 - ❌ Pool health check failed, attempting recovery
2026-05-10 05:26:19.718 [WARNING]  doris_mcp_server.utils.db:1221 - ❌ Pool health check failed, attempting recovery
2026-05-10 05:43:47.296 [WARNING]  doris_mcp_server.utils.db:1221 - ❌ Pool health check failed, attempting recovery
2026-05-10 06:00:43.646 [WARNING]  doris_mcp_server.utils.db:1221 - ❌ Pool health check failed, attempting recovery
2026-05-10 06:00:46.648 [WARNING]  doris_mcp_server.utils.db:1298 - Pool close timeout, forcing cleanup
2026-05-10 06:16:33.990 [WARNING]  doris_mcp_server.utils.db:1221 - ❌ Pool health check failed, attempting recovery
2026-05-10 06:16:36.993 [WARNING]  doris_mcp_server.utils.db:1298 - Pool close timeout, forcing cleanup
2026-05-10 06:48:18.070 [WARNING]  doris_mcp_server.utils.db:1221 - ❌ Pool health check failed, attempting recovery
2026-05-10 07:07:32.095 [WARNING]  doris_mcp_server.utils.db:1221 - ❌ Pool health check failed, attempting recovery
2026-05-10 07:07:35.098 [WARNING]  doris_mcp_server.utils.db:1298 - Pool close timeout, forcing cleanup
2026-05-10 07:24:14.517 [WARNING]  doris_mcp_server.utils.db:1221 - ❌ Pool health check failed, attempting recovery
2026-05-10 07:24:17.520 [WARNING]  doris_mcp_server.utils.db:1298 - Pool close timeout, forcing cleanup
2026-05-10 07:38:34.625 [WARNING]  doris_mcp_server.utils.db:1221 - ❌ Pool health check failed, attempting recovery
2026-05-10 07:53:32.985 [WARNING]  doris_mcp_server.utils.db:1221 - ❌ Pool health check failed, attempting recovery
2026-05-10 08:10:34.685 [WARNING]  doris_mcp_server.utils.db:1221 - ❌ Pool health check failed, attempting recovery
2026-05-10 08:27:37.455 [WARNING]  doris_mcp_server.utils.db:1221 - ❌ Pool health check failed, attempting recovery
2026-05-10 08:27:40.457 [WARNING]  doris_mcp_server.utils.db:1298 - Pool close timeout, forcing cleanup
2026-05-10 08:43:37.520 [WARNING]  doris_mcp_server.utils.db:1221 - ❌ Pool health check failed, attempting recovery
2026-05-10 08:43:40.524 [WARNING]  doris_mcp_server.utils.db:1298 - Pool close timeout, forcing cleanup
2026-05-10 08:54:32.694 [WARNING]  doris_mcp_server.utils.db:1221 - ❌ Pool health check failed, attempting recovery
2026-05-10 09:11:18.310 [WARNING]  doris_mcp_server.utils.db:1298 - Pool close timeout, forcing cleanup
2026-05-10 09:29:35.887 [WARNING]  doris_mcp_server.utils.db:1221 - ❌ Pool health check failed, attempting recovery
2026-05-10 09:29:38.891 [WARNING]  doris_mcp_server.utils.db:1298 - Pool close timeout, forcing cleanup
2026-05-10 09:47:54.232 [WARNING]  doris_mcp_server.utils.db:1221 - ❌ Pool health check failed, attempting recovery
2026-05-10 09:47:57.236 [WARNING]  doris_mcp_server.utils.db:1298 - Pool close timeout, forcing cleanup
2026-05-10 09:55:11.022 [WARNING]  doris_mcp_server.utils.db:1221 - ❌ Pool health check failed, attempting recovery
2026-05-10 10:11:25.736 [WARNING]  doris_mcp_server.utils.db:1221 - ❌ Pool health check failed, attempting recovery
2026-05-10 10:27:30.311 [WARNING]  doris_mcp_server.utils.db:1221 - ❌ Pool health check failed, attempting recovery
2026-05-10 10:44:44.914 [WARNING]  doris_mcp_server.utils.db:1221 - ❌ Pool health check failed, attempting recovery
2026-05-10 10:44:47.915 [WARNING]  doris_mcp_server.utils.db:1298 - Pool close timeout, forcing cleanup
2026-05-10 10:56:06.092 [WARNING]  doris_mcp_server.utils.db:1221 - ❌ Pool health check failed, attempting recovery
2026-05-10 10:56:09.096 [WARNING]  doris_mcp_server.utils.db:1298 - Pool close timeout, forcing cleanup
2026-05-10 11:13:02.571 [WARNING]  doris_mcp_server.utils.db:1221 - ❌ Pool health check failed, attempting recovery
2026-05-10 11:33:28.961 [WARNING]  doris_mcp_server.utils.db:1221 - ❌ Pool health check failed, attempting recovery
2026-05-10 11:50:12.417 [WARNING]  doris_mcp_server.utils.db:1221 - ❌ Pool health check failed, attempting recovery
2026-05-10 11:50:15.420 [WARNING]  doris_mcp_server.utils.db:1298 - Pool close timeout, forcing cleanup
2026-05-10 11:57:11.807 [WARNING]  doris_mcp_server.utils.db:1221 - ❌ Pool health check failed, attempting recovery
2026-05-10 11:57:14.809 [WARNING]  doris_mcp_server.utils.db:1298 - Pool close timeout, forcing cleanup
2026-05-10 12:14:31.352 [WARNING]  doris_mcp_server.utils.db:1221 - ❌ Pool health check failed, attempting recovery
2026-05-10 12:14:34.355 [WARNING]  doris_mcp_server.utils.db:1298 - Pool close timeout, forcing cleanup
2026-05-10 12:31:07.774 [WARNING]  doris_mcp_server.utils.db:1221 - ❌ Pool health check failed, attempting recovery
2026-05-10 12:47:40.220 [WARNING]  doris_mcp_server.utils.db:1221 - ❌ Pool health check failed, attempting recovery
2026-05-10 12:58:25.442 [WARNING]  doris_mcp_server.utils.db:1221 - ❌ Pool health check failed, attempting recovery
2026-05-10 13:14:27.583 [WARNING]  doris_mcp_server.utils.db:1221 - ❌ Pool health check failed, attempting recovery
2026-05-10 13:46:39.485 [WARNING]  doris_mcp_server.utils.db:1221 - ❌ Pool health check failed, attempting recovery
2026-05-10 13:46:42.489 [WARNING]  doris_mcp_server.utils.db:1298 - Pool close timeout, forcing cleanup
2026-05-10 13:59:06.460 [WARNING]  doris_mcp_server.utils.db:1221 - ❌ Pool health check failed, attempting recovery
2026-05-10 14:15:48.902 [WARNING]  doris_mcp_server.utils.db:1221 - ❌ Pool health check failed, attempting recovery
2026-05-10 14:33:24.837 [WARNING]  doris_mcp_server.utils.db:1221 - ❌ Pool health check failed, attempting recovery
2026-05-10 14:50:17.119 [WARNING]  doris_mcp_server.utils.db:1221 - ❌ Pool health check failed, attempting recovery
2026-05-10 14:50:20.122 [WARNING]  doris_mcp_server.utils.db:1298 - Pool close timeout, forcing cleanup
2026-05-10 15:00:30.821 [WARNING]  doris_mcp_server.utils.db:1221 - ❌ Pool health check failed, attempting recovery
2026-05-10 15:17:51.430 [WARNING]  doris_mcp_server.utils.db:1298 - Pool close timeout, forcing cleanup
2026-05-10 15:37:56.178 [WARNING]  doris_mcp_server.utils.db:1221 - ❌ Pool health check failed, attempting recovery
2026-05-10 15:54:03.282 [WARNING]  doris_mcp_server.utils.db:1221 - ❌ Pool health check failed, attempting recovery
2026-05-10 16:01:17.044 [WARNING]  doris_mcp_server.utils.db:1221 - ❌ Pool health check failed, attempting recovery
2026-05-10 16:19:22.356 [WARNING]  doris_mcp_server.utils.db:1221 - ❌ Pool health check failed, attempting recovery
2026-05-10 16:19:25.358 [WARNING]  doris_mcp_server.utils.db:1298 - Pool close timeout, forcing cleanup
2026-05-10 16:36:27.884 [WARNING]  doris_mcp_server.utils.db:1221 - ❌ Pool health check failed, attempting recovery
2026-05-10 16:36:30.888 [WARNING]  doris_mcp_server.utils.db:1298 - Pool close timeout, forcing cleanup
2026-05-10 16:53:26.406 [WARNING]  doris_mcp_server.utils.db:1221 - ❌ Pool health check failed, attempting recovery
2026-05-10 17:18:01.630 [WARNING]  doris_mcp_server.utils.db:1221 - ❌ Pool health check failed, attempting recovery
2026-05-10 17:18:04.633 [WARNING]  doris_mcp_server.utils.db:1298 - Pool close timeout, forcing cleanup
2026-05-10 17:34:46.170 [WARNING]  doris_mcp_server.utils.db:1221 - ❌ Pool health check failed, attempting recovery
2026-05-10 17:34:49.173 [WARNING]  doris_mcp_server.utils.db:1298 - Pool close timeout, forcing cleanup
2026-05-10 17:50:43.429 [WARNING]  doris_mcp_server.utils.db:1221 - ❌ Pool health check failed, attempting recovery
2026-05-10 17:50:46.431 [WARNING]  doris_mcp_server.utils.db:1298 - Pool close timeout, forcing cleanup
2026-05-10 18:01:00.648 [WARNING]  doris_mcp_server.utils.db:1221 - ❌ Pool health check failed, attempting recovery
2026-05-10 18:01:03.651 [WARNING]  doris_mcp_server.utils.db:1298 - Pool close timeout, forcing cleanup
2026-05-10 18:19:02.261 [WARNING]  doris_mcp_server.utils.db:1221 - ❌ Pool health check failed, attempting recovery
2026-05-10 18:35:08.559 [WARNING]  doris_mcp_server.utils.db:1221 - ❌ Pool health check failed, attempting recovery
2026-05-10 18:35:11.563 [WARNING]  doris_mcp_server.utils.db:1298 - Pool close timeout, forcing cleanup
2026-05-10 18:54:19.615 [WARNING]  doris_mcp_server.utils.db:1221 - ❌ Pool health check failed, attempting recovery
2026-05-10 18:54:22.619 [WARNING]  doris_mcp_server.utils.db:1298 - Pool close timeout, forcing cleanup
2026-05-10 19:13:39.970 [WARNING]  doris_mcp_server.utils.db:1221 - ❌ Pool health check failed, attempting recovery
2026-05-10 19:13:42.973 [WARNING]  doris_mcp_server.utils.db:1298 - Pool close timeout, forcing cleanup
2026-05-10 19:30:22.844 [WARNING]  doris_mcp_server.utils.db:1221 - ❌ Pool health check failed, attempting recovery
2026-05-10 19:30:25.847 [WARNING]  doris_mcp_server.utils.db:1298 - Pool close timeout, forcing cleanup
2026-05-10 19:46:22.190 [WARNING]  doris_mcp_server.utils.db:1221 - ❌ Pool health check failed, attempting recovery
2026-05-10 20:02:27.456 [WARNING]  doris_mcp_server.utils.db:1221 - ❌ Pool health check failed, attempting recovery
2026-05-10 20:18:59.742 [WARNING]  doris_mcp_server.utils.db:1221 - ❌ Pool health check failed, attempting recovery
2026-05-10 20:19:02.745 [WARNING]  doris_mcp_server.utils.db:1298 - Pool close timeout, forcing cleanup
2026-05-10 20:35:45.001 [WARNING]  doris_mcp_server.utils.db:1221 - ❌ Pool health check failed, attempting recovery
2026-05-10 20:35:48.004 [WARNING]  doris_mcp_server.utils.db:1298 - Pool close timeout, forcing cleanup
2026-05-10 20:51:47.850 [WARNING]  doris_mcp_server.utils.db:1221 - ❌ Pool health check failed, attempting recovery
2026-05-10 20:51:50.853 [WARNING]  doris_mcp_server.utils.db:1298 - Pool close timeout, forcing cleanup
2026-05-10 21:09:08.709 [WARNING]  doris_mcp_server.utils.db:1221 - ❌ Pool health check failed, attempting recovery
2026-05-10 21:26:18.502 [WARNING]  doris_mcp_server.utils.db:1298 - Pool close timeout, forcing cleanup
2026-05-10 21:43:04.076 [WARNING]  doris_mcp_server.utils.db:1221 - ❌ Pool health check failed, attempting recovery
2026-05-10 21:58:55.583 [WARNING]  doris_mcp_server.utils.db:1221 - ❌ Pool health check failed, attempting recovery
2026-05-10 21:58:58.587 [WARNING]  doris_mcp_server.utils.db:1298 - Pool close timeout, forcing cleanup
2026-05-10 22:14:54.114 [WARNING]  doris_mcp_server.utils.db:1221 - ❌ Pool health check failed, attempting recovery
2026-05-10 22:14:57.115 [WARNING]  doris_mcp_server.utils.db:1298 - Pool close timeout, forcing cleanup
2026-05-10 22:31:05.330 [WARNING]  doris_mcp_server.utils.db:1221 - ❌ Pool health check failed, attempting recovery
2026-05-10 22:47:34.011 [WARNING]  doris_mcp_server.utils.db:1221 - ❌ Pool health check failed, attempting recovery
2026-05-10 23:04:31.786 [WARNING]  doris_mcp_server.utils.db:1221 - ❌ Pool health check failed, attempting recovery
2026-05-10 23:20:24.141 [WARNING]  doris_mcp_server.utils.db:1221 - ❌ Pool health check failed, attempting recovery
2026-05-10 23:20:27.145 [WARNING]  doris_mcp_server.utils.db:1298 - Pool close timeout, forcing cleanup
2026-05-10 23:33:43.763 [WARNING]  doris_mcp_server.utils.db:1221 - ❌ Pool health check failed, attempting recovery
2026-05-10 23:33:46.766 [WARNING]  doris_mcp_server.utils.db:1298 - Pool close timeout, forcing cleanup
2026-05-10 23:52:00.797 [WARNING]  doris_mcp_server.utils.db:1221 - ❌ Pool health check failed, attempting recovery
2026-05-10 23:52:03.799 [WARNING]  doris_mcp_server.utils.db:1298 - Pool close timeout, forcing cleanup
2026-05-11 00:10:06.349 [WARNING]  doris_mcp_server.utils.db:1221 - ❌ Pool health check failed, attempting recovery
2026-05-11 00:26:46.012 [WARNING]  doris_mcp_server.utils.db:1221 - ❌ Pool health check failed, attempting recovery
2026-05-11 00:57:41.328 [WARNING]  doris_mcp_server.utils.db:1221 - ❌ Pool health check failed, attempting recovery
2026-05-11 00:57:44.330 [WARNING]  doris_mcp_server.utils.db:1298 - Pool close timeout, forcing cleanup
2026-05-11 01:14:55.615 [WARNING]  doris_mcp_server.utils.db:1221 - ❌ Pool health check failed, attempting recovery
2026-05-11 01:32:48.787 [WARNING]  doris_mcp_server.utils.db:1221 - ❌ Pool health check failed, attempting recovery
2026-05-11 01:48:11.187 [WARNING]  doris_mcp_server.utils.db:1221 - ❌ Pool health check failed, attempting recovery
2026-05-11 01:48:14.191 [WARNING]  doris_mcp_server.utils.db:1298 - Pool close timeout, forcing cleanup
2026-05-11 02:04:09.950 [WARNING]  doris_mcp_server.utils.db:1221 - ❌ Pool health check failed, attempting recovery
2026-05-11 02:04:12.954 [WARNING]  doris_mcp_server.utils.db:1298 - Pool close timeout, forcing cleanup
2026-05-11 02:20:46.334 [WARNING]  doris_mcp_server.utils.db:1221 - ❌ Pool health check failed, attempting recovery
2026-05-11 02:20:49.337 [WARNING]  doris_mcp_server.utils.db:1298 - Pool close timeout, forcing cleanup
2026-05-11 02:36:36.868 [WARNING]  doris_mcp_server.utils.db:1221 - ❌ Pool health check failed, attempting recovery
2026-05-11 02:55:00.375 [WARNING]  doris_mcp_server.utils.db:1221 - ❌ Pool health check failed, attempting recovery
2026-05-11 02:55:03.379 [WARNING]  doris_mcp_server.utils.db:1298 - Pool close timeout, forcing cleanup
2026-05-11 03:11:54.244 [WARNING]  doris_mcp_server.utils.db:1221 - ❌ Pool health check failed, attempting recovery
2026-05-11 03:29:17.390 [WARNING]  doris_mcp_server.utils.db:1221 - ❌ Pool health check failed, attempting recovery
2026-05-11 03:45:13.076 [WARNING]  doris_mcp_server.utils.db:1298 - Pool close timeout, forcing cleanup
2026-05-11 04:05:22.126 [WARNING]  doris_mcp_server.utils.db:1221 - ❌ Pool health check failed, attempting recovery
2026-05-11 04:21:14.868 [WARNING]  doris_mcp_server.utils.db:1221 - ❌ Pool health check failed, attempting recovery
2026-05-11 04:37:43.210 [WARNING]  doris_mcp_server.utils.db:1221 - ❌ Pool health check failed, attempting recovery
2026-05-11 04:49:36.910 [WARNING]  doris_mcp_server.utils.db:1298 - Pool close timeout, forcing cleanup
2026-05-11 05:07:38.454 [WARNING]  doris_mcp_server.utils.db:1221 - ❌ Pool health check failed, attempting recovery
2026-05-11 05:23:50.664 [WARNING]  doris_mcp_server.utils.db:1221 - ❌ Pool health check failed, attempting recovery
2026-05-11 05:23:53.667 [WARNING]  doris_mcp_server.utils.db:1298 - Pool close timeout, forcing cleanup
2026-05-11 05:40:44.004 [WARNING]  doris_mcp_server.utils.db:1221 - ❌ Pool health check failed, attempting recovery
2026-05-11 05:51:04.337 [WARNING]  doris_mcp_server.utils.db:1221 - ❌ Pool health check failed, attempting recovery
2026-05-11 06:07:39.808 [WARNING]  doris_mcp_server.utils.db:1221 - ❌ Pool health check failed, attempting recovery
2026-05-11 06:25:53.447 [WARNING]  doris_mcp_server.utils.db:1221 - ❌ Pool health check failed, attempting recovery
2026-05-11 06:25:56.449 [WARNING]  doris_mcp_server.utils.db:1298 - Pool close timeout, forcing cleanup
2026-05-11 06:42:35.822 [WARNING]  doris_mcp_server.utils.db:1221 - ❌ Pool health check failed, attempting recovery
2026-05-11 06:42:38.824 [WARNING]  doris_mcp_server.utils.db:1298 - Pool close timeout, forcing cleanup
2026-05-11 06:52:01.546 [WARNING]  doris_mcp_server.utils.db:1221 - ❌ Pool health check failed, attempting recovery
2026-05-11 07:08:16.989 [WARNING]  doris_mcp_server.utils.db:1221 - ❌ Pool health check failed, attempting recovery
2026-05-11 07:25:34.338 [WARNING]  doris_mcp_server.utils.db:1221 - ❌ Pool health check failed, attempting recovery
2026-05-11 07:42:18.758 [WARNING]  doris_mcp_server.utils.db:1221 - ❌ Pool health check failed, attempting recovery
2026-05-11 07:42:21.762 [WARNING]  doris_mcp_server.utils.db:1298 - Pool close timeout, forcing cleanup
2026-05-11 07:53:06.771 [WARNING]  doris_mcp_server.utils.db:1221 - ❌ Pool health check failed, attempting recovery
2026-05-11 07:53:09.773 [WARNING]  doris_mcp_server.utils.db:1298 - Pool close timeout, forcing cleanup
2026-05-11 08:11:12.516 [WARNING]  doris_mcp_server.utils.db:1221 - ❌ Pool health check failed, attempting recovery
2026-05-11 08:27:23.756 [WARNING]  doris_mcp_server.utils.db:1221 - ❌ Pool health check failed, attempting recovery
2026-05-11 08:43:19.245 [WARNING]  doris_mcp_server.utils.db:1221 - ❌ Pool health check failed, attempting recovery
2026-05-11 08:43:22.249 [WARNING]  doris_mcp_server.utils.db:1298 - Pool close timeout, forcing cleanup
2026-05-11 09:47:43.955 [WARNING]  doris_mcp_server.utils.db:1221 - ❌ Pool health check failed, attempting recovery
2026-05-12 12:18:16.770 [WARNING]  doris_mcp_server.utils.db:1221 - ❌ Pool health check failed, attempting recovery
2026-05-12 12:41:03.152 [WARNING]  doris_mcp_server.utils.db:1221 - ❌ Pool health check failed, attempting recovery
2026-05-12 12:57:21.333 [WARNING]  doris_mcp_server.utils.db:1221 - ❌ Pool health check failed, attempting recovery
2026-05-12 13:15:15.983 [WARNING]  doris_mcp_server.utils.db:1221 - ❌ Pool health check failed, attempting recovery
2026-05-12 13:31:35.817 [WARNING]  doris_mcp_server.utils.db:1221 - ❌ Pool health check failed, attempting recovery
2026-05-12 14:59:47.541 [WARNING]  doris_mcp_server.utils.db:1221 - ❌ Pool health check failed, attempting recovery
2026-05-12 14:59:50.544 [WARNING]  doris_mcp_server.utils.db:1298 - Pool close timeout, forcing cleanup
2026-05-12 16:40:06.848 [WARNING]  doris_mcp_server.utils.db:1221 - ❌ Pool health check failed, attempting recovery
2026-05-12 18:19:58.185 [WARNING]  doris_mcp_server.utils.db:1221 - ❌ Pool health check failed, attempting recovery
2026-05-12 18:35:44.491 [WARNING]  doris_mcp_server.utils.db:1221 - ❌ Pool health check failed, attempting recovery
2026-05-12 18:35:47.494 [WARNING]  doris_mcp_server.utils.db:1298 - Pool close timeout, forcing cleanup
2026-05-12 18:51:34.686 [WARNING]  doris_mcp_server.utils.db:1221 - ❌ Pool health check failed, attempting recovery
2026-05-12 18:51:37.689 [WARNING]  doris_mcp_server.utils.db:1298 - Pool close timeout, forcing cleanup
2026-05-12 19:01:16.526 [WARNING]  doris_mcp_server.utils.db:1221 - ❌ Pool health check failed, attempting recovery
2026-05-12 19:01:19.529 [WARNING]  doris_mcp_server.utils.db:1298 - Pool close timeout, forcing cleanup
2026-05-12 19:06:51.240 [WARNING]  doris_mcp_server.utils.db:1221 - ❌ Pool health check failed, attempting recovery
2026-05-12 19:34:15.583 [WARNING]  doris_mcp_server.utils.db:1221 - ❌ Pool health check failed, attempting recovery
2026-05-12 19:50:15.059 [WARNING]  doris_mcp_server.utils.db:1221 - ❌ Pool health check failed, attempting recovery
2026-05-12 20:04:31.684 [WARNING]  doris_mcp_server.utils.db:1221 - ❌ Pool health check failed, attempting recovery
2026-05-12 20:21:23.059 [WARNING]  doris_mcp_server.utils.db:1221 - ❌ Pool health check failed, attempting recovery
2026-05-12 20:38:15.509 [WARNING]  doris_mcp_server.utils.db:1221 - ❌ Pool health check failed, attempting recovery
2026-05-12 20:38:18.511 [WARNING]  doris_mcp_server.utils.db:1298 - Pool close timeout, forcing cleanup
2026-05-12 20:56:45.197 [WARNING]  doris_mcp_server.utils.db:1221 - ❌ Pool health check failed, attempting recovery
2026-05-12 20:56:48.198 [WARNING]  doris_mcp_server.utils.db:1298 - Pool close timeout, forcing cleanup
2026-05-12 21:29:29.037 [WARNING]  doris_mcp_server.utils.db:1221 - ❌ Pool health check failed, attempting recovery
2026-05-12 21:29:32.040 [WARNING]  doris_mcp_server.utils.db:1298 - Pool close timeout, forcing cleanup
2026-05-12 21:47:21.083 [WARNING]  doris_mcp_server.utils.db:1221 - ❌ Pool health check failed, attempting recovery
2026-05-12 22:03:18.454 [WARNING]  doris_mcp_server.utils.db:1221 - ❌ Pool health check failed, attempting recovery
2026-05-12 22:03:21.457 [WARNING]  doris_mcp_server.utils.db:1298 - Pool close timeout, forcing cleanup
2026-05-12 22:19:52.025 [WARNING]  doris_mcp_server.utils.db:1221 - ❌ Pool health check failed, attempting recovery
2026-05-12 22:19:55.028 [WARNING]  doris_mcp_server.utils.db:1298 - Pool close timeout, forcing cleanup
2026-05-12 22:37:30.415 [WARNING]  doris_mcp_server.utils.db:1221 - ❌ Pool health check failed, attempting recovery
2026-05-12 22:55:51.382 [WARNING]  doris_mcp_server.utils.db:1221 - ❌ Pool health check failed, attempting recovery
2026-05-12 23:11:50.406 [WARNING]  doris_mcp_server.utils.db:1221 - ❌ Pool health check failed, attempting recovery
2026-05-12 23:28:10.511 [WARNING]  doris_mcp_server.utils.db:1221 - ❌ Pool health check failed, attempting recovery
2026-05-12 23:44:19.102 [WARNING]  doris_mcp_server.utils.db:1221 - ❌ Pool health check failed, attempting recovery
2026-05-12 23:44:22.105 [WARNING]  doris_mcp_server.utils.db:1298 - Pool close timeout, forcing cleanup
2026-05-13 00:00:38.659 [WARNING]  doris_mcp_server.utils.db:1221 - ❌ Pool health check failed, attempting recovery
2026-05-13 00:00:41.663 [WARNING]  doris_mcp_server.utils.db:1298 - Pool close timeout, forcing cleanup
2026-05-13 00:17:31.028 [WARNING]  doris_mcp_server.utils.db:1221 - ❌ Pool health check failed, attempting recovery
2026-05-13 00:34:00.522 [WARNING]  doris_mcp_server.utils.db:1221 - ❌ Pool health check failed, attempting recovery
2026-05-13 00:34:03.525 [WARNING]  doris_mcp_server.utils.db:1298 - Pool close timeout, forcing cleanup
2026-05-13 00:51:06.903 [WARNING]  doris_mcp_server.utils.db:1221 - ❌ Pool health check failed, attempting recovery
2026-05-13 00:51:09.907 [WARNING]  doris_mcp_server.utils.db:1298 - Pool close timeout, forcing cleanup
2026-05-13 01:08:43.410 [WARNING]  doris_mcp_server.utils.db:1221 - ❌ Pool health check failed, attempting recovery
2026-05-13 01:08:46.413 [WARNING]  doris_mcp_server.utils.db:1298 - Pool close timeout, forcing cleanup
2026-05-13 01:25:37.861 [WARNING]  doris_mcp_server.utils.db:1221 - ❌ Pool health check failed, attempting recovery
2026-05-13 01:41:48.550 [WARNING]  doris_mcp_server.utils.db:1221 - ❌ Pool health check failed, attempting recovery
2026-05-13 01:57:46.583 [WARNING]  doris_mcp_server.utils.db:1221 - ❌ Pool health check failed, attempting recovery
2026-05-13 02:12:48.206 [WARNING]  doris_mcp_server.utils.db:1298 - Pool close timeout, forcing cleanup
2026-05-13 12:20:15.747 [WARNING]  doris_mcp_server.utils.db:1221 - ❌ Pool health check failed, attempting recovery
2026-05-13 12:20:18.751 [WARNING]  doris_mcp_server.utils.db:1298 - Pool close timeout, forcing cleanup
2026-05-13 12:42:08.484 [WARNING]  doris_mcp_server.utils.db:1221 - ❌ Pool health check failed, attempting recovery
2026-05-13 12:42:11.487 [WARNING]  doris_mcp_server.utils.db:1298 - Pool close timeout, forcing cleanup
2026-05-13 12:58:28.136 [WARNING]  doris_mcp_server.utils.db:1221 - ❌ Pool health check failed, attempting recovery
2026-05-13 12:58:31.139 [WARNING]  doris_mcp_server.utils.db:1298 - Pool close timeout, forcing cleanup
2026-05-13 13:15:47.740 [WARNING]  doris_mcp_server.utils.db:1221 - ❌ Pool health check failed, attempting recovery
2026-05-13 13:15:50.743 [WARNING]  doris_mcp_server.utils.db:1298 - Pool close timeout, forcing cleanup
2026-05-13 13:31:27.014 [WARNING]  doris_mcp_server.utils.db:1221 - ❌ Pool health check failed, attempting recovery
2026-05-13 14:45:03.444 [WARNING]  doris_mcp_server.utils.db:1221 - ❌ Pool health check failed, attempting recovery
2026-05-13 14:45:06.447 [WARNING]  doris_mcp_server.utils.db:1298 - Pool close timeout, forcing cleanup
2026-05-14 18:23:07.759 [WARNING]  doris_mcp_server.utils.db:1221 - ❌ Pool health check failed, attempting recovery
2026-05-14 18:39:02.269 [WARNING]  doris_mcp_server.utils.db:1221 - ❌ Pool health check failed, attempting recovery
2026-05-14 18:57:29.048 [WARNING]  doris_mcp_server.utils.db:1221 - ❌ Pool health check failed, attempting recovery
2026-05-14 19:15:41.288 [WARNING]  doris_mcp_server.utils.db:1221 - ❌ Pool health check failed, attempting recovery
2026-05-14 19:33:18.941 [WARNING]  doris_mcp_server.utils.db:1221 - ❌ Pool health check failed, attempting recovery
2026-05-14 19:33:21.944 [WARNING]  doris_mcp_server.utils.db:1298 - Pool close timeout, forcing cleanup
2026-05-14 19:51:09.382 [WARNING]  doris_mcp_server.utils.db:1221 - ❌ Pool health check failed, attempting recovery
2026-05-14 19:51:12.385 [WARNING]  doris_mcp_server.utils.db:1298 - Pool close timeout, forcing cleanup
2026-05-14 20:06:17.856 [WARNING]  doris_mcp_server.utils.db:1221 - ❌ Pool health check failed, attempting recovery
2026-05-14 20:06:20.859 [WARNING]  doris_mcp_server.utils.db:1298 - Pool close timeout, forcing cleanup
2026-05-14 20:25:57.501 [WARNING]  doris_mcp_server.utils.db:1221 - ❌ Pool health check failed, attempting recovery
2026-05-14 20:46:09.400 [WARNING]  doris_mcp_server.utils.db:1221 - ❌ Pool health check failed, attempting recovery
2026-05-14 20:46:12.402 [WARNING]  doris_mcp_server.utils.db:1298 - Pool close timeout, forcing cleanup
2026-05-14 21:05:56.153 [WARNING]  doris_mcp_server.utils.db:1221 - ❌ Pool health check failed, attempting recovery
2026-05-14 21:21:01.827 [WARNING]  doris_mcp_server.utils.db:1298 - Pool close timeout, forcing cleanup
2026-05-18 09:31:05.527 [WARNING]  doris_mcp_server.utils.db:1221 - ❌ Pool health check failed, attempting recovery
2026-05-18 09:31:08.529 [WARNING]  doris_mcp_server.utils.db:1298 - Pool close timeout, forcing cleanup
2026-05-18 11:20:29.213 [WARNING]  doris_mcp_server.utils.db:1221 - ❌ Pool health check failed, attempting recovery
2026-05-18 11:20:32.217 [WARNING]  doris_mcp_server.utils.db:1298 - Pool close timeout, forcing cleanup
2026-05-18 11:37:16.516 [WARNING]  doris_mcp_server.utils.db:1221 - ❌ Pool health check failed, attempting recovery
2026-05-18 11:52:32.421 [WARNING]  doris_mcp_server.utils.db:1221 - ❌ Pool health check failed, attempting recovery
2026-05-18 12:18:50.166 [WARNING]  doris_mcp_server.utils.db:1221 - ❌ Pool health check failed, attempting recovery
2026-05-18 12:18:53.170 [WARNING]  doris_mcp_server.utils.db:1298 - Pool close timeout, forcing cleanup
2026-05-18 12:34:40.539 [WARNING]  doris_mcp_server.utils.db:1221 - ❌ Pool health check failed, attempting recovery
2026-05-18 12:50:41.494 [WARNING]  doris_mcp_server.utils.db:1221 - ❌ Pool health check failed, attempting recovery
2026-05-18 12:50:44.498 [WARNING]  doris_mcp_server.utils.db:1298 - Pool close timeout, forcing cleanup
2026-05-18 13:08:31.622 [WARNING]  doris_mcp_server.utils.db:1221 - ❌ Pool health check failed, attempting recovery
2026-05-18 13:08:34.624 [WARNING]  doris_mcp_server.utils.db:1298 - Pool close timeout, forcing cleanup
2026-05-18 13:13:35.995 [WARNING]  doris_mcp_server.utils.db:1221 - ❌ Pool health check failed, attempting recovery
2026-05-18 13:29:51.494 [WARNING]  doris_mcp_server.utils.db:1298 - Pool close timeout, forcing cleanup
2026-05-18 17:12:19.767 [WARNING]  doris_mcp_server.utils.db:1221 - ❌ Pool health check failed, attempting recovery
2026-05-18 18:21:10.469 [WARNING]  doris_mcp_server.utils.db:1221 - ❌ Pool health check failed, attempting recovery
2026-05-18 18:21:13.471 [WARNING]  doris_mcp_server.utils.db:1298 - Pool close timeout, forcing cleanup
2026-05-18 18:37:12.969 [WARNING]  doris_mcp_server.utils.db:1221 - ❌ Pool health check failed, attempting recovery
2026-05-18 18:54:03.058 [WARNING]  doris_mcp_server.utils.db:1221 - ❌ Pool health check failed, attempting recovery
2026-05-18 19:11:29.399 [WARNING]  doris_mcp_server.utils.db:1221 - ❌ Pool health check failed, attempting recovery
2026-05-18 19:28:06.864 [WARNING]  doris_mcp_server.utils.db:1221 - ❌ Pool health check failed, attempting recovery
2026-05-18 19:44:57.330 [WARNING]  doris_mcp_server.utils.db:1221 - ❌ Pool health check failed, attempting recovery
2026-05-18 19:45:00.334 [WARNING]  doris_mcp_server.utils.db:1298 - Pool close timeout, forcing cleanup
2026-05-18 20:01:54.701 [WARNING]  doris_mcp_server.utils.db:1221 - ❌ Pool health check failed, attempting recovery
2026-05-18 20:01:57.704 [WARNING]  doris_mcp_server.utils.db:1298 - Pool close timeout, forcing cleanup
2026-05-18 20:22:00.849 [WARNING]  doris_mcp_server.utils.db:1221 - ❌ Pool health check failed, attempting recovery
2026-05-18 20:38:26.505 [WARNING]  doris_mcp_server.utils.db:1298 - Pool close timeout, forcing cleanup
2026-05-18 20:55:58.190 [WARNING]  doris_mcp_server.utils.db:1221 - ❌ Pool health check failed, attempting recovery
2026-05-18 20:56:01.192 [WARNING]  doris_mcp_server.utils.db:1298 - Pool close timeout, forcing cleanup
2026-05-18 21:25:58.209 [WARNING]  doris_mcp_server.utils.db:1221 - ❌ Pool health check failed, attempting recovery
2026-05-18 21:42:53.352 [WARNING]  doris_mcp_server.utils.db:1221 - ❌ Pool health check failed, attempting recovery
2026-05-18 21:59:13.262 [WARNING]  doris_mcp_server.utils.db:1221 - ❌ Pool health check failed, attempting recovery
2026-05-18 22:15:23.811 [WARNING]  doris_mcp_server.utils.db:1221 - ❌ Pool health check failed, attempting recovery
2026-05-18 22:15:26.813 [WARNING]  doris_mcp_server.utils.db:1298 - Pool close timeout, forcing cleanup
2026-05-18 22:33:37.342 [WARNING]  doris_mcp_server.utils.db:1221 - ❌ Pool health check failed, attempting recovery
2026-05-18 22:33:40.345 [WARNING]  doris_mcp_server.utils.db:1298 - Pool close timeout, forcing cleanup
2026-05-18 22:50:10.548 [WARNING]  doris_mcp_server.utils.db:1221 - ❌ Pool health check failed, attempting recovery
2026-05-18 23:08:43.263 [WARNING]  doris_mcp_server.utils.db:1221 - ❌ Pool health check failed, attempting recovery
2026-05-18 23:18:00.930 [WARNING]  doris_mcp_server.utils.db:1221 - ❌ Pool health check failed, attempting recovery
2026-05-18 23:35:29.427 [WARNING]  doris_mcp_server.utils.db:1221 - ❌ Pool health check failed, attempting recovery
2026-05-18 23:35:32.430 [WARNING]  doris_mcp_server.utils.db:1298 - Pool close timeout, forcing cleanup
2026-05-18 23:51:22.584 [WARNING]  doris_mcp_server.utils.db:1221 - ❌ Pool health check failed, attempting recovery
2026-05-18 23:51:25.587 [WARNING]  doris_mcp_server.utils.db:1298 - Pool close timeout, forcing cleanup
2026-05-19 00:07:36.256 [WARNING]  doris_mcp_server.utils.db:1221 - ❌ Pool health check failed, attempting recovery
2026-05-19 00:24:37.532 [WARNING]  doris_mcp_server.utils.db:1221 - ❌ Pool health check failed, attempting recovery
2026-05-19 00:41:31.151 [WARNING]  doris_mcp_server.utils.db:1221 - ❌ Pool health check failed, attempting recovery
2026-05-19 00:58:25.814 [WARNING]  doris_mcp_server.utils.db:1221 - ❌ Pool health check failed, attempting recovery
2026-05-19 00:58:28.817 [WARNING]  doris_mcp_server.utils.db:1298 - Pool close timeout, forcing cleanup
2026-05-19 01:14:31.168 [WARNING]  doris_mcp_server.utils.db:1221 - ❌ Pool health check failed, attempting recovery
2026-05-19 01:14:34.171 [WARNING]  doris_mcp_server.utils.db:1298 - Pool close timeout, forcing cleanup
2026-05-19 01:32:28.424 [WARNING]  doris_mcp_server.utils.db:1221 - ❌ Pool health check failed, attempting recovery
2026-05-19 01:50:43.487 [WARNING]  doris_mcp_server.utils.db:1221 - ❌ Pool health check failed, attempting recovery
2026-05-19 02:07:02.738 [WARNING]  doris_mcp_server.utils.db:1221 - ❌ Pool health check failed, attempting recovery
2026-05-19 02:24:14.310 [WARNING]  doris_mcp_server.utils.db:1221 - ❌ Pool health check failed, attempting recovery
2026-05-19 02:24:17.314 [WARNING]  doris_mcp_server.utils.db:1298 - Pool close timeout, forcing cleanup
2026-05-19 02:40:23.930 [WARNING]  doris_mcp_server.utils.db:1221 - ❌ Pool health check failed, attempting recovery
2026-05-19 02:40:26.934 [WARNING]  doris_mcp_server.utils.db:1298 - Pool close timeout, forcing cleanup
2026-05-19 02:56:49.967 [WARNING]  doris_mcp_server.utils.db:1221 - ❌ Pool health check failed, attempting recovery
2026-05-19 03:22:59.698 [WARNING]  doris_mcp_server.utils.db:1221 - ❌ Pool health check failed, attempting recovery
2026-05-19 03:39:20.323 [WARNING]  doris_mcp_server.utils.db:1221 - ❌ Pool health check failed, attempting recovery
2026-05-19 03:49:19.123 [WARNING]  doris_mcp_server.utils.db:1221 - ❌ Pool health check failed, attempting recovery
2026-05-19 04:04:42.805 [WARNING]  doris_mcp_server.utils.db:1298 - Pool close timeout, forcing cleanup
2026-05-19 04:21:20.631 [WARNING]  doris_mcp_server.utils.db:1221 - ❌ Pool health check failed, attempting recovery
2026-05-19 04:38:58.767 [WARNING]  doris_mcp_server.utils.db:1221 - ❌ Pool health check failed, attempting recovery
2026-05-19 04:39:01.770 [WARNING]  doris_mcp_server.utils.db:1298 - Pool close timeout, forcing cleanup
2026-05-19 04:55:57.031 [WARNING]  doris_mcp_server.utils.db:1221 - ❌ Pool health check failed, attempting recovery
2026-05-19 05:13:10.908 [WARNING]  doris_mcp_server.utils.db:1221 - ❌ Pool health check failed, attempting recovery
2026-05-19 05:30:59.973 [WARNING]  doris_mcp_server.utils.db:1221 - ❌ Pool health check failed, attempting recovery
2026-05-19 05:49:30.697 [WARNING]  doris_mcp_server.utils.db:1221 - ❌ Pool health check failed, attempting recovery
2026-05-19 05:49:33.701 [WARNING]  doris_mcp_server.utils.db:1298 - Pool close timeout, forcing cleanup
2026-05-19 06:07:20.491 [WARNING]  doris_mcp_server.utils.db:1221 - ❌ Pool health check failed, attempting recovery
2026-05-19 06:07:23.493 [WARNING]  doris_mcp_server.utils.db:1298 - Pool close timeout, forcing cleanup
2026-05-19 06:24:39.832 [WARNING]  doris_mcp_server.utils.db:1221 - ❌ Pool health check failed, attempting recovery
2026-05-19 06:42:01.511 [WARNING]  doris_mcp_server.utils.db:1298 - Pool close timeout, forcing cleanup
2026-05-19 06:50:41.710 [WARNING]  doris_mcp_server.utils.db:1221 - ❌ Pool health check failed, attempting recovery
2026-05-19 07:06:58.290 [WARNING]  doris_mcp_server.utils.db:1221 - ❌ Pool health check failed, attempting recovery
2026-05-19 07:07:01.294 [WARNING]  doris_mcp_server.utils.db:1298 - Pool close timeout, forcing cleanup
2026-05-19 07:24:41.496 [WARNING]  doris_mcp_server.utils.db:1221 - ❌ Pool health check failed, attempting recovery
2026-05-19 07:24:44.498 [WARNING]  doris_mcp_server.utils.db:1298 - Pool close timeout, forcing cleanup
2026-05-19 07:31:19.406 [WARNING]  doris_mcp_server.utils.db:1221 - ❌ Pool health check failed, attempting recovery
2026-05-19 07:48:29.310 [WARNING]  doris_mcp_server.utils.db:1221 - ❌ Pool health check failed, attempting recovery
2026-05-19 07:48:32.313 [WARNING]  doris_mcp_server.utils.db:1298 - Pool close timeout, forcing cleanup
2026-05-19 08:08:50.574 [WARNING]  doris_mcp_server.utils.db:1221 - ❌ Pool health check failed, attempting recovery
2026-05-19 08:08:53.577 [WARNING]  doris_mcp_server.utils.db:1298 - Pool close timeout, forcing cleanup
2026-05-19 08:25:39.493 [WARNING]  doris_mcp_server.utils.db:1221 - ❌ Pool health check failed, attempting recovery
2026-05-19 08:35:24.571 [WARNING]  doris_mcp_server.utils.db:1221 - ❌ Pool health check failed, attempting recovery
2026-05-19 12:11:41.537 [WARNING]  doris_mcp_server.utils.db:1221 - ❌ Pool health check failed, attempting recovery
2026-05-19 12:11:44.539 [WARNING]  doris_mcp_server.utils.db:1298 - Pool close timeout, forcing cleanup
2026-05-19 12:16:50.791 [WARNING]  doris_mcp_server.utils.db:1221 - ❌ Pool health check failed, attempting recovery
2026-05-19 12:21:51.681 [WARNING]  doris_mcp_server.utils.db:1221 - ❌ Pool health check failed, attempting recovery
2026-05-19 12:26:52.449 [WARNING]  doris_mcp_server.utils.db:1221 - ❌ Pool health check failed, attempting recovery
2026-05-19 12:26:55.453 [WARNING]  doris_mcp_server.utils.db:1298 - Pool close timeout, forcing cleanup
2026-05-19 12:31:56.263 [WARNING]  doris_mcp_server.utils.db:1221 - ❌ Pool health check failed, attempting recovery
2026-05-19 12:31:59.266 [WARNING]  doris_mcp_server.utils.db:1298 - Pool close timeout, forcing cleanup
2026-05-19 12:37:00.089 [WARNING]  doris_mcp_server.utils.db:1221 - ❌ Pool health check failed, attempting recovery
2026-05-19 12:41:15.072 [WARNING]  doris_mcp_server.utils.db:1298 - Pool close timeout, forcing cleanup
2026-05-19 12:51:13.019 [WARNING]  doris_mcp_server.utils.db:1221 - ❌ Pool health check failed, attempting recovery
2026-05-19 13:31:08.721 [WARNING]  doris_mcp_server.utils.db:1221 - ❌ Pool health check failed, attempting recovery
2026-05-19 13:31:11.724 [WARNING]  doris_mcp_server.utils.db:1298 - Pool close timeout, forcing cleanup
2026-05-19 13:31:11.823 [WARNING]  doris_mcp_server.utils.db:1337 - ❌ Pool recovery health check failed on attempt 1
2026-05-19 13:31:13.889 [WARNING]  doris_mcp_server.utils.db:1337 - ❌ Pool recovery health check failed on attempt 2
2026-05-19 13:31:15.960 [WARNING]  doris_mcp_server.utils.db:1337 - ❌ Pool recovery health check failed on attempt 3
2026-05-19 13:31:45.964 [WARNING]  doris_mcp_server.utils.db:1221 - ❌ Pool health check failed, attempting recovery
2026-05-19 13:31:46.026 [WARNING]  doris_mcp_server.utils.db:1337 - ❌ Pool recovery health check failed on attempt 1
2026-05-19 13:31:48.094 [WARNING]  doris_mcp_server.utils.db:1337 - ❌ Pool recovery health check failed on attempt 2
2026-05-19 13:31:50.161 [WARNING]  doris_mcp_server.utils.db:1337 - ❌ Pool recovery health check failed on attempt 3
2026-05-19 13:32:20.166 [WARNING]  doris_mcp_server.utils.db:1221 - ❌ Pool health check failed, attempting recovery
2026-05-19 13:32:20.238 [WARNING]  doris_mcp_server.utils.db:1337 - ❌ Pool recovery health check failed on attempt 1
2026-05-19 13:32:22.321 [WARNING]  doris_mcp_server.utils.db:1337 - ❌ Pool recovery health check failed on attempt 2
2026-05-19 13:32:24.390 [WARNING]  doris_mcp_server.utils.db:1337 - ❌ Pool recovery health check failed on attempt 3
2026-05-19 13:32:54.394 [WARNING]  doris_mcp_server.utils.db:1221 - ❌ Pool health check failed, attempting recovery
2026-05-19 13:32:54.488 [WARNING]  doris_mcp_server.utils.db:1337 - ❌ Pool recovery health check failed on attempt 1
2026-05-19 13:32:56.563 [WARNING]  doris_mcp_server.utils.db:1337 - ❌ Pool recovery health check failed on attempt 2
2026-05-19 13:32:58.654 [WARNING]  doris_mcp_server.utils.db:1337 - ❌ Pool recovery health check failed on attempt 3
2026-05-19 13:33:28.658 [WARNING]  doris_mcp_server.utils.db:1221 - ❌ Pool health check failed, attempting recovery
2026-05-19 13:33:28.743 [WARNING]  doris_mcp_server.utils.db:1337 - ❌ Pool recovery health check failed on attempt 1
2026-05-19 13:33:30.847 [WARNING]  doris_mcp_server.utils.db:1337 - ❌ Pool recovery health check failed on attempt 2
2026-05-19 13:33:32.915 [WARNING]  doris_mcp_server.utils.db:1337 - ❌ Pool recovery health check failed on attempt 3
2026-05-19 13:34:02.918 [WARNING]  doris_mcp_server.utils.db:1221 - ❌ Pool health check failed, attempting recovery
2026-05-19 13:34:02.987 [WARNING]  doris_mcp_server.utils.db:1337 - ❌ Pool recovery health check failed on attempt 1
2026-05-19 13:34:05.050 [WARNING]  doris_mcp_server.utils.db:1337 - ❌ Pool recovery health check failed on attempt 2
2026-05-19 13:34:07.131 [WARNING]  doris_mcp_server.utils.db:1337 - ❌ Pool recovery health check failed on attempt 3
2026-05-19 13:34:37.134 [WARNING]  doris_mcp_server.utils.db:1221 - ❌ Pool health check failed, attempting recovery
2026-05-19 13:34:37.216 [WARNING]  doris_mcp_server.utils.db:1337 - ❌ Pool recovery health check failed on attempt 1
2026-05-19 13:34:39.272 [WARNING]  doris_mcp_server.utils.db:1337 - ❌ Pool recovery health check failed on attempt 2
2026-05-19 13:34:41.334 [WARNING]  doris_mcp_server.utils.db:1337 - ❌ Pool recovery health check failed on attempt 3
2026-05-19 13:35:11.336 [WARNING]  doris_mcp_server.utils.db:1221 - ❌ Pool health check failed, attempting recovery
2026-05-19 13:35:11.416 [WARNING]  doris_mcp_server.utils.db:1337 - ❌ Pool recovery health check failed on attempt 1
2026-05-19 13:35:13.507 [WARNING]  doris_mcp_server.utils.db:1337 - ❌ Pool recovery health check failed on attempt 2
2026-05-19 13:35:15.579 [WARNING]  doris_mcp_server.utils.db:1337 - ❌ Pool recovery health check failed on attempt 3
2026-05-19 13:35:45.584 [WARNING]  doris_mcp_server.utils.db:1221 - ❌ Pool health check failed, attempting recovery
2026-05-19 13:35:45.658 [WARNING]  doris_mcp_server.utils.db:1337 - ❌ Pool recovery health check failed on attempt 1
2026-05-19 13:35:47.746 [WARNING]  doris_mcp_server.utils.db:1337 - ❌ Pool recovery health check failed on attempt 2
2026-05-19 13:35:49.821 [WARNING]  doris_mcp_server.utils.db:1337 - ❌ Pool recovery health check failed on attempt 3
2026-05-19 13:36:19.825 [WARNING]  doris_mcp_server.utils.db:1221 - ❌ Pool health check failed, attempting recovery
2026-05-19 13:36:19.904 [WARNING]  doris_mcp_server.utils.db:1337 - ❌ Pool recovery health check failed on attempt 1
2026-05-19 13:36:21.982 [WARNING]  doris_mcp_server.utils.db:1337 - ❌ Pool recovery health check failed on attempt 2
2026-05-19 13:36:24.047 [WARNING]  doris_mcp_server.utils.db:1337 - ❌ Pool recovery health check failed on attempt 3
2026-05-19 13:36:54.134 [WARNING]  doris_mcp_server.utils.db:1221 - ❌ Pool health check failed, attempting recovery
2026-05-19 13:36:55.213 [WARNING]  doris_mcp_server.utils.db:1337 - ❌ Pool recovery health check failed on attempt 1
2026-05-19 13:36:58.283 [WARNING]  doris_mcp_server.utils.db:1337 - ❌ Pool recovery health check failed on attempt 2
2026-05-19 13:37:00.354 [WARNING]  doris_mcp_server.utils.db:1337 - ❌ Pool recovery health check failed on attempt 3
2026-05-19 13:37:30.357 [WARNING]  doris_mcp_server.utils.db:1221 - ❌ Pool health check failed, attempting recovery
2026-05-19 13:37:30.420 [WARNING]  doris_mcp_server.utils.db:1337 - ❌ Pool recovery health check failed on attempt 1
2026-05-19 13:37:32.505 [WARNING]  doris_mcp_server.utils.db:1337 - ❌ Pool recovery health check failed on attempt 2
2026-05-19 13:37:34.587 [WARNING]  doris_mcp_server.utils.db:1337 - ❌ Pool recovery health check failed on attempt 3
2026-05-19 13:38:04.591 [WARNING]  doris_mcp_server.utils.db:1221 - ❌ Pool health check failed, attempting recovery
2026-05-19 13:38:04.675 [WARNING]  doris_mcp_server.utils.db:1337 - ❌ Pool recovery health check failed on attempt 1
2026-05-19 13:38:06.733 [WARNING]  doris_mcp_server.utils.db:1337 - ❌ Pool recovery health check failed on attempt 2
2026-05-19 13:38:08.826 [WARNING]  doris_mcp_server.utils.db:1337 - ❌ Pool recovery health check failed on attempt 3
2026-05-19 13:38:38.830 [WARNING]  doris_mcp_server.utils.db:1221 - ❌ Pool health check failed, attempting recovery
2026-05-19 13:38:38.907 [WARNING]  doris_mcp_server.utils.db:1337 - ❌ Pool recovery health check failed on attempt 1
2026-05-19 13:38:40.980 [WARNING]  doris_mcp_server.utils.db:1337 - ❌ Pool recovery health check failed on attempt 2
2026-05-19 13:38:43.057 [WARNING]  doris_mcp_server.utils.db:1337 - ❌ Pool recovery health check failed on attempt 3
2026-05-19 13:39:13.059 [WARNING]  doris_mcp_server.utils.db:1221 - ❌ Pool health check failed, attempting recovery
2026-05-19 13:39:13.122 [WARNING]  doris_mcp_server.utils.db:1337 - ❌ Pool recovery health check failed on attempt 1
2026-05-19 13:39:16.202 [WARNING]  doris_mcp_server.utils.db:1337 - ❌ Pool recovery health check failed on attempt 2
2026-05-19 13:39:18.272 [WARNING]  doris_mcp_server.utils.db:1337 - ❌ Pool recovery health check failed on attempt 3
2026-05-19 13:39:48.275 [WARNING]  doris_mcp_server.utils.db:1221 - ❌ Pool health check failed, attempting recovery
2026-05-19 13:39:48.369 [WARNING]  doris_mcp_server.utils.db:1337 - ❌ Pool recovery health check failed on attempt 1
2026-05-19 13:39:50.447 [WARNING]  doris_mcp_server.utils.db:1337 - ❌ Pool recovery health check failed on attempt 2
2026-05-19 13:39:52.537 [WARNING]  doris_mcp_server.utils.db:1337 - ❌ Pool recovery health check failed on attempt 3
2026-05-19 13:40:22.540 [WARNING]  doris_mcp_server.utils.db:1221 - ❌ Pool health check failed, attempting recovery
2026-05-19 13:40:22.605 [WARNING]  doris_mcp_server.utils.db:1337 - ❌ Pool recovery health check failed on attempt 1
2026-05-19 13:40:24.679 [WARNING]  doris_mcp_server.utils.db:1337 - ❌ Pool recovery health check failed on attempt 2
2026-05-19 13:40:26.761 [WARNING]  doris_mcp_server.utils.db:1337 - ❌ Pool recovery health check failed on attempt 3
2026-05-19 13:40:56.766 [WARNING]  doris_mcp_server.utils.db:1221 - ❌ Pool health check failed, attempting recovery
2026-05-19 13:40:56.845 [WARNING]  doris_mcp_server.utils.db:1337 - ❌ Pool recovery health check failed on attempt 1
2026-05-19 13:40:58.917 [WARNING]  doris_mcp_server.utils.db:1337 - ❌ Pool recovery health check failed on attempt 2
2026-05-19 13:41:00.986 [WARNING]  doris_mcp_server.utils.db:1337 - ❌ Pool recovery health check failed on attempt 3
2026-05-19 13:41:30.990 [WARNING]  doris_mcp_server.utils.db:1221 - ❌ Pool health check failed, attempting recovery
2026-05-19 13:41:31.055 [WARNING]  doris_mcp_server.utils.db:1337 - ❌ Pool recovery health check failed on attempt 1
2026-05-19 13:41:33.110 [WARNING]  doris_mcp_server.utils.db:1337 - ❌ Pool recovery health check failed on attempt 2
2026-05-19 13:41:35.177 [WARNING]  doris_mcp_server.utils.db:1337 - ❌ Pool recovery health check failed on attempt 3
2026-05-19 13:42:05.180 [WARNING]  doris_mcp_server.utils.db:1221 - ❌ Pool health check failed, attempting recovery
2026-05-19 13:42:05.267 [WARNING]  doris_mcp_server.utils.db:1337 - ❌ Pool recovery health check failed on attempt 1
2026-05-19 13:42:07.349 [WARNING]  doris_mcp_server.utils.db:1337 - ❌ Pool recovery health check failed on attempt 2
2026-05-19 13:42:09.407 [WARNING]  doris_mcp_server.utils.db:1337 - ❌ Pool recovery health check failed on attempt 3
2026-05-19 13:42:39.412 [WARNING]  doris_mcp_server.utils.db:1221 - ❌ Pool health check failed, attempting recovery
2026-05-19 13:42:39.490 [WARNING]  doris_mcp_server.utils.db:1337 - ❌ Pool recovery health check failed on attempt 1
2026-05-19 13:42:41.564 [WARNING]  doris_mcp_server.utils.db:1337 - ❌ Pool recovery health check failed on attempt 2
2026-05-19 13:42:43.647 [WARNING]  doris_mcp_server.utils.db:1337 - ❌ Pool recovery health check failed on attempt 3
2026-05-19 13:43:13.649 [WARNING]  doris_mcp_server.utils.db:1221 - ❌ Pool health check failed, attempting recovery
2026-05-19 13:43:13.734 [WARNING]  doris_mcp_server.utils.db:1337 - ❌ Pool recovery health check failed on attempt 1
2026-05-19 13:43:15.824 [WARNING]  doris_mcp_server.utils.db:1337 - ❌ Pool recovery health check failed on attempt 2
2026-05-19 13:43:17.918 [WARNING]  doris_mcp_server.utils.db:1337 - ❌ Pool recovery health check failed on attempt 3
2026-05-19 13:43:47.924 [WARNING]  doris_mcp_server.utils.db:1221 - ❌ Pool health check failed, attempting recovery
2026-05-19 13:43:48.001 [WARNING]  doris_mcp_server.utils.db:1337 - ❌ Pool recovery health check failed on attempt 1
2026-05-19 13:43:50.082 [WARNING]  doris_mcp_server.utils.db:1337 - ❌ Pool recovery health check failed on attempt 2
2026-05-19 13:43:52.142 [WARNING]  doris_mcp_server.utils.db:1337 - ❌ Pool recovery health check failed on attempt 3
2026-05-19 13:44:22.145 [WARNING]  doris_mcp_server.utils.db:1221 - ❌ Pool health check failed, attempting recovery
2026-05-19 13:44:22.194 [WARNING]  doris_mcp_server.utils.db:1337 - ❌ Pool recovery health check failed on attempt 1
2026-05-19 13:44:24.272 [WARNING]  doris_mcp_server.utils.db:1337 - ❌ Pool recovery health check failed on attempt 2
2026-05-19 13:44:26.335 [WARNING]  doris_mcp_server.utils.db:1337 - ❌ Pool recovery health check failed on attempt 3
2026-05-19 13:44:56.337 [WARNING]  doris_mcp_server.utils.db:1221 - ❌ Pool health check failed, attempting recovery
2026-05-19 13:44:56.412 [WARNING]  doris_mcp_server.utils.db:1337 - ❌ Pool recovery health check failed on attempt 1
2026-05-19 13:44:58.477 [WARNING]  doris_mcp_server.utils.db:1337 - ❌ Pool recovery health check failed on attempt 2
2026-05-19 13:45:00.564 [WARNING]  doris_mcp_server.utils.db:1337 - ❌ Pool recovery health check failed on attempt 3
2026-05-19 13:45:30.568 [WARNING]  doris_mcp_server.utils.db:1221 - ❌ Pool health check failed, attempting recovery
2026-05-19 13:45:30.651 [WARNING]  doris_mcp_server.utils.db:1337 - ❌ Pool recovery health check failed on attempt 1
2026-05-19 13:45:32.708 [WARNING]  doris_mcp_server.utils.db:1337 - ❌ Pool recovery health check failed on attempt 2
2026-05-19 13:45:34.784 [WARNING]  doris_mcp_server.utils.db:1337 - ❌ Pool recovery health check failed on attempt 3
2026-05-19 13:46:04.790 [WARNING]  doris_mcp_server.utils.db:1221 - ❌ Pool health check failed, attempting recovery
2026-05-19 13:46:04.866 [WARNING]  doris_mcp_server.utils.db:1337 - ❌ Pool recovery health check failed on attempt 1
2026-05-19 13:46:06.920 [WARNING]  doris_mcp_server.utils.db:1337 - ❌ Pool recovery health check failed on attempt 2
2026-05-19 13:46:08.980 [WARNING]  doris_mcp_server.utils.db:1337 - ❌ Pool recovery health check failed on attempt 3
2026-05-19 13:46:38.986 [WARNING]  doris_mcp_server.utils.db:1221 - ❌ Pool health check failed, attempting recovery
2026-05-19 13:46:39.057 [WARNING]  doris_mcp_server.utils.db:1337 - ❌ Pool recovery health check failed on attempt 1
2026-05-19 13:46:41.136 [WARNING]  doris_mcp_server.utils.db:1337 - ❌ Pool recovery health check failed on attempt 2
2026-05-19 13:46:43.208 [WARNING]  doris_mcp_server.utils.db:1337 - ❌ Pool recovery health check failed on attempt 3
2026-05-19 13:47:13.211 [WARNING]  doris_mcp_server.utils.db:1221 - ❌ Pool health check failed, attempting recovery
2026-05-19 13:47:13.290 [WARNING]  doris_mcp_server.utils.db:1337 - ❌ Pool recovery health check failed on attempt 1
2026-05-19 13:47:15.355 [WARNING]  doris_mcp_server.utils.db:1337 - ❌ Pool recovery health check failed on attempt 2
2026-05-19 13:47:17.418 [WARNING]  doris_mcp_server.utils.db:1337 - ❌ Pool recovery health check failed on attempt 3
2026-05-19 13:47:47.423 [WARNING]  doris_mcp_server.utils.db:1221 - ❌ Pool health check failed, attempting recovery
2026-05-19 13:47:47.505 [WARNING]  doris_mcp_server.utils.db:1337 - ❌ Pool recovery health check failed on attempt 1
2026-05-19 13:47:49.581 [WARNING]  doris_mcp_server.utils.db:1337 - ❌ Pool recovery health check failed on attempt 2
2026-05-19 13:47:51.639 [WARNING]  doris_mcp_server.utils.db:1337 - ❌ Pool recovery health check failed on attempt 3
2026-05-19 13:48:21.643 [WARNING]  doris_mcp_server.utils.db:1221 - ❌ Pool health check failed, attempting recovery
2026-05-19 13:48:21.710 [WARNING]  doris_mcp_server.utils.db:1337 - ❌ Pool recovery health check failed on attempt 1
2026-05-19 13:48:23.806 [WARNING]  doris_mcp_server.utils.db:1337 - ❌ Pool recovery health check failed on attempt 2
2026-05-19 13:48:25.883 [WARNING]  doris_mcp_server.utils.db:1337 - ❌ Pool recovery health check failed on attempt 3
2026-05-19 13:48:55.887 [WARNING]  doris_mcp_server.utils.db:1221 - ❌ Pool health check failed, attempting recovery
2026-05-19 13:48:55.963 [WARNING]  doris_mcp_server.utils.db:1337 - ❌ Pool recovery health check failed on attempt 1
2026-05-19 13:48:58.031 [WARNING]  doris_mcp_server.utils.db:1337 - ❌ Pool recovery health check failed on attempt 2
2026-05-19 13:49:00.099 [WARNING]  doris_mcp_server.utils.db:1337 - ❌ Pool recovery health check failed on attempt 3
2026-05-19 13:49:30.101 [WARNING]  doris_mcp_server.utils.db:1221 - ❌ Pool health check failed, attempting recovery
2026-05-19 13:49:30.153 [WARNING]  doris_mcp_server.utils.db:1337 - ❌ Pool recovery health check failed on attempt 1
2026-05-19 13:49:32.216 [WARNING]  doris_mcp_server.utils.db:1337 - ❌ Pool recovery health check failed on attempt 2
2026-05-19 13:49:34.291 [WARNING]  doris_mcp_server.utils.db:1337 - ❌ Pool recovery health check failed on attempt 3
2026-05-19 13:50:04.293 [WARNING]  doris_mcp_server.utils.db:1221 - ❌ Pool health check failed, attempting recovery
2026-05-19 13:50:04.371 [WARNING]  doris_mcp_server.utils.db:1337 - ❌ Pool recovery health check failed on attempt 1
2026-05-19 13:50:06.454 [WARNING]  doris_mcp_server.utils.db:1337 - ❌ Pool recovery health check failed on attempt 2
2026-05-19 13:50:08.513 [WARNING]  doris_mcp_server.utils.db:1337 - ❌ Pool recovery health check failed on attempt 3
2026-05-19 13:50:38.516 [WARNING]  doris_mcp_server.utils.db:1221 - ❌ Pool health check failed, attempting recovery
2026-05-19 13:50:38.588 [WARNING]  doris_mcp_server.utils.db:1337 - ❌ Pool recovery health check failed on attempt 1
2026-05-19 13:50:40.683 [WARNING]  doris_mcp_server.utils.db:1337 - ❌ Pool recovery health check failed on attempt 2
2026-05-19 13:50:42.751 [WARNING]  doris_mcp_server.utils.db:1337 - ❌ Pool recovery health check failed on attempt 3
2026-05-19 13:51:12.754 [WARNING]  doris_mcp_server.utils.db:1221 - ❌ Pool health check failed, attempting recovery
2026-05-19 13:51:12.833 [WARNING]  doris_mcp_server.utils.db:1337 - ❌ Pool recovery health check failed on attempt 1
2026-05-19 13:51:14.906 [WARNING]  doris_mcp_server.utils.db:1337 - ❌ Pool recovery health check failed on attempt 2
2026-05-19 13:51:16.987 [WARNING]  doris_mcp_server.utils.db:1337 - ❌ Pool recovery health check failed on attempt 3
2026-05-19 13:51:46.990 [WARNING]  doris_mcp_server.utils.db:1221 - ❌ Pool health check failed, attempting recovery
2026-05-19 13:51:47.064 [WARNING]  doris_mcp_server.utils.db:1337 - ❌ Pool recovery health check failed on attempt 1
2026-05-19 13:51:49.132 [WARNING]  doris_mcp_server.utils.db:1337 - ❌ Pool recovery health check failed on attempt 2
2026-05-19 13:51:51.188 [WARNING]  doris_mcp_server.utils.db:1337 - ❌ Pool recovery health check failed on attempt 3
2026-05-19 13:52:21.191 [WARNING]  doris_mcp_server.utils.db:1221 - ❌ Pool health check failed, attempting recovery
2026-05-19 13:52:21.267 [WARNING]  doris_mcp_server.utils.db:1337 - ❌ Pool recovery health check failed on attempt 1
2026-05-19 13:52:23.348 [WARNING]  doris_mcp_server.utils.db:1337 - ❌ Pool recovery health check failed on attempt 2
2026-05-19 13:52:25.422 [WARNING]  doris_mcp_server.utils.db:1337 - ❌ Pool recovery health check failed on attempt 3
2026-05-19 13:52:55.426 [WARNING]  doris_mcp_server.utils.db:1221 - ❌ Pool health check failed, attempting recovery
2026-05-19 13:52:55.498 [WARNING]  doris_mcp_server.utils.db:1337 - ❌ Pool recovery health check failed on attempt 1
2026-05-19 13:52:57.588 [WARNING]  doris_mcp_server.utils.db:1337 - ❌ Pool recovery health check failed on attempt 2
2026-05-19 13:52:59.661 [WARNING]  doris_mcp_server.utils.db:1337 - ❌ Pool recovery health check failed on attempt 3
2026-05-19 13:53:29.665 [WARNING]  doris_mcp_server.utils.db:1221 - ❌ Pool health check failed, attempting recovery
2026-05-19 13:53:29.745 [WARNING]  doris_mcp_server.utils.db:1337 - ❌ Pool recovery health check failed on attempt 1
2026-05-19 13:53:31.833 [WARNING]  doris_mcp_server.utils.db:1337 - ❌ Pool recovery health check failed on attempt 2
2026-05-19 13:53:33.901 [WARNING]  doris_mcp_server.utils.db:1337 - ❌ Pool recovery health check failed on attempt 3
2026-05-19 13:54:03.904 [WARNING]  doris_mcp_server.utils.db:1221 - ❌ Pool health check failed, attempting recovery
2026-05-19 13:54:03.971 [WARNING]  doris_mcp_server.utils.db:1337 - ❌ Pool recovery health check failed on attempt 1
2026-05-19 13:54:06.068 [WARNING]  doris_mcp_server.utils.db:1337 - ❌ Pool recovery health check failed on attempt 2
2026-05-19 13:54:08.126 [WARNING]  doris_mcp_server.utils.db:1337 - ❌ Pool recovery health check failed on attempt 3
2026-05-19 13:54:38.129 [WARNING]  doris_mcp_server.utils.db:1221 - ❌ Pool health check failed, attempting recovery
2026-05-19 13:54:38.187 [WARNING]  doris_mcp_server.utils.db:1337 - ❌ Pool recovery health check failed on attempt 1
2026-05-19 13:54:40.248 [WARNING]  doris_mcp_server.utils.db:1337 - ❌ Pool recovery health check failed on attempt 2
2026-05-19 13:54:42.314 [WARNING]  doris_mcp_server.utils.db:1337 - ❌ Pool recovery health check failed on attempt 3
2026-05-19 13:55:12.317 [WARNING]  doris_mcp_server.utils.db:1221 - ❌ Pool health check failed, attempting recovery
2026-05-19 13:55:12.395 [WARNING]  doris_mcp_server.utils.db:1337 - ❌ Pool recovery health check failed on attempt 1
2026-05-19 13:55:14.448 [WARNING]  doris_mcp_server.utils.db:1337 - ❌ Pool recovery health check failed on attempt 2
2026-05-19 13:55:16.547 [WARNING]  doris_mcp_server.utils.db:1337 - ❌ Pool recovery health check failed on attempt 3
2026-05-19 13:55:46.549 [WARNING]  doris_mcp_server.utils.db:1221 - ❌ Pool health check failed, attempting recovery
2026-05-19 13:55:46.625 [WARNING]  doris_mcp_server.utils.db:1337 - ❌ Pool recovery health check failed on attempt 1
2026-05-19 13:55:48.722 [WARNING]  doris_mcp_server.utils.db:1337 - ❌ Pool recovery health check failed on attempt 2
2026-05-19 13:55:50.797 [WARNING]  doris_mcp_server.utils.db:1337 - ❌ Pool recovery health check failed on attempt 3
2026-05-19 13:56:20.800 [WARNING]  doris_mcp_server.utils.db:1221 - ❌ Pool health check failed, attempting recovery
2026-05-19 13:56:20.869 [WARNING]  doris_mcp_server.utils.db:1337 - ❌ Pool recovery health check failed on attempt 1
2026-05-19 13:56:22.970 [WARNING]  doris_mcp_server.utils.db:1337 - ❌ Pool recovery health check failed on attempt 2
2026-05-19 13:56:25.048 [WARNING]  doris_mcp_server.utils.db:1337 - ❌ Pool recovery health check failed on attempt 3
2026-05-19 13:56:55.051 [WARNING]  doris_mcp_server.utils.db:1221 - ❌ Pool health check failed, attempting recovery
2026-05-19 13:56:55.112 [WARNING]  doris_mcp_server.utils.db:1337 - ❌ Pool recovery health check failed on attempt 1
2026-05-19 13:56:57.179 [WARNING]  doris_mcp_server.utils.db:1337 - ❌ Pool recovery health check failed on attempt 2
2026-05-19 13:56:59.236 [WARNING]  doris_mcp_server.utils.db:1337 - ❌ Pool recovery health check failed on attempt 3
2026-05-19 13:57:29.244 [WARNING]  doris_mcp_server.utils.db:1221 - ❌ Pool health check failed, attempting recovery
2026-05-19 13:57:29.317 [WARNING]  doris_mcp_server.utils.db:1337 - ❌ Pool recovery health check failed on attempt 1
2026-05-19 13:57:31.386 [WARNING]  doris_mcp_server.utils.db:1337 - ❌ Pool recovery health check failed on attempt 2
2026-05-19 13:57:33.452 [WARNING]  doris_mcp_server.utils.db:1337 - ❌ Pool recovery health check failed on attempt 3
2026-05-19 13:58:03.457 [WARNING]  doris_mcp_server.utils.db:1221 - ❌ Pool health check failed, attempting recovery
2026-05-19 13:58:03.557 [WARNING]  doris_mcp_server.utils.db:1337 - ❌ Pool recovery health check failed on attempt 1
2026-05-19 13:58:05.657 [WARNING]  doris_mcp_server.utils.db:1337 - ❌ Pool recovery health check failed on attempt 2
2026-05-19 13:58:07.733 [WARNING]  doris_mcp_server.utils.db:1337 - ❌ Pool recovery health check failed on attempt 3
2026-05-19 13:58:37.736 [WARNING]  doris_mcp_server.utils.db:1221 - ❌ Pool health check failed, attempting recovery
2026-05-19 13:58:37.803 [WARNING]  doris_mcp_server.utils.db:1337 - ❌ Pool recovery health check failed on attempt 1
2026-05-19 13:58:39.887 [WARNING]  doris_mcp_server.utils.db:1337 - ❌ Pool recovery health check failed on attempt 2
2026-05-19 13:58:41.960 [WARNING]  doris_mcp_server.utils.db:1337 - ❌ Pool recovery health check failed on attempt 3
2026-05-19 13:59:11.962 [WARNING]  doris_mcp_server.utils.db:1221 - ❌ Pool health check failed, attempting recovery
2026-05-19 13:59:12.020 [WARNING]  doris_mcp_server.utils.db:1337 - ❌ Pool recovery health check failed on attempt 1
2026-05-19 13:59:14.075 [WARNING]  doris_mcp_server.utils.db:1337 - ❌ Pool recovery health check failed on attempt 2
2026-05-19 13:59:16.155 [WARNING]  doris_mcp_server.utils.db:1337 - ❌ Pool recovery health check failed on attempt 3
2026-05-19 13:59:46.158 [WARNING]  doris_mcp_server.utils.db:1221 - ❌ Pool health check failed, attempting recovery
2026-05-19 13:59:46.225 [WARNING]  doris_mcp_server.utils.db:1337 - ❌ Pool recovery health check failed on attempt 1
2026-05-19 13:59:48.286 [WARNING]  doris_mcp_server.utils.db:1337 - ❌ Pool recovery health check failed on attempt 2
2026-05-19 13:59:50.352 [WARNING]  doris_mcp_server.utils.db:1337 - ❌ Pool recovery health check failed on attempt 3
2026-05-19 14:00:20.355 [WARNING]  doris_mcp_server.utils.db:1221 - ❌ Pool health check failed, attempting recovery
2026-05-19 14:00:20.431 [WARNING]  doris_mcp_server.utils.db:1337 - ❌ Pool recovery health check failed on attempt 1
2026-05-19 14:00:22.535 [WARNING]  doris_mcp_server.utils.db:1337 - ❌ Pool recovery health check failed on attempt 2
2026-05-19 14:00:24.608 [WARNING]  doris_mcp_server.utils.db:1337 - ❌ Pool recovery health check failed on attempt 3
2026-05-19 14:00:54.615 [WARNING]  doris_mcp_server.utils.db:1221 - ❌ Pool health check failed, attempting recovery
2026-05-19 14:00:54.684 [WARNING]  doris_mcp_server.utils.db:1337 - ❌ Pool recovery health check failed on attempt 1
2026-05-19 14:00:56.785 [WARNING]  doris_mcp_server.utils.db:1337 - ❌ Pool recovery health check failed on attempt 2
2026-05-19 14:00:58.857 [WARNING]  doris_mcp_server.utils.db:1337 - ❌ Pool recovery health check failed on attempt 3
2026-05-19 14:01:28.860 [WARNING]  doris_mcp_server.utils.db:1221 - ❌ Pool health check failed, attempting recovery
2026-05-19 14:01:28.931 [WARNING]  doris_mcp_server.utils.db:1337 - ❌ Pool recovery health check failed on attempt 1
2026-05-19 14:01:31.010 [WARNING]  doris_mcp_server.utils.db:1337 - ❌ Pool recovery health check failed on attempt 2
2026-05-19 14:01:33.065 [WARNING]  doris_mcp_server.utils.db:1337 - ❌ Pool recovery health check failed on attempt 3
2026-05-19 14:02:03.071 [WARNING]  doris_mcp_server.utils.db:1221 - ❌ Pool health check failed, attempting recovery
2026-05-19 14:02:03.143 [WARNING]  doris_mcp_server.utils.db:1337 - ❌ Pool recovery health check failed on attempt 1
2026-05-19 14:02:05.207 [WARNING]  doris_mcp_server.utils.db:1337 - ❌ Pool recovery health check failed on attempt 2
2026-05-19 14:02:07.291 [WARNING]  doris_mcp_server.utils.db:1337 - ❌ Pool recovery health check failed on attempt 3
2026-05-19 14:02:37.295 [WARNING]  doris_mcp_server.utils.db:1221 - ❌ Pool health check failed, attempting recovery
2026-05-19 14:02:37.361 [WARNING]  doris_mcp_server.utils.db:1337 - ❌ Pool recovery health check failed on attempt 1
2026-05-19 14:02:39.445 [WARNING]  doris_mcp_server.utils.db:1337 - ❌ Pool recovery health check failed on attempt 2
2026-05-19 14:02:41.521 [WARNING]  doris_mcp_server.utils.db:1337 - ❌ Pool recovery health check failed on attempt 3
2026-05-19 14:03:11.523 [WARNING]  doris_mcp_server.utils.db:1221 - ❌ Pool health check failed, attempting recovery
2026-05-19 14:03:11.609 [WARNING]  doris_mcp_server.utils.db:1337 - ❌ Pool recovery health check failed on attempt 1
2026-05-19 14:03:13.692 [WARNING]  doris_mcp_server.utils.db:1337 - ❌ Pool recovery health check failed on attempt 2
2026-05-19 14:03:15.786 [WARNING]  doris_mcp_server.utils.db:1337 - ❌ Pool recovery health check failed on attempt 3
2026-05-19 14:03:45.789 [WARNING]  doris_mcp_server.utils.db:1221 - ❌ Pool health check failed, attempting recovery
2026-05-19 14:03:45.873 [WARNING]  doris_mcp_server.utils.db:1337 - ❌ Pool recovery health check failed on attempt 1
2026-05-19 14:03:47.957 [WARNING]  doris_mcp_server.utils.db:1337 - ❌ Pool recovery health check failed on attempt 2
2026-05-19 14:03:50.020 [WARNING]  doris_mcp_server.utils.db:1337 - ❌ Pool recovery health check failed on attempt 3
2026-05-19 14:04:20.023 [WARNING]  doris_mcp_server.utils.db:1221 - ❌ Pool health check failed, attempting recovery
2026-05-19 14:04:20.100 [WARNING]  doris_mcp_server.utils.db:1337 - ❌ Pool recovery health check failed on attempt 1
2026-05-19 14:04:22.185 [WARNING]  doris_mcp_server.utils.db:1337 - ❌ Pool recovery health check failed on attempt 2
2026-05-19 14:04:24.255 [WARNING]  doris_mcp_server.utils.db:1337 - ❌ Pool recovery health check failed on attempt 3
2026-05-19 14:04:54.258 [WARNING]  doris_mcp_server.utils.db:1221 - ❌ Pool health check failed, attempting recovery
2026-05-19 14:04:54.329 [WARNING]  doris_mcp_server.utils.db:1337 - ❌ Pool recovery health check failed on attempt 1
2026-05-19 14:04:56.391 [WARNING]  doris_mcp_server.utils.db:1337 - ❌ Pool recovery health check failed on attempt 2
2026-05-19 14:04:58.463 [WARNING]  doris_mcp_server.utils.db:1337 - ❌ Pool recovery health check failed on attempt 3
2026-05-19 14:05:28.466 [WARNING]  doris_mcp_server.utils.db:1221 - ❌ Pool health check failed, attempting recovery
2026-05-19 14:05:28.541 [WARNING]  doris_mcp_server.utils.db:1337 - ❌ Pool recovery health check failed on attempt 1
2026-05-19 14:05:30.610 [WARNING]  doris_mcp_server.utils.db:1337 - ❌ Pool recovery health check failed on attempt 2
2026-05-19 14:05:32.685 [WARNING]  doris_mcp_server.utils.db:1337 - ❌ Pool recovery health check failed on attempt 3
2026-05-19 14:06:02.689 [WARNING]  doris_mcp_server.utils.db:1221 - ❌ Pool health check failed, attempting recovery
2026-05-19 14:06:02.766 [WARNING]  doris_mcp_server.utils.db:1337 - ❌ Pool recovery health check failed on attempt 1
2026-05-19 14:06:04.851 [WARNING]  doris_mcp_server.utils.db:1337 - ❌ Pool recovery health check failed on attempt 2
2026-05-19 14:06:06.935 [WARNING]  doris_mcp_server.utils.db:1337 - ❌ Pool recovery health check failed on attempt 3
2026-05-19 14:06:36.939 [WARNING]  doris_mcp_server.utils.db:1221 - ❌ Pool health check failed, attempting recovery
2026-05-19 14:06:37.021 [WARNING]  doris_mcp_server.utils.db:1337 - ❌ Pool recovery health check failed on attempt 1
2026-05-19 14:06:39.089 [WARNING]  doris_mcp_server.utils.db:1337 - ❌ Pool recovery health check failed on attempt 2
2026-05-19 14:06:41.154 [WARNING]  doris_mcp_server.utils.db:1337 - ❌ Pool recovery health check failed on attempt 3
2026-05-19 14:07:11.157 [WARNING]  doris_mcp_server.utils.db:1221 - ❌ Pool health check failed, attempting recovery
2026-05-19 14:07:11.217 [WARNING]  doris_mcp_server.utils.db:1337 - ❌ Pool recovery health check failed on attempt 1
2026-05-19 14:07:13.281 [WARNING]  doris_mcp_server.utils.db:1337 - ❌ Pool recovery health check failed on attempt 2
2026-05-19 14:07:15.350 [WARNING]  doris_mcp_server.utils.db:1337 - ❌ Pool recovery health check failed on attempt 3
2026-05-19 14:07:45.354 [WARNING]  doris_mcp_server.utils.db:1221 - ❌ Pool health check failed, attempting recovery
2026-05-19 14:07:45.434 [WARNING]  doris_mcp_server.utils.db:1337 - ❌ Pool recovery health check failed on attempt 1
2026-05-19 14:07:47.515 [WARNING]  doris_mcp_server.utils.db:1337 - ❌ Pool recovery health check failed on attempt 2
2026-05-19 14:07:49.620 [WARNING]  doris_mcp_server.utils.db:1337 - ❌ Pool recovery health check failed on attempt 3
2026-05-19 14:08:19.622 [WARNING]  doris_mcp_server.utils.db:1221 - ❌ Pool health check failed, attempting recovery
2026-05-19 14:08:19.689 [WARNING]  doris_mcp_server.utils.db:1337 - ❌ Pool recovery health check failed on attempt 1
2026-05-19 14:08:21.759 [WARNING]  doris_mcp_server.utils.db:1337 - ❌ Pool recovery health check failed on attempt 2
2026-05-19 14:08:23.832 [WARNING]  doris_mcp_server.utils.db:1337 - ❌ Pool recovery health check failed on attempt 3
2026-05-19 14:08:53.837 [WARNING]  doris_mcp_server.utils.db:1221 - ❌ Pool health check failed, attempting recovery
2026-05-19 14:08:53.937 [WARNING]  doris_mcp_server.utils.db:1337 - ❌ Pool recovery health check failed on attempt 1
2026-05-19 14:08:56.008 [WARNING]  doris_mcp_server.utils.db:1337 - ❌ Pool recovery health check failed on attempt 2
2026-05-19 14:08:58.084 [WARNING]  doris_mcp_server.utils.db:1337 - ❌ Pool recovery health check failed on attempt 3
2026-05-19 14:09:28.089 [WARNING]  doris_mcp_server.utils.db:1221 - ❌ Pool health check failed, attempting recovery
2026-05-19 14:09:28.166 [WARNING]  doris_mcp_server.utils.db:1337 - ❌ Pool recovery health check failed on attempt 1
2026-05-19 14:09:30.237 [WARNING]  doris_mcp_server.utils.db:1337 - ❌ Pool recovery health check failed on attempt 2
2026-05-19 14:09:32.313 [WARNING]  doris_mcp_server.utils.db:1337 - ❌ Pool recovery health check failed on attempt 3
2026-05-19 14:10:02.317 [WARNING]  doris_mcp_server.utils.db:1221 - ❌ Pool health check failed, attempting recovery
2026-05-19 14:10:02.379 [WARNING]  doris_mcp_server.utils.db:1337 - ❌ Pool recovery health check failed on attempt 1
2026-05-19 14:10:04.451 [WARNING]  doris_mcp_server.utils.db:1337 - ❌ Pool recovery health check failed on attempt 2
2026-05-19 14:10:06.529 [WARNING]  doris_mcp_server.utils.db:1337 - ❌ Pool recovery health check failed on attempt 3
2026-05-19 14:10:36.533 [WARNING]  doris_mcp_server.utils.db:1221 - ❌ Pool health check failed, attempting recovery
2026-05-19 14:10:36.611 [WARNING]  doris_mcp_server.utils.db:1337 - ❌ Pool recovery health check failed on attempt 1
2026-05-19 14:10:38.669 [WARNING]  doris_mcp_server.utils.db:1337 - ❌ Pool recovery health check failed on attempt 2
2026-05-19 14:10:40.757 [WARNING]  doris_mcp_server.utils.db:1337 - ❌ Pool recovery health check failed on attempt 3
2026-05-19 14:11:10.759 [WARNING]  doris_mcp_server.utils.db:1221 - ❌ Pool health check failed, attempting recovery
2026-05-19 14:11:10.840 [WARNING]  doris_mcp_server.utils.db:1337 - ❌ Pool recovery health check failed on attempt 1
2026-05-19 14:11:12.917 [WARNING]  doris_mcp_server.utils.db:1337 - ❌ Pool recovery health check failed on attempt 2
2026-05-19 14:11:15.017 [WARNING]  doris_mcp_server.utils.db:1337 - ❌ Pool recovery health check failed on attempt 3
2026-05-19 14:11:45.023 [WARNING]  doris_mcp_server.utils.db:1221 - ❌ Pool health check failed, attempting recovery
2026-05-19 14:11:45.093 [WARNING]  doris_mcp_server.utils.db:1337 - ❌ Pool recovery health check failed on attempt 1
2026-05-19 14:11:47.170 [WARNING]  doris_mcp_server.utils.db:1337 - ❌ Pool recovery health check failed on attempt 2
2026-05-19 14:11:49.240 [WARNING]  doris_mcp_server.utils.db:1337 - ❌ Pool recovery health check failed on attempt 3
2026-05-19 14:12:19.244 [WARNING]  doris_mcp_server.utils.db:1221 - ❌ Pool health check failed, attempting recovery
2026-05-19 14:12:19.720 [WARNING]  doris_mcp_server.utils.db:1157 - Failed to warm up connection 3: (1203, 'Reach limit of connections. Total: 1024, User: 100, Current: 125')
2026-05-19 17:36:44.230 [WARNING]  doris_mcp_server.utils.db:1221 - ❌ Pool health check failed, attempting recovery
2026-05-19 18:19:33.410 [WARNING]  doris_mcp_server.utils.db:1221 - ❌ Pool health check failed, attempting recovery
2026-05-19 18:36:19.580 [WARNING]  doris_mcp_server.utils.db:1221 - ❌ Pool health check failed, attempting recovery
2026-05-19 18:52:20.435 [WARNING]  doris_mcp_server.utils.db:1221 - ❌ Pool health check failed, attempting recovery
2026-05-19 18:52:23.438 [WARNING]  doris_mcp_server.utils.db:1298 - Pool close timeout, forcing cleanup
2026-05-19 19:11:51.401 [WARNING]  doris_mcp_server.utils.db:1221 - ❌ Pool health check failed, attempting recovery
2026-05-19 19:31:49.590 [WARNING]  doris_mcp_server.utils.db:1221 - ❌ Pool health check failed, attempting recovery
2026-05-19 19:49:51.997 [WARNING]  doris_mcp_server.utils.db:1221 - ❌ Pool health check failed, attempting recovery
2026-05-19 20:03:22.225 [WARNING]  doris_mcp_server.utils.db:1221 - ❌ Pool health check failed, attempting recovery
2026-05-19 20:19:50.431 [WARNING]  doris_mcp_server.utils.db:1221 - ❌ Pool health check failed, attempting recovery
2026-05-19 20:19:53.433 [WARNING]  doris_mcp_server.utils.db:1298 - Pool close timeout, forcing cleanup
2026-05-19 20:37:56.914 [WARNING]  doris_mcp_server.utils.db:1221 - ❌ Pool health check failed, attempting recovery
2026-05-19 20:54:03.431 [WARNING]  doris_mcp_server.utils.db:1298 - Pool close timeout, forcing cleanup
2026-05-19 21:12:44.000 [WARNING]  doris_mcp_server.utils.db:1221 - ❌ Pool health check failed, attempting recovery
2026-05-19 21:28:41.473 [WARNING]  doris_mcp_server.utils.db:1221 - ❌ Pool health check failed, attempting recovery
2026-05-19 21:28:44.476 [WARNING]  doris_mcp_server.utils.db:1298 - Pool close timeout, forcing cleanup
2026-05-19 21:45:36.761 [WARNING]  doris_mcp_server.utils.db:1221 - ❌ Pool health check failed, attempting recovery
2026-05-19 21:45:39.763 [WARNING]  doris_mcp_server.utils.db:1298 - Pool close timeout, forcing cleanup
2026-05-19 22:02:37.191 [WARNING]  doris_mcp_server.utils.db:1221 - ❌ Pool health check failed, attempting recovery
2026-05-19 22:02:40.193 [WARNING]  doris_mcp_server.utils.db:1298 - Pool close timeout, forcing cleanup
2026-05-19 22:19:08.616 [WARNING]  doris_mcp_server.utils.db:1221 - ❌ Pool health check failed, attempting recovery
2026-05-19 22:36:12.038 [WARNING]  doris_mcp_server.utils.db:1221 - ❌ Pool health check failed, attempting recovery
2026-05-19 22:52:58.686 [WARNING]  doris_mcp_server.utils.db:1298 - Pool close timeout, forcing cleanup
2026-05-19 23:10:07.959 [WARNING]  doris_mcp_server.utils.db:1221 - ❌ Pool health check failed, attempting recovery
2026-05-19 23:27:06.598 [WARNING]  doris_mcp_server.utils.db:1298 - Pool close timeout, forcing cleanup
2026-05-19 23:43:24.125 [WARNING]  doris_mcp_server.utils.db:1221 - ❌ Pool health check failed, attempting recovery
2026-05-19 23:59:27.601 [WARNING]  doris_mcp_server.utils.db:1221 - ❌ Pool health check failed, attempting recovery
2026-05-19 23:59:30.605 [WARNING]  doris_mcp_server.utils.db:1298 - Pool close timeout, forcing cleanup
2026-05-20 00:17:08.932 [WARNING]  doris_mcp_server.utils.db:1221 - ❌ Pool health check failed, attempting recovery
2026-05-20 00:17:11.936 [WARNING]  doris_mcp_server.utils.db:1298 - Pool close timeout, forcing cleanup
2026-05-20 00:34:48.304 [WARNING]  doris_mcp_server.utils.db:1221 - ❌ Pool health check failed, attempting recovery
2026-05-20 00:49:57.973 [WARNING]  doris_mcp_server.utils.db:1298 - Pool close timeout, forcing cleanup
2026-05-20 01:06:51.107 [WARNING]  doris_mcp_server.utils.db:1221 - ❌ Pool health check failed, attempting recovery
2026-05-20 01:35:28.751 [WARNING]  doris_mcp_server.utils.db:1221 - ❌ Pool health check failed, attempting recovery
2026-05-20 01:35:31.755 [WARNING]  doris_mcp_server.utils.db:1298 - Pool close timeout, forcing cleanup
2026-05-20 01:53:38.568 [WARNING]  doris_mcp_server.utils.db:1221 - ❌ Pool health check failed, attempting recovery
2026-05-20 02:10:43.400 [WARNING]  doris_mcp_server.utils.db:1221 - ❌ Pool health check failed, attempting recovery
2026-05-20 02:27:25.060 [WARNING]  doris_mcp_server.utils.db:1221 - ❌ Pool health check failed, attempting recovery
2026-05-20 02:43:24.515 [WARNING]  doris_mcp_server.utils.db:1221 - ❌ Pool health check failed, attempting recovery
2026-05-20 02:43:27.518 [WARNING]  doris_mcp_server.utils.db:1298 - Pool close timeout, forcing cleanup
2026-05-20 03:00:44.669 [WARNING]  doris_mcp_server.utils.db:1221 - ❌ Pool health check failed, attempting recovery
2026-05-20 03:16:43.207 [WARNING]  doris_mcp_server.utils.db:1221 - ❌ Pool health check failed, attempting recovery
2026-05-20 03:16:46.210 [WARNING]  doris_mcp_server.utils.db:1298 - Pool close timeout, forcing cleanup
2026-05-20 03:33:08.714 [WARNING]  doris_mcp_server.utils.db:1221 - ❌ Pool health check failed, attempting recovery
2026-05-20 03:49:18.410 [WARNING]  doris_mcp_server.utils.db:1298 - Pool close timeout, forcing cleanup
2026-05-20 04:07:51.102 [WARNING]  doris_mcp_server.utils.db:1221 - ❌ Pool health check failed, attempting recovery
2026-05-20 04:25:03.658 [WARNING]  doris_mcp_server.utils.db:1298 - Pool close timeout, forcing cleanup
2026-05-20 04:42:25.761 [WARNING]  doris_mcp_server.utils.db:1221 - ❌ Pool health check failed, attempting recovery
2026-05-20 04:42:28.765 [WARNING]  doris_mcp_server.utils.db:1298 - Pool close timeout, forcing cleanup
2026-05-20 05:00:42.634 [WARNING]  doris_mcp_server.utils.db:1221 - ❌ Pool health check failed, attempting recovery
2026-05-20 05:00:45.636 [WARNING]  doris_mcp_server.utils.db:1298 - Pool close timeout, forcing cleanup
2026-05-20 05:34:35.123 [WARNING]  doris_mcp_server.utils.db:1221 - ❌ Pool health check failed, attempting recovery
2026-05-20 05:34:38.126 [WARNING]  doris_mcp_server.utils.db:1298 - Pool close timeout, forcing cleanup
2026-05-20 05:52:24.083 [WARNING]  doris_mcp_server.utils.db:1221 - ❌ Pool health check failed, attempting recovery
2026-05-20 06:08:23.710 [WARNING]  doris_mcp_server.utils.db:1221 - ❌ Pool health check failed, attempting recovery
2026-05-20 06:24:48.735 [WARNING]  doris_mcp_server.utils.db:1221 - ❌ Pool health check failed, attempting recovery
2026-05-20 06:24:51.738 [WARNING]  doris_mcp_server.utils.db:1298 - Pool close timeout, forcing cleanup
2026-05-20 06:42:25.809 [WARNING]  doris_mcp_server.utils.db:1221 - ❌ Pool health check failed, attempting recovery
2026-05-20 06:42:28.813 [WARNING]  doris_mcp_server.utils.db:1298 - Pool close timeout, forcing cleanup
2026-05-20 07:08:27.055 [WARNING]  doris_mcp_server.utils.db:1221 - ❌ Pool health check failed, attempting recovery
2026-05-20 07:08:30.057 [WARNING]  doris_mcp_server.utils.db:1298 - Pool close timeout, forcing cleanup
2026-05-20 07:24:52.422 [WARNING]  doris_mcp_server.utils.db:1221 - ❌ Pool health check failed, attempting recovery
2026-05-20 07:24:55.424 [WARNING]  doris_mcp_server.utils.db:1298 - Pool close timeout, forcing cleanup
2026-05-20 07:42:13.522 [WARNING]  doris_mcp_server.utils.db:1221 - ❌ Pool health check failed, attempting recovery
2026-05-20 07:42:16.525 [WARNING]  doris_mcp_server.utils.db:1298 - Pool close timeout, forcing cleanup
2026-05-20 07:54:05.104 [WARNING]  doris_mcp_server.utils.db:1221 - ❌ Pool health check failed, attempting recovery
2026-05-20 08:12:13.230 [WARNING]  doris_mcp_server.utils.db:1221 - ❌ Pool health check failed, attempting recovery
2026-05-20 08:28:45.417 [WARNING]  doris_mcp_server.utils.db:1221 - ❌ Pool health check failed, attempting recovery
2026-05-20 08:28:48.420 [WARNING]  doris_mcp_server.utils.db:1298 - Pool close timeout, forcing cleanup
2026-05-20 08:38:49.281 [WARNING]  doris_mcp_server.utils.db:1221 - ❌ Pool health check failed, attempting recovery
2026-05-20 08:38:52.283 [WARNING]  doris_mcp_server.utils.db:1298 - Pool close timeout, forcing cleanup
2026-05-20 09:42:56.300 [WARNING]  doris_mcp_server.utils.db:1221 - ❌ Pool health check failed, attempting recovery
2026-05-20 09:42:59.302 [WARNING]  doris_mcp_server.utils.db:1298 - Pool close timeout, forcing cleanup
2026-05-20 10:32:10.111 [WARNING]  doris_mcp_server.utils.db:1221 - ❌ Pool health check failed, attempting recovery
2026-05-20 10:37:13.275 [WARNING]  doris_mcp_server.utils.db:1221 - ❌ Pool health check failed, attempting recovery
2026-05-20 10:37:16.277 [WARNING]  doris_mcp_server.utils.db:1298 - Pool close timeout, forcing cleanup
2026-05-20 11:38:09.849 [WARNING]  doris_mcp_server.utils.db:1221 - ❌ Pool health check failed, attempting recovery
2026-05-20 12:18:02.741 [WARNING]  doris_mcp_server.utils.db:1221 - ❌ Pool health check failed, attempting recovery
2026-05-20 12:18:05.744 [WARNING]  doris_mcp_server.utils.db:1298 - Pool close timeout, forcing cleanup
2026-05-20 12:34:59.324 [WARNING]  doris_mcp_server.utils.db:1221 - ❌ Pool health check failed, attempting recovery
2026-05-20 12:35:02.327 [WARNING]  doris_mcp_server.utils.db:1298 - Pool close timeout, forcing cleanup
2026-05-20 12:50:58.986 [WARNING]  doris_mcp_server.utils.db:1221 - ❌ Pool health check failed, attempting recovery
2026-05-20 13:08:13.807 [WARNING]  doris_mcp_server.utils.db:1221 - ❌ Pool health check failed, attempting recovery
2026-05-20 13:24:32.332 [WARNING]  doris_mcp_server.utils.db:1221 - ❌ Pool health check failed, attempting recovery
2026-05-20 13:31:24.430 [WARNING]  doris_mcp_server.utils.db:1221 - ❌ Pool health check failed, attempting recovery
2026-05-20 13:31:27.433 [WARNING]  doris_mcp_server.utils.db:1298 - Pool close timeout, forcing cleanup
2026-05-20 14:03:10.642 [WARNING]  doris_mcp_server.utils.db:1221 - ❌ Pool health check failed, attempting recovery
2026-05-20 14:03:13.643 [WARNING]  doris_mcp_server.utils.db:1298 - Pool close timeout, forcing cleanup
