2026-04-13 10:32:16.993 [INFO]     doris_mcp_server.log_cleanup:163 - Log cleanup scheduler started - cleanup every 24h, max age 30 days
2026-04-13 10:32:16.994 [INFO]     doris_mcp_server.logger:427 - ================================================================================
2026-04-13 10:32:16.994 [INFO]     doris_mcp_server.logger:428 - Doris MCP Server Logging System Initialized
2026-04-13 10:32:16.994 [INFO]     doris_mcp_server.logger:429 - Log Level: INFO
2026-04-13 10:32:16.994 [INFO]     doris_mcp_server.logger:431 - Log Directory: /Users/a1/Documents/Office/code/ms-proj/logs
2026-04-13 10:32:16.994 [INFO]     doris_mcp_server.logger:434 - Console Logging: Disabled
2026-04-13 10:32:16.994 [INFO]     doris_mcp_server.logger:435 - File Logging: Enabled
2026-04-13 10:32:16.994 [INFO]     doris_mcp_server.logger:436 - Audit Logging: Enabled
2026-04-13 10:32:16.994 [INFO]     doris_mcp_server.logger:437 - Log Cleanup: Enabled
2026-04-13 10:32:16.994 [INFO]     doris_mcp_server.logger:439 - Cleanup Settings: Max age 30 days, interval 24h
2026-04-13 10:32:16.994 [INFO]     doris_mcp_server.logger:443 - ================================================================================
2026-04-13 10:32:16.994 [INFO]     doris_mcp_server.utils.config:948 - Enhanced logging system with cleanup initialized successfully
2026-04-13 10:32:16.994 [INFO]     doris_mcp_server.utils.config:949 - Log directory: logs
2026-04-13 10:32:16.994 [INFO]     doris_mcp_server.utils.config:950 - Log level: INFO
2026-04-13 10:32:16.994 [INFO]     doris_mcp_server.utils.config:951 - Audit logging: Enabled
2026-04-13 10:32:16.994 [INFO]     doris_mcp_server.utils.config:952 - Log cleanup: Enabled
2026-04-13 10:32:16.994 [INFO]     doris_mcp_server.utils.config:954 - Cleanup config: Max age 30 days, interval 24h
2026-04-13 10:32:16.994 [INFO]     doris_mcp_server.system:483 - System Information:
2026-04-13 10:32:16.994 [INFO]     doris_mcp_server.system:484 - Python Version: 3.12.13 (main, Mar  3 2026, 12:39:30) [Clang 17.0.0 (clang-1700.6.3.2)]
2026-04-13 10:32:16.994 [INFO]     doris_mcp_server.system:485 - Platform: darwin
2026-04-13 10:32:16.994 [INFO]     doris_mcp_server.system:486 - Working Directory: /Users/a1/Documents/Office/code/ms-proj
2026-04-13 10:32:16.994 [INFO]     doris_mcp_server.system:487 - Process ID: 37894
2026-04-13 10:32:16.994 [INFO]     doris_mcp_server.system:493 - Environment LOG_LEVEL: Not Set
2026-04-13 10:32:16.994 [INFO]     doris_mcp_server.system:493 - Environment LOG_FILE_PATH: Not Set
2026-04-13 10:32:16.994 [INFO]     doris_mcp_server.system:493 - Environment ENABLE_AUDIT: Not Set
2026-04-13 10:32:16.994 [INFO]     doris_mcp_server.system:493 - Environment AUDIT_FILE_PATH: Not Set
2026-04-13 10:32:16.994 [INFO]     doris_mcp_server.main:916 - Starting Doris MCP Server...
2026-04-13 10:32:16.994 [INFO]     doris_mcp_server.main:917 - Transport: stdio
2026-04-13 10:32:16.994 [INFO]     doris_mcp_server.main:918 - Log Level: INFO
2026-04-13 10:32:16.995 [INFO]     doris_mcp_server.utils.security:480 - All authentication methods are disabled - anonymous access allowed
2026-04-13 10:32:16.995 [INFO]     doris_mcp_server.utils.db:211 - Session  Cache initialized, save system session: False, save user session: False
2026-04-13 10:32:16.995 [INFO]     doris_mcp_server.utils.schema_extractor:105 - Loaded excluded database list: ['information_schema', 'mysql', 'performance_schema', 'sys', 'doris_metadata']
2026-04-13 10:32:16.995 [INFO]     doris_mcp_server.utils.data_governance_tools:45 - DataGovernanceTools initialized
2026-04-13 10:32:16.995 [INFO]     doris_mcp_server.utils.data_exploration_tools:45 - DataExplorationTools initialized
2026-04-13 10:32:16.995 [INFO]     doris_mcp_server.utils.data_quality_tools:50 - DataQualityTools initialized with atomic tools
2026-04-13 10:32:16.995 [INFO]     doris_mcp_server.utils.security_analytics_tools:39 - SecurityAnalyticsTools initialized
2026-04-13 10:32:16.995 [INFO]     doris_mcp_server.utils.dependency_analysis_tools:46 - DependencyAnalysisTools initialized
2026-04-13 10:32:16.995 [INFO]     doris_mcp_server.utils.performance_analytics_tools:46 - PerformanceAnalyticsTools initialized
2026-04-13 10:32:16.995 [INFO]     doris_mcp_server.tools.tools_manager:72 - DorisToolsManager initialized with business logic processors, v0.5.0 analytics tools, and ADBC query tools
2026-04-13 10:32:16.995 [INFO]     doris_mcp_server.main.DorisServer:428 - Starting Doris MCP Server (stdio mode)
2026-04-13 10:32:16.995 [INFO]     doris_mcp_server.utils.security:127 - DorisSecurityManager initialized successfully
2026-04-13 10:32:16.995 [INFO]     doris_mcp_server.main.DorisServer:433 - Security manager initialization completed
2026-04-13 10:32:16.995 [INFO]     doris_mcp_server.utils.db:950 - stdio mode database config validated: 124.71.61.163:19030
2026-04-13 10:32:16.995 [INFO]     doris_mcp_server.utils.db:960 - Testing database connectivity for stdio mode...
2026-04-13 10:32:17.186 [INFO]     doris_mcp_server.utils.db:1146 - 🔥 Warming up connection pool with 3 connections
2026-04-13 10:32:17.186 [INFO]     doris_mcp_server.utils.db:1180 - 🩺 Starting pool health monitor
2026-04-13 10:32:17.186 [INFO]     doris_mcp_server.utils.db:1194 - 🧹 Starting pool cleanup monitor
2026-04-13 10:32:17.357 [INFO]     doris_mcp_server.utils.db:1167 - ✅ Pool warmup completed, 3 connections created
2026-04-13 10:32:17.357 [INFO]     doris_mcp_server.utils.db:986 - Database connection established successfully for stdio mode
2026-04-13 10:32:17.357 [INFO]     doris_mcp_server.main.DorisServer:450 - Creating stdio_server transport...
2026-04-13 10:32:17.362 [INFO]     doris_mcp_server.main.DorisServer:456 - stdio_server streams created successfully
2026-04-13 10:32:17.362 [INFO]     doris_mcp_server.main.DorisServer:466 - Initialization options created successfully
2026-04-13 10:32:17.362 [INFO]     doris_mcp_server.main.DorisServer:469 - Starting to run MCP server...
2026-04-13 10:32:17.365 [INFO]     mcp.server.lowlevel.server:727 - Processing request of type ListToolsRequest
2026-04-13 10:32:17.365 [INFO]     doris_mcp_server.main.DorisServer:362 - Handling tool list request
2026-04-13 10:32:17.365 [INFO]     doris_mcp_server.main.DorisServer:364 - Returning 25 tools
2026-04-13 10:32:26.173 [INFO]     doris_mcp_server.log_cleanup:163 - Log cleanup scheduler started - cleanup every 24h, max age 30 days
2026-04-13 10:32:26.174 [INFO]     doris_mcp_server.logger:427 - ================================================================================
2026-04-13 10:32:26.174 [INFO]     doris_mcp_server.logger:428 - Doris MCP Server Logging System Initialized
2026-04-13 10:32:26.174 [INFO]     doris_mcp_server.logger:429 - Log Level: INFO
2026-04-13 10:32:26.174 [INFO]     doris_mcp_server.logger:431 - Log Directory: /Users/a1/Documents/Office/code/ms-proj/logs
2026-04-13 10:32:26.174 [INFO]     doris_mcp_server.logger:434 - Console Logging: Disabled
2026-04-13 10:32:26.174 [INFO]     doris_mcp_server.logger:435 - File Logging: Enabled
2026-04-13 10:32:26.174 [INFO]     doris_mcp_server.logger:436 - Audit Logging: Enabled
2026-04-13 10:32:26.174 [INFO]     doris_mcp_server.logger:437 - Log Cleanup: Enabled
2026-04-13 10:32:26.174 [INFO]     doris_mcp_server.logger:439 - Cleanup Settings: Max age 30 days, interval 24h
2026-04-13 10:32:26.174 [INFO]     doris_mcp_server.logger:443 - ================================================================================
2026-04-13 10:32:26.174 [INFO]     doris_mcp_server.utils.config:948 - Enhanced logging system with cleanup initialized successfully
2026-04-13 10:32:26.174 [INFO]     doris_mcp_server.utils.config:949 - Log directory: logs
2026-04-13 10:32:26.174 [INFO]     doris_mcp_server.utils.config:950 - Log level: INFO
2026-04-13 10:32:26.174 [INFO]     doris_mcp_server.utils.config:951 - Audit logging: Enabled
2026-04-13 10:32:26.174 [INFO]     doris_mcp_server.utils.config:952 - Log cleanup: Enabled
2026-04-13 10:32:26.174 [INFO]     doris_mcp_server.utils.config:954 - Cleanup config: Max age 30 days, interval 24h
2026-04-13 10:32:26.174 [INFO]     doris_mcp_server.system:483 - System Information:
2026-04-13 10:32:26.174 [INFO]     doris_mcp_server.system:484 - Python Version: 3.12.13 (main, Mar  3 2026, 12:39:30) [Clang 17.0.0 (clang-1700.6.3.2)]
2026-04-13 10:32:26.174 [INFO]     doris_mcp_server.system:485 - Platform: darwin
2026-04-13 10:32:26.174 [INFO]     doris_mcp_server.system:486 - Working Directory: /Users/a1/Documents/Office/code/ms-proj
2026-04-13 10:32:26.174 [INFO]     doris_mcp_server.system:487 - Process ID: 38025
2026-04-13 10:32:26.174 [INFO]     doris_mcp_server.system:493 - Environment LOG_LEVEL: Not Set
2026-04-13 10:32:26.174 [INFO]     doris_mcp_server.system:493 - Environment LOG_FILE_PATH: Not Set
2026-04-13 10:32:26.174 [INFO]     doris_mcp_server.system:493 - Environment ENABLE_AUDIT: Not Set
2026-04-13 10:32:26.174 [INFO]     doris_mcp_server.system:493 - Environment AUDIT_FILE_PATH: Not Set
2026-04-13 10:32:26.174 [INFO]     doris_mcp_server.main:916 - Starting Doris MCP Server...
2026-04-13 10:32:26.174 [INFO]     doris_mcp_server.main:917 - Transport: stdio
2026-04-13 10:32:26.174 [INFO]     doris_mcp_server.main:918 - Log Level: INFO
2026-04-13 10:32:26.175 [INFO]     doris_mcp_server.utils.security:480 - All authentication methods are disabled - anonymous access allowed
2026-04-13 10:32:26.175 [INFO]     doris_mcp_server.utils.db:211 - Session  Cache initialized, save system session: False, save user session: False
2026-04-13 10:32:26.175 [INFO]     doris_mcp_server.utils.schema_extractor:105 - Loaded excluded database list: ['information_schema', 'mysql', 'performance_schema', 'sys', 'doris_metadata']
2026-04-13 10:32:26.175 [INFO]     doris_mcp_server.utils.data_governance_tools:45 - DataGovernanceTools initialized
2026-04-13 10:32:26.175 [INFO]     doris_mcp_server.utils.data_exploration_tools:45 - DataExplorationTools initialized
2026-04-13 10:32:26.175 [INFO]     doris_mcp_server.utils.data_quality_tools:50 - DataQualityTools initialized with atomic tools
2026-04-13 10:32:26.175 [INFO]     doris_mcp_server.utils.security_analytics_tools:39 - SecurityAnalyticsTools initialized
2026-04-13 10:32:26.175 [INFO]     doris_mcp_server.utils.dependency_analysis_tools:46 - DependencyAnalysisTools initialized
2026-04-13 10:32:26.175 [INFO]     doris_mcp_server.utils.performance_analytics_tools:46 - PerformanceAnalyticsTools initialized
2026-04-13 10:32:26.175 [INFO]     doris_mcp_server.tools.tools_manager:72 - DorisToolsManager initialized with business logic processors, v0.5.0 analytics tools, and ADBC query tools
2026-04-13 10:32:26.175 [INFO]     doris_mcp_server.main.DorisServer:428 - Starting Doris MCP Server (stdio mode)
2026-04-13 10:32:26.175 [INFO]     doris_mcp_server.utils.security:127 - DorisSecurityManager initialized successfully
2026-04-13 10:32:26.175 [INFO]     doris_mcp_server.main.DorisServer:433 - Security manager initialization completed
2026-04-13 10:32:26.175 [INFO]     doris_mcp_server.utils.db:950 - stdio mode database config validated: 124.71.61.163:19030
2026-04-13 10:32:26.175 [INFO]     doris_mcp_server.utils.db:960 - Testing database connectivity for stdio mode...
2026-04-13 10:32:26.405 [INFO]     doris_mcp_server.utils.db:1146 - 🔥 Warming up connection pool with 3 connections
2026-04-13 10:32:26.405 [INFO]     doris_mcp_server.utils.db:1180 - 🩺 Starting pool health monitor
2026-04-13 10:32:26.406 [INFO]     doris_mcp_server.utils.db:1194 - 🧹 Starting pool cleanup monitor
2026-04-13 10:32:26.595 [INFO]     doris_mcp_server.utils.db:1167 - ✅ Pool warmup completed, 3 connections created
2026-04-13 10:32:26.595 [INFO]     doris_mcp_server.utils.db:986 - Database connection established successfully for stdio mode
2026-04-13 10:32:26.595 [INFO]     doris_mcp_server.main.DorisServer:450 - Creating stdio_server transport...
2026-04-13 10:32:26.600 [INFO]     doris_mcp_server.main.DorisServer:456 - stdio_server streams created successfully
2026-04-13 10:32:26.600 [INFO]     doris_mcp_server.main.DorisServer:466 - Initialization options created successfully
2026-04-13 10:32:26.601 [INFO]     doris_mcp_server.main.DorisServer:469 - Starting to run MCP server...
2026-04-13 10:32:26.604 [INFO]     mcp.server.lowlevel.server:727 - Processing request of type ListToolsRequest
2026-04-13 10:32:26.604 [INFO]     doris_mcp_server.main.DorisServer:362 - Handling tool list request
2026-04-13 10:32:26.604 [INFO]     doris_mcp_server.main.DorisServer:364 - Returning 25 tools
2026-04-13 10:32:37.931 [INFO]     doris_mcp_server.log_cleanup:163 - Log cleanup scheduler started - cleanup every 24h, max age 30 days
2026-04-13 10:32:37.931 [INFO]     doris_mcp_server.logger:427 - ================================================================================
2026-04-13 10:32:37.931 [INFO]     doris_mcp_server.logger:428 - Doris MCP Server Logging System Initialized
2026-04-13 10:32:37.931 [INFO]     doris_mcp_server.logger:429 - Log Level: INFO
2026-04-13 10:32:37.931 [INFO]     doris_mcp_server.logger:431 - Log Directory: /Users/a1/Documents/Office/code/ms-proj/logs
2026-04-13 10:32:37.931 [INFO]     doris_mcp_server.logger:434 - Console Logging: Disabled
2026-04-13 10:32:37.931 [INFO]     doris_mcp_server.logger:435 - File Logging: Enabled
2026-04-13 10:32:37.931 [INFO]     doris_mcp_server.logger:436 - Audit Logging: Enabled
2026-04-13 10:32:37.932 [INFO]     doris_mcp_server.logger:437 - Log Cleanup: Enabled
2026-04-13 10:32:37.932 [INFO]     doris_mcp_server.logger:439 - Cleanup Settings: Max age 30 days, interval 24h
2026-04-13 10:32:37.932 [INFO]     doris_mcp_server.logger:443 - ================================================================================
2026-04-13 10:32:37.932 [INFO]     doris_mcp_server.utils.config:948 - Enhanced logging system with cleanup initialized successfully
2026-04-13 10:32:37.932 [INFO]     doris_mcp_server.utils.config:949 - Log directory: logs
2026-04-13 10:32:37.932 [INFO]     doris_mcp_server.utils.config:950 - Log level: INFO
2026-04-13 10:32:37.932 [INFO]     doris_mcp_server.utils.config:951 - Audit logging: Enabled
2026-04-13 10:32:37.932 [INFO]     doris_mcp_server.utils.config:952 - Log cleanup: Enabled
2026-04-13 10:32:37.932 [INFO]     doris_mcp_server.utils.config:954 - Cleanup config: Max age 30 days, interval 24h
2026-04-13 10:32:37.932 [INFO]     doris_mcp_server.system:483 - System Information:
2026-04-13 10:32:37.932 [INFO]     doris_mcp_server.system:484 - Python Version: 3.12.13 (main, Mar  3 2026, 12:39:30) [Clang 17.0.0 (clang-1700.6.3.2)]
2026-04-13 10:32:37.932 [INFO]     doris_mcp_server.system:485 - Platform: darwin
2026-04-13 10:32:37.932 [INFO]     doris_mcp_server.system:486 - Working Directory: /Users/a1/Documents/Office/code/ms-proj
2026-04-13 10:32:37.932 [INFO]     doris_mcp_server.system:487 - Process ID: 38259
2026-04-13 10:32:37.932 [INFO]     doris_mcp_server.system:493 - Environment LOG_LEVEL: Not Set
2026-04-13 10:32:37.932 [INFO]     doris_mcp_server.system:493 - Environment LOG_FILE_PATH: Not Set
2026-04-13 10:32:37.932 [INFO]     doris_mcp_server.system:493 - Environment ENABLE_AUDIT: Not Set
2026-04-13 10:32:37.932 [INFO]     doris_mcp_server.system:493 - Environment AUDIT_FILE_PATH: Not Set
2026-04-13 10:32:37.932 [INFO]     doris_mcp_server.main:916 - Starting Doris MCP Server...
2026-04-13 10:32:37.932 [INFO]     doris_mcp_server.main:917 - Transport: stdio
2026-04-13 10:32:37.932 [INFO]     doris_mcp_server.main:918 - Log Level: INFO
2026-04-13 10:32:37.932 [INFO]     doris_mcp_server.utils.security:480 - All authentication methods are disabled - anonymous access allowed
2026-04-13 10:32:37.932 [INFO]     doris_mcp_server.utils.db:211 - Session  Cache initialized, save system session: False, save user session: False
2026-04-13 10:32:37.932 [INFO]     doris_mcp_server.utils.schema_extractor:105 - Loaded excluded database list: ['information_schema', 'mysql', 'performance_schema', 'sys', 'doris_metadata']
2026-04-13 10:32:37.932 [INFO]     doris_mcp_server.utils.data_governance_tools:45 - DataGovernanceTools initialized
2026-04-13 10:32:37.932 [INFO]     doris_mcp_server.utils.data_exploration_tools:45 - DataExplorationTools initialized
2026-04-13 10:32:37.932 [INFO]     doris_mcp_server.utils.data_quality_tools:50 - DataQualityTools initialized with atomic tools
2026-04-13 10:32:37.932 [INFO]     doris_mcp_server.utils.security_analytics_tools:39 - SecurityAnalyticsTools initialized
2026-04-13 10:32:37.933 [INFO]     doris_mcp_server.utils.dependency_analysis_tools:46 - DependencyAnalysisTools initialized
2026-04-13 10:32:37.933 [INFO]     doris_mcp_server.utils.performance_analytics_tools:46 - PerformanceAnalyticsTools initialized
2026-04-13 10:32:37.933 [INFO]     doris_mcp_server.tools.tools_manager:72 - DorisToolsManager initialized with business logic processors, v0.5.0 analytics tools, and ADBC query tools
2026-04-13 10:32:37.933 [INFO]     doris_mcp_server.main.DorisServer:428 - Starting Doris MCP Server (stdio mode)
2026-04-13 10:32:37.933 [INFO]     doris_mcp_server.utils.security:127 - DorisSecurityManager initialized successfully
2026-04-13 10:32:37.933 [INFO]     doris_mcp_server.main.DorisServer:433 - Security manager initialization completed
2026-04-13 10:32:37.933 [INFO]     doris_mcp_server.utils.db:950 - stdio mode database config validated: 124.71.61.163:19030
2026-04-13 10:32:37.933 [INFO]     doris_mcp_server.utils.db:960 - Testing database connectivity for stdio mode...
2026-04-13 10:32:39.173 [INFO]     doris_mcp_server.utils.db:1146 - 🔥 Warming up connection pool with 3 connections
2026-04-13 10:32:39.175 [INFO]     doris_mcp_server.utils.db:1180 - 🩺 Starting pool health monitor
2026-04-13 10:32:39.175 [INFO]     doris_mcp_server.utils.db:1194 - 🧹 Starting pool cleanup monitor
2026-04-13 10:32:39.315 [INFO]     doris_mcp_server.utils.db:1167 - ✅ Pool warmup completed, 3 connections created
2026-04-13 10:32:39.316 [INFO]     doris_mcp_server.utils.db:986 - Database connection established successfully for stdio mode
2026-04-13 10:32:39.316 [INFO]     doris_mcp_server.main.DorisServer:450 - Creating stdio_server transport...
2026-04-13 10:32:39.325 [INFO]     doris_mcp_server.main.DorisServer:456 - stdio_server streams created successfully
2026-04-13 10:32:39.325 [INFO]     doris_mcp_server.main.DorisServer:466 - Initialization options created successfully
2026-04-13 10:32:39.325 [INFO]     doris_mcp_server.main.DorisServer:469 - Starting to run MCP server...
2026-04-13 10:32:39.329 [INFO]     mcp.server.lowlevel.server:727 - Processing request of type ListToolsRequest
2026-04-13 10:32:39.329 [INFO]     doris_mcp_server.main.DorisServer:362 - Handling tool list request
2026-04-13 10:32:39.329 [INFO]     doris_mcp_server.main.DorisServer:364 - Returning 25 tools
2026-04-13 11:58:37.463 [INFO]     doris_mcp_server.log_cleanup:163 - Log cleanup scheduler started - cleanup every 24h, max age 30 days
2026-04-13 11:58:37.463 [INFO]     doris_mcp_server.logger:427 - ================================================================================
2026-04-13 11:58:37.463 [INFO]     doris_mcp_server.logger:428 - Doris MCP Server Logging System Initialized
2026-04-13 11:58:37.463 [INFO]     doris_mcp_server.logger:429 - Log Level: INFO
2026-04-13 11:58:37.463 [INFO]     doris_mcp_server.logger:431 - Log Directory: /Users/a1/Documents/Office/code/ms-proj/logs
2026-04-13 11:58:37.463 [INFO]     doris_mcp_server.logger:434 - Console Logging: Disabled
2026-04-13 11:58:37.463 [INFO]     doris_mcp_server.logger:435 - File Logging: Enabled
2026-04-13 11:58:37.463 [INFO]     doris_mcp_server.logger:436 - Audit Logging: Enabled
2026-04-13 11:58:37.463 [INFO]     doris_mcp_server.logger:437 - Log Cleanup: Enabled
2026-04-13 11:58:37.463 [INFO]     doris_mcp_server.logger:439 - Cleanup Settings: Max age 30 days, interval 24h
2026-04-13 11:58:37.463 [INFO]     doris_mcp_server.logger:443 - ================================================================================
2026-04-13 11:58:37.463 [INFO]     doris_mcp_server.utils.config:948 - Enhanced logging system with cleanup initialized successfully
2026-04-13 11:58:37.463 [INFO]     doris_mcp_server.utils.config:949 - Log directory: logs
2026-04-13 11:58:37.463 [INFO]     doris_mcp_server.utils.config:950 - Log level: INFO
2026-04-13 11:58:37.463 [INFO]     doris_mcp_server.utils.config:951 - Audit logging: Enabled
2026-04-13 11:58:37.464 [INFO]     doris_mcp_server.utils.config:952 - Log cleanup: Enabled
2026-04-13 11:58:37.464 [INFO]     doris_mcp_server.utils.config:954 - Cleanup config: Max age 30 days, interval 24h
2026-04-13 11:58:37.464 [INFO]     doris_mcp_server.system:483 - System Information:
2026-04-13 11:58:37.464 [INFO]     doris_mcp_server.system:484 - Python Version: 3.12.13 (main, Mar  3 2026, 12:39:30) [Clang 17.0.0 (clang-1700.6.3.2)]
2026-04-13 11:58:37.464 [INFO]     doris_mcp_server.system:485 - Platform: darwin
2026-04-13 11:58:37.464 [INFO]     doris_mcp_server.system:486 - Working Directory: /Users/a1/Documents/Office/code/ms-proj
2026-04-13 11:58:37.464 [INFO]     doris_mcp_server.system:487 - Process ID: 41145
2026-04-13 11:58:37.464 [INFO]     doris_mcp_server.system:493 - Environment LOG_LEVEL: Not Set
2026-04-13 11:58:37.464 [INFO]     doris_mcp_server.system:493 - Environment LOG_FILE_PATH: Not Set
2026-04-13 11:58:37.464 [INFO]     doris_mcp_server.system:493 - Environment ENABLE_AUDIT: Not Set
2026-04-13 11:58:37.464 [INFO]     doris_mcp_server.system:493 - Environment AUDIT_FILE_PATH: Not Set
2026-04-13 11:58:37.464 [INFO]     doris_mcp_server.main:916 - Starting Doris MCP Server...
2026-04-13 11:58:37.464 [INFO]     doris_mcp_server.main:917 - Transport: stdio
2026-04-13 11:58:37.464 [INFO]     doris_mcp_server.main:918 - Log Level: INFO
2026-04-13 11:58:37.464 [INFO]     doris_mcp_server.utils.security:480 - All authentication methods are disabled - anonymous access allowed
2026-04-13 11:58:37.464 [INFO]     doris_mcp_server.utils.db:211 - Session  Cache initialized, save system session: False, save user session: False
2026-04-13 11:58:37.464 [INFO]     doris_mcp_server.utils.schema_extractor:105 - Loaded excluded database list: ['information_schema', 'mysql', 'performance_schema', 'sys', 'doris_metadata']
2026-04-13 11:58:37.464 [INFO]     doris_mcp_server.utils.data_governance_tools:45 - DataGovernanceTools initialized
2026-04-13 11:58:37.464 [INFO]     doris_mcp_server.utils.data_exploration_tools:45 - DataExplorationTools initialized
2026-04-13 11:58:37.464 [INFO]     doris_mcp_server.utils.data_quality_tools:50 - DataQualityTools initialized with atomic tools
2026-04-13 11:58:37.464 [INFO]     doris_mcp_server.utils.security_analytics_tools:39 - SecurityAnalyticsTools initialized
2026-04-13 11:58:37.464 [INFO]     doris_mcp_server.utils.dependency_analysis_tools:46 - DependencyAnalysisTools initialized
2026-04-13 11:58:37.464 [INFO]     doris_mcp_server.utils.performance_analytics_tools:46 - PerformanceAnalyticsTools initialized
2026-04-13 11:58:37.464 [INFO]     doris_mcp_server.tools.tools_manager:72 - DorisToolsManager initialized with business logic processors, v0.5.0 analytics tools, and ADBC query tools
2026-04-13 11:58:37.464 [INFO]     doris_mcp_server.main.DorisServer:428 - Starting Doris MCP Server (stdio mode)
2026-04-13 11:58:37.465 [INFO]     doris_mcp_server.utils.security:127 - DorisSecurityManager initialized successfully
2026-04-13 11:58:37.465 [INFO]     doris_mcp_server.main.DorisServer:433 - Security manager initialization completed
2026-04-13 11:58:37.465 [INFO]     doris_mcp_server.utils.db:950 - stdio mode database config validated: 124.71.61.163:19030
2026-04-13 11:58:37.465 [INFO]     doris_mcp_server.utils.db:960 - Testing database connectivity for stdio mode...
2026-04-13 11:58:37.655 [INFO]     doris_mcp_server.utils.db:1146 - 🔥 Warming up connection pool with 3 connections
2026-04-13 11:58:37.656 [INFO]     doris_mcp_server.utils.db:1180 - 🩺 Starting pool health monitor
2026-04-13 11:58:37.656 [INFO]     doris_mcp_server.utils.db:1194 - 🧹 Starting pool cleanup monitor
2026-04-13 11:58:37.809 [INFO]     doris_mcp_server.utils.db:1167 - ✅ Pool warmup completed, 3 connections created
2026-04-13 11:58:37.809 [INFO]     doris_mcp_server.utils.db:986 - Database connection established successfully for stdio mode
2026-04-13 11:58:37.809 [INFO]     doris_mcp_server.main.DorisServer:450 - Creating stdio_server transport...
2026-04-13 11:58:37.814 [INFO]     doris_mcp_server.main.DorisServer:456 - stdio_server streams created successfully
2026-04-13 11:58:37.814 [INFO]     doris_mcp_server.main.DorisServer:466 - Initialization options created successfully
2026-04-13 11:58:37.814 [INFO]     doris_mcp_server.main.DorisServer:469 - Starting to run MCP server...
2026-04-13 11:58:37.817 [INFO]     mcp.server.lowlevel.server:727 - Processing request of type ListToolsRequest
2026-04-13 11:58:37.817 [INFO]     doris_mcp_server.main.DorisServer:362 - Handling tool list request
2026-04-13 11:58:37.817 [INFO]     doris_mcp_server.main.DorisServer:364 - Returning 25 tools
2026-04-13 11:58:55.280 [INFO]     doris_mcp_server.log_cleanup:163 - Log cleanup scheduler started - cleanup every 24h, max age 30 days
2026-04-13 11:58:55.281 [INFO]     doris_mcp_server.log_cleanup:163 - Log cleanup scheduler started - cleanup every 24h, max age 30 days
2026-04-13 11:58:55.281 [INFO]     doris_mcp_server.logger:427 - ================================================================================
2026-04-13 11:58:55.281 [INFO]     doris_mcp_server.logger:427 - ================================================================================
2026-04-13 11:58:55.281 [INFO]     doris_mcp_server.logger:428 - Doris MCP Server Logging System Initialized
2026-04-13 11:58:55.281 [INFO]     doris_mcp_server.logger:429 - Log Level: INFO
2026-04-13 11:58:55.281 [INFO]     doris_mcp_server.logger:428 - Doris MCP Server Logging System Initialized
2026-04-13 11:58:55.281 [INFO]     doris_mcp_server.logger:431 - Log Directory: /Users/a1/Documents/Office/code/ms-proj/logs
2026-04-13 11:58:55.281 [INFO]     doris_mcp_server.logger:429 - Log Level: INFO
2026-04-13 11:58:55.281 [INFO]     doris_mcp_server.logger:434 - Console Logging: Disabled
2026-04-13 11:58:55.281 [INFO]     doris_mcp_server.logger:435 - File Logging: Enabled
2026-04-13 11:58:55.281 [INFO]     doris_mcp_server.logger:436 - Audit Logging: Enabled
2026-04-13 11:58:55.281 [INFO]     doris_mcp_server.logger:431 - Log Directory: /Users/a1/Documents/Office/code/ms-proj/logs
2026-04-13 11:58:55.281 [INFO]     doris_mcp_server.logger:437 - Log Cleanup: Enabled
2026-04-13 11:58:55.281 [INFO]     doris_mcp_server.logger:434 - Console Logging: Disabled
2026-04-13 11:58:55.281 [INFO]     doris_mcp_server.logger:439 - Cleanup Settings: Max age 30 days, interval 24h
2026-04-13 11:58:55.281 [INFO]     doris_mcp_server.logger:435 - File Logging: Enabled
2026-04-13 11:58:55.281 [INFO]     doris_mcp_server.logger:443 - ================================================================================
2026-04-13 11:58:55.281 [INFO]     doris_mcp_server.logger:436 - Audit Logging: Enabled
2026-04-13 11:58:55.281 [INFO]     doris_mcp_server.utils.config:948 - Enhanced logging system with cleanup initialized successfully
2026-04-13 11:58:55.281 [INFO]     doris_mcp_server.logger:437 - Log Cleanup: Enabled
2026-04-13 11:58:55.281 [INFO]     doris_mcp_server.utils.config:949 - Log directory: logs
2026-04-13 11:58:55.281 [INFO]     doris_mcp_server.logger:439 - Cleanup Settings: Max age 30 days, interval 24h
2026-04-13 11:58:55.281 [INFO]     doris_mcp_server.utils.config:950 - Log level: INFO
2026-04-13 11:58:55.281 [INFO]     doris_mcp_server.logger:443 - ================================================================================
2026-04-13 11:58:55.281 [INFO]     doris_mcp_server.utils.config:951 - Audit logging: Enabled
2026-04-13 11:58:55.281 [INFO]     doris_mcp_server.utils.config:948 - Enhanced logging system with cleanup initialized successfully
2026-04-13 11:58:55.281 [INFO]     doris_mcp_server.utils.config:952 - Log cleanup: Enabled
2026-04-13 11:58:55.281 [INFO]     doris_mcp_server.utils.config:949 - Log directory: logs
2026-04-13 11:58:55.281 [INFO]     doris_mcp_server.utils.config:954 - Cleanup config: Max age 30 days, interval 24h
2026-04-13 11:58:55.281 [INFO]     doris_mcp_server.utils.config:950 - Log level: INFO
2026-04-13 11:58:55.281 [INFO]     doris_mcp_server.system:483 - System Information:
2026-04-13 11:58:55.281 [INFO]     doris_mcp_server.utils.config:951 - Audit logging: Enabled
2026-04-13 11:58:55.281 [INFO]     doris_mcp_server.system:484 - Python Version: 3.12.13 (main, Mar  3 2026, 12:39:30) [Clang 17.0.0 (clang-1700.6.3.2)]
2026-04-13 11:58:55.281 [INFO]     doris_mcp_server.utils.config:952 - Log cleanup: Enabled
2026-04-13 11:58:55.281 [INFO]     doris_mcp_server.system:485 - Platform: darwin
2026-04-13 11:58:55.281 [INFO]     doris_mcp_server.utils.config:954 - Cleanup config: Max age 30 days, interval 24h
2026-04-13 11:58:55.282 [INFO]     doris_mcp_server.system:483 - System Information:
2026-04-13 11:58:55.282 [INFO]     doris_mcp_server.system:486 - Working Directory: /Users/a1/Documents/Office/code/ms-proj
2026-04-13 11:58:55.282 [INFO]     doris_mcp_server.system:484 - Python Version: 3.12.13 (main, Mar  3 2026, 12:39:30) [Clang 17.0.0 (clang-1700.6.3.2)]
2026-04-13 11:58:55.282 [INFO]     doris_mcp_server.system:487 - Process ID: 41381
2026-04-13 11:58:55.282 [INFO]     doris_mcp_server.system:485 - Platform: darwin
2026-04-13 11:58:55.282 [INFO]     doris_mcp_server.system:493 - Environment LOG_LEVEL: Not Set
2026-04-13 11:58:55.282 [INFO]     doris_mcp_server.system:493 - Environment LOG_FILE_PATH: Not Set
2026-04-13 11:58:55.282 [INFO]     doris_mcp_server.system:486 - Working Directory: /Users/a1/Documents/Office/code/ms-proj
2026-04-13 11:58:55.282 [INFO]     doris_mcp_server.system:493 - Environment ENABLE_AUDIT: Not Set
2026-04-13 11:58:55.282 [INFO]     doris_mcp_server.system:487 - Process ID: 41448
2026-04-13 11:58:55.282 [INFO]     doris_mcp_server.system:493 - Environment AUDIT_FILE_PATH: Not Set
2026-04-13 11:58:55.282 [INFO]     doris_mcp_server.system:493 - Environment LOG_LEVEL: Not Set
2026-04-13 11:58:55.282 [INFO]     doris_mcp_server.main:916 - Starting Doris MCP Server...
2026-04-13 11:58:55.282 [INFO]     doris_mcp_server.system:493 - Environment LOG_FILE_PATH: Not Set
2026-04-13 11:58:55.282 [INFO]     doris_mcp_server.main:917 - Transport: stdio
2026-04-13 11:58:55.282 [INFO]     doris_mcp_server.system:493 - Environment ENABLE_AUDIT: Not Set
2026-04-13 11:58:55.282 [INFO]     doris_mcp_server.main:918 - Log Level: INFO
2026-04-13 11:58:55.282 [INFO]     doris_mcp_server.system:493 - Environment AUDIT_FILE_PATH: Not Set
2026-04-13 11:58:55.282 [INFO]     doris_mcp_server.main:916 - Starting Doris MCP Server...
2026-04-13 11:58:55.282 [INFO]     doris_mcp_server.main:917 - Transport: stdio
2026-04-13 11:58:55.282 [INFO]     doris_mcp_server.main:918 - Log Level: INFO
2026-04-13 11:58:55.282 [INFO]     doris_mcp_server.utils.security:480 - All authentication methods are disabled - anonymous access allowed
2026-04-13 11:58:55.282 [INFO]     doris_mcp_server.utils.security:480 - All authentication methods are disabled - anonymous access allowed
2026-04-13 11:58:55.282 [INFO]     doris_mcp_server.utils.db:211 - Session  Cache initialized, save system session: False, save user session: False
2026-04-13 11:58:55.282 [INFO]     doris_mcp_server.utils.db:211 - Session  Cache initialized, save system session: False, save user session: False
2026-04-13 11:58:55.282 [INFO]     doris_mcp_server.utils.schema_extractor:105 - Loaded excluded database list: ['information_schema', 'mysql', 'performance_schema', 'sys', 'doris_metadata']
2026-04-13 11:58:55.282 [INFO]     doris_mcp_server.utils.schema_extractor:105 - Loaded excluded database list: ['information_schema', 'mysql', 'performance_schema', 'sys', 'doris_metadata']
2026-04-13 11:58:55.282 [INFO]     doris_mcp_server.utils.data_governance_tools:45 - DataGovernanceTools initialized
2026-04-13 11:58:55.282 [INFO]     doris_mcp_server.utils.data_governance_tools:45 - DataGovernanceTools initialized
2026-04-13 11:58:55.282 [INFO]     doris_mcp_server.utils.data_exploration_tools:45 - DataExplorationTools initialized
2026-04-13 11:58:55.282 [INFO]     doris_mcp_server.utils.data_exploration_tools:45 - DataExplorationTools initialized
2026-04-13 11:58:55.282 [INFO]     doris_mcp_server.utils.data_quality_tools:50 - DataQualityTools initialized with atomic tools
2026-04-13 11:58:55.282 [INFO]     doris_mcp_server.utils.data_quality_tools:50 - DataQualityTools initialized with atomic tools
2026-04-13 11:58:55.282 [INFO]     doris_mcp_server.utils.security_analytics_tools:39 - SecurityAnalyticsTools initialized
2026-04-13 11:58:55.282 [INFO]     doris_mcp_server.utils.security_analytics_tools:39 - SecurityAnalyticsTools initialized
2026-04-13 11:58:55.282 [INFO]     doris_mcp_server.utils.dependency_analysis_tools:46 - DependencyAnalysisTools initialized
2026-04-13 11:58:55.282 [INFO]     doris_mcp_server.utils.dependency_analysis_tools:46 - DependencyAnalysisTools initialized
2026-04-13 11:58:55.282 [INFO]     doris_mcp_server.utils.performance_analytics_tools:46 - PerformanceAnalyticsTools initialized
2026-04-13 11:58:55.282 [INFO]     doris_mcp_server.utils.performance_analytics_tools:46 - PerformanceAnalyticsTools initialized
2026-04-13 11:58:55.282 [INFO]     doris_mcp_server.tools.tools_manager:72 - DorisToolsManager initialized with business logic processors, v0.5.0 analytics tools, and ADBC query tools
2026-04-13 11:58:55.282 [INFO]     doris_mcp_server.tools.tools_manager:72 - DorisToolsManager initialized with business logic processors, v0.5.0 analytics tools, and ADBC query tools
2026-04-13 11:58:55.283 [INFO]     doris_mcp_server.main.DorisServer:428 - Starting Doris MCP Server (stdio mode)
2026-04-13 11:58:55.283 [INFO]     doris_mcp_server.main.DorisServer:428 - Starting Doris MCP Server (stdio mode)
2026-04-13 11:58:55.283 [INFO]     doris_mcp_server.utils.security:127 - DorisSecurityManager initialized successfully
2026-04-13 11:58:55.283 [INFO]     doris_mcp_server.utils.security:127 - DorisSecurityManager initialized successfully
2026-04-13 11:58:55.283 [INFO]     doris_mcp_server.main.DorisServer:433 - Security manager initialization completed
2026-04-13 11:58:55.283 [INFO]     doris_mcp_server.main.DorisServer:433 - Security manager initialization completed
2026-04-13 11:58:55.283 [INFO]     doris_mcp_server.utils.db:950 - stdio mode database config validated: 124.71.61.163:19030
2026-04-13 11:58:55.283 [INFO]     doris_mcp_server.utils.db:950 - stdio mode database config validated: 124.71.61.163:19030
2026-04-13 11:58:55.283 [INFO]     doris_mcp_server.utils.db:960 - Testing database connectivity for stdio mode...
2026-04-13 11:58:55.283 [INFO]     doris_mcp_server.utils.db:960 - Testing database connectivity for stdio mode...
2026-04-13 11:58:55.495 [INFO]     doris_mcp_server.utils.db:1146 - 🔥 Warming up connection pool with 3 connections
2026-04-13 11:58:55.496 [INFO]     doris_mcp_server.utils.db:1180 - 🩺 Starting pool health monitor
2026-04-13 11:58:55.496 [INFO]     doris_mcp_server.utils.db:1194 - 🧹 Starting pool cleanup monitor
2026-04-13 11:58:55.510 [INFO]     doris_mcp_server.utils.db:1146 - 🔥 Warming up connection pool with 3 connections
2026-04-13 11:58:55.510 [INFO]     doris_mcp_server.utils.db:1180 - 🩺 Starting pool health monitor
2026-04-13 11:58:55.511 [INFO]     doris_mcp_server.utils.db:1194 - 🧹 Starting pool cleanup monitor
2026-04-13 11:58:55.692 [INFO]     doris_mcp_server.utils.db:1167 - ✅ Pool warmup completed, 3 connections created
2026-04-13 11:58:55.693 [INFO]     doris_mcp_server.utils.db:986 - Database connection established successfully for stdio mode
2026-04-13 11:58:55.693 [INFO]     doris_mcp_server.main.DorisServer:450 - Creating stdio_server transport...
2026-04-13 11:58:55.699 [INFO]     doris_mcp_server.utils.db:1167 - ✅ Pool warmup completed, 3 connections created
2026-04-13 11:58:55.699 [INFO]     doris_mcp_server.utils.db:986 - Database connection established successfully for stdio mode
2026-04-13 11:58:55.699 [INFO]     doris_mcp_server.main.DorisServer:450 - Creating stdio_server transport...
2026-04-13 11:58:55.702 [INFO]     doris_mcp_server.main.DorisServer:456 - stdio_server streams created successfully
2026-04-13 11:58:55.702 [INFO]     doris_mcp_server.main.DorisServer:466 - Initialization options created successfully
2026-04-13 11:58:55.702 [INFO]     doris_mcp_server.main.DorisServer:469 - Starting to run MCP server...
2026-04-13 11:58:55.705 [INFO]     doris_mcp_server.main.DorisServer:456 - stdio_server streams created successfully
2026-04-13 11:58:55.705 [INFO]     doris_mcp_server.main.DorisServer:466 - Initialization options created successfully
2026-04-13 11:58:55.706 [INFO]     doris_mcp_server.main.DorisServer:469 - Starting to run MCP server...
2026-04-13 11:58:55.707 [INFO]     mcp.server.lowlevel.server:727 - Processing request of type ListToolsRequest
2026-04-13 11:58:55.707 [INFO]     doris_mcp_server.main.DorisServer:362 - Handling tool list request
2026-04-13 11:58:55.707 [INFO]     doris_mcp_server.main.DorisServer:364 - Returning 25 tools
2026-04-13 11:58:55.710 [INFO]     mcp.server.lowlevel.server:727 - Processing request of type ListToolsRequest
2026-04-13 11:58:55.711 [INFO]     doris_mcp_server.main.DorisServer:362 - Handling tool list request
2026-04-13 11:58:55.711 [INFO]     doris_mcp_server.main.DorisServer:364 - Returning 25 tools
2026-04-13 12:18:11.477 [INFO]     doris_mcp_server.utils.db:1288 - 🔄 Attempting pool recovery (attempt 1/3)
2026-04-13 12:18:11.594 [INFO]     doris_mcp_server.utils.db:1329 - ✅ Pool recovery successful on attempt 1
2026-04-13 12:18:11.595 [INFO]     doris_mcp_server.utils.db:1146 - 🔥 Warming up connection pool with 3 connections
2026-04-13 12:18:11.759 [INFO]     doris_mcp_server.utils.db:1167 - ✅ Pool warmup completed, 3 connections created
2026-04-13 12:18:14.325 [INFO]     doris_mcp_server.utils.db:1288 - 🔄 Attempting pool recovery (attempt 1/3)
2026-04-13 12:18:14.436 [INFO]     doris_mcp_server.utils.db:1329 - ✅ Pool recovery successful on attempt 1
2026-04-13 12:18:14.436 [INFO]     doris_mcp_server.utils.db:1146 - 🔥 Warming up connection pool with 3 connections
2026-04-13 12:18:14.612 [INFO]     doris_mcp_server.utils.db:1167 - ✅ Pool warmup completed, 3 connections created
2026-04-13 12:18:23.303 [INFO]     doris_mcp_server.utils.db:1288 - 🔄 Attempting pool recovery (attempt 1/3)
2026-04-13 12:18:26.414 [INFO]     doris_mcp_server.utils.db:1329 - ✅ Pool recovery successful on attempt 1
2026-04-13 12:18:26.415 [INFO]     doris_mcp_server.utils.db:1146 - 🔥 Warming up connection pool with 3 connections
2026-04-13 12:18:26.623 [INFO]     doris_mcp_server.utils.db:1167 - ✅ Pool warmup completed, 3 connections created
2026-04-13 12:34:03.566 [INFO]     doris_mcp_server.utils.db:1288 - 🔄 Attempting pool recovery (attempt 1/3)
2026-04-13 12:34:04.705 [INFO]     doris_mcp_server.utils.db:1329 - ✅ Pool recovery successful on attempt 1
2026-04-13 12:34:04.706 [INFO]     doris_mcp_server.utils.db:1146 - 🔥 Warming up connection pool with 3 connections
2026-04-13 12:34:04.888 [INFO]     doris_mcp_server.utils.db:1167 - ✅ Pool warmup completed, 3 connections created
2026-04-13 12:34:05.755 [INFO]     doris_mcp_server.utils.db:1288 - 🔄 Attempting pool recovery (attempt 1/3)
2026-04-13 12:34:05.879 [INFO]     doris_mcp_server.utils.db:1329 - ✅ Pool recovery successful on attempt 1
2026-04-13 12:34:05.880 [INFO]     doris_mcp_server.utils.db:1146 - 🔥 Warming up connection pool with 3 connections
2026-04-13 12:34:06.065 [INFO]     doris_mcp_server.utils.db:1167 - ✅ Pool warmup completed, 3 connections created
2026-04-13 12:34:17.730 [INFO]     doris_mcp_server.utils.db:1288 - 🔄 Attempting pool recovery (attempt 1/3)
2026-04-13 12:34:20.872 [INFO]     doris_mcp_server.utils.db:1329 - ✅ Pool recovery successful on attempt 1
2026-04-13 12:34:20.873 [INFO]     doris_mcp_server.utils.db:1146 - 🔥 Warming up connection pool with 3 connections
2026-04-13 12:34:21.064 [INFO]     doris_mcp_server.utils.db:1167 - ✅ Pool warmup completed, 3 connections created
2026-04-13 12:41:44.155 [INFO]     doris_mcp_server.utils.db:1288 - 🔄 Attempting pool recovery (attempt 1/3)
2026-04-13 12:41:44.256 [INFO]     doris_mcp_server.utils.db:1329 - ✅ Pool recovery successful on attempt 1
2026-04-13 12:41:44.257 [INFO]     doris_mcp_server.utils.db:1146 - 🔥 Warming up connection pool with 3 connections
2026-04-13 12:41:44.417 [INFO]     doris_mcp_server.utils.db:1167 - ✅ Pool warmup completed, 3 connections created
2026-04-13 12:41:58.107 [INFO]     doris_mcp_server.utils.db:1288 - 🔄 Attempting pool recovery (attempt 1/3)
2026-04-13 12:41:58.208 [INFO]     doris_mcp_server.utils.db:1329 - ✅ Pool recovery successful on attempt 1
2026-04-13 12:41:58.209 [INFO]     doris_mcp_server.utils.db:1146 - 🔥 Warming up connection pool with 3 connections
2026-04-13 12:41:58.381 [INFO]     doris_mcp_server.utils.db:1167 - ✅ Pool warmup completed, 3 connections created
2026-04-13 12:41:59.412 [INFO]     doris_mcp_server.utils.db:1288 - 🔄 Attempting pool recovery (attempt 1/3)
2026-04-13 12:41:59.556 [INFO]     doris_mcp_server.utils.db:1329 - ✅ Pool recovery successful on attempt 1
2026-04-13 12:41:59.557 [INFO]     doris_mcp_server.utils.db:1146 - 🔥 Warming up connection pool with 3 connections
2026-04-13 12:41:59.746 [INFO]     doris_mcp_server.utils.db:1167 - ✅ Pool warmup completed, 3 connections created
2026-04-13 12:58:19.882 [INFO]     doris_mcp_server.utils.db:1288 - 🔄 Attempting pool recovery (attempt 1/3)
2026-04-13 12:58:19.988 [INFO]     doris_mcp_server.utils.db:1329 - ✅ Pool recovery successful on attempt 1
2026-04-13 12:58:19.989 [INFO]     doris_mcp_server.utils.db:1146 - 🔥 Warming up connection pool with 3 connections
2026-04-13 12:58:20.138 [INFO]     doris_mcp_server.utils.db:1167 - ✅ Pool warmup completed, 3 connections created
2026-04-13 12:58:33.810 [INFO]     doris_mcp_server.utils.db:1288 - 🔄 Attempting pool recovery (attempt 1/3)
2026-04-13 12:58:33.949 [INFO]     doris_mcp_server.utils.db:1329 - ✅ Pool recovery successful on attempt 1
2026-04-13 12:58:33.949 [INFO]     doris_mcp_server.utils.db:1146 - 🔥 Warming up connection pool with 3 connections
2026-04-13 12:58:34.132 [INFO]     doris_mcp_server.utils.db:1167 - ✅ Pool warmup completed, 3 connections created
2026-04-13 12:58:35.713 [INFO]     doris_mcp_server.utils.db:1288 - 🔄 Attempting pool recovery (attempt 1/3)
2026-04-13 12:58:36.823 [INFO]     doris_mcp_server.utils.db:1329 - ✅ Pool recovery successful on attempt 1
2026-04-13 12:58:36.824 [INFO]     doris_mcp_server.utils.db:1146 - 🔥 Warming up connection pool with 3 connections
2026-04-13 13:15:09.973 [INFO]     doris_mcp_server.utils.db:1167 - ✅ Pool warmup completed, 1 connections created
2026-04-13 13:15:40.787 [INFO]     doris_mcp_server.utils.db:1288 - 🔄 Attempting pool recovery (attempt 1/3)
2026-04-13 13:15:43.953 [INFO]     doris_mcp_server.utils.db:1329 - ✅ Pool recovery successful on attempt 1
2026-04-13 13:15:43.954 [INFO]     doris_mcp_server.utils.db:1146 - 🔥 Warming up connection pool with 3 connections
2026-04-13 13:15:44.110 [INFO]     doris_mcp_server.utils.db:1167 - ✅ Pool warmup completed, 3 connections created
2026-04-13 13:15:55.553 [INFO]     doris_mcp_server.utils.db:1288 - 🔄 Attempting pool recovery (attempt 1/3)
2026-04-13 13:29:57.548 [INFO]     doris_mcp_server.utils.db:1329 - ✅ Pool recovery successful on attempt 1
2026-04-13 13:29:57.549 [INFO]     doris_mcp_server.utils.db:1146 - 🔥 Warming up connection pool with 3 connections
2026-04-13 13:30:27.117 [INFO]     doris_mcp_server.utils.db:1288 - 🔄 Attempting pool recovery (attempt 1/3)
2026-04-13 13:30:30.299 [INFO]     doris_mcp_server.utils.db:1329 - ✅ Pool recovery successful on attempt 1
2026-04-13 13:30:30.299 [INFO]     doris_mcp_server.utils.db:1146 - 🔥 Warming up connection pool with 3 connections
2026-04-13 13:30:30.485 [INFO]     doris_mcp_server.utils.db:1167 - ✅ Pool warmup completed, 3 connections created
2026-04-13 13:30:37.349 [INFO]     doris_mcp_server.utils.db:1288 - 🔄 Attempting pool recovery (attempt 1/3)
2026-04-13 13:30:40.450 [INFO]     doris_mcp_server.utils.db:1329 - ✅ Pool recovery successful on attempt 1
2026-04-13 13:30:40.451 [INFO]     doris_mcp_server.utils.db:1146 - 🔥 Warming up connection pool with 3 connections
2026-04-13 13:30:40.616 [INFO]     doris_mcp_server.utils.db:1167 - ✅ Pool warmup completed, 3 connections created
2026-04-13 13:59:01.252 [INFO]     doris_mcp_server.log_cleanup:163 - Log cleanup scheduler started - cleanup every 24h, max age 30 days
2026-04-13 13:59:01.252 [INFO]     doris_mcp_server.logger:427 - ================================================================================
2026-04-13 13:59:01.252 [INFO]     doris_mcp_server.logger:428 - Doris MCP Server Logging System Initialized
2026-04-13 13:59:01.252 [INFO]     doris_mcp_server.logger:429 - Log Level: INFO
2026-04-13 13:59:01.252 [INFO]     doris_mcp_server.logger:431 - Log Directory: /Users/a1/Documents/Office/code/ms-proj/logs
2026-04-13 13:59:01.252 [INFO]     doris_mcp_server.logger:434 - Console Logging: Disabled
2026-04-13 13:59:01.252 [INFO]     doris_mcp_server.logger:435 - File Logging: Enabled
2026-04-13 13:59:01.252 [INFO]     doris_mcp_server.logger:436 - Audit Logging: Enabled
2026-04-13 13:59:01.252 [INFO]     doris_mcp_server.logger:437 - Log Cleanup: Enabled
2026-04-13 13:59:01.252 [INFO]     doris_mcp_server.logger:439 - Cleanup Settings: Max age 30 days, interval 24h
2026-04-13 13:59:01.252 [INFO]     doris_mcp_server.logger:443 - ================================================================================
2026-04-13 13:59:01.253 [INFO]     doris_mcp_server.utils.config:948 - Enhanced logging system with cleanup initialized successfully
2026-04-13 13:59:01.253 [INFO]     doris_mcp_server.utils.config:949 - Log directory: logs
2026-04-13 13:59:01.253 [INFO]     doris_mcp_server.utils.config:950 - Log level: INFO
2026-04-13 13:59:01.253 [INFO]     doris_mcp_server.utils.config:951 - Audit logging: Enabled
2026-04-13 13:59:01.253 [INFO]     doris_mcp_server.utils.config:952 - Log cleanup: Enabled
2026-04-13 13:59:01.253 [INFO]     doris_mcp_server.utils.config:954 - Cleanup config: Max age 30 days, interval 24h
2026-04-13 13:59:01.253 [INFO]     doris_mcp_server.system:483 - System Information:
2026-04-13 13:59:01.253 [INFO]     doris_mcp_server.system:484 - Python Version: 3.12.13 (main, Mar  3 2026, 12:39:30) [Clang 17.0.0 (clang-1700.6.3.2)]
2026-04-13 13:59:01.253 [INFO]     doris_mcp_server.system:485 - Platform: darwin
2026-04-13 13:59:01.253 [INFO]     doris_mcp_server.system:486 - Working Directory: /Users/a1/Documents/Office/code/ms-proj
2026-04-13 13:59:01.253 [INFO]     doris_mcp_server.system:487 - Process ID: 43214
2026-04-13 13:59:01.253 [INFO]     doris_mcp_server.system:493 - Environment LOG_LEVEL: Not Set
2026-04-13 13:59:01.253 [INFO]     doris_mcp_server.system:493 - Environment LOG_FILE_PATH: Not Set
2026-04-13 13:59:01.253 [INFO]     doris_mcp_server.system:493 - Environment ENABLE_AUDIT: Not Set
2026-04-13 13:59:01.253 [INFO]     doris_mcp_server.system:493 - Environment AUDIT_FILE_PATH: Not Set
2026-04-13 13:59:01.253 [INFO]     doris_mcp_server.main:916 - Starting Doris MCP Server...
2026-04-13 13:59:01.253 [INFO]     doris_mcp_server.main:917 - Transport: stdio
2026-04-13 13:59:01.253 [INFO]     doris_mcp_server.main:918 - Log Level: INFO
2026-04-13 13:59:01.253 [INFO]     doris_mcp_server.utils.security:480 - All authentication methods are disabled - anonymous access allowed
2026-04-13 13:59:01.253 [INFO]     doris_mcp_server.utils.db:211 - Session  Cache initialized, save system session: False, save user session: False
2026-04-13 13:59:01.253 [INFO]     doris_mcp_server.utils.schema_extractor:105 - Loaded excluded database list: ['information_schema', 'mysql', 'performance_schema', 'sys', 'doris_metadata']
2026-04-13 13:59:01.253 [INFO]     doris_mcp_server.utils.data_governance_tools:45 - DataGovernanceTools initialized
2026-04-13 13:59:01.253 [INFO]     doris_mcp_server.utils.data_exploration_tools:45 - DataExplorationTools initialized
2026-04-13 13:59:01.253 [INFO]     doris_mcp_server.utils.data_quality_tools:50 - DataQualityTools initialized with atomic tools
2026-04-13 13:59:01.253 [INFO]     doris_mcp_server.utils.security_analytics_tools:39 - SecurityAnalyticsTools initialized
2026-04-13 13:59:01.253 [INFO]     doris_mcp_server.utils.dependency_analysis_tools:46 - DependencyAnalysisTools initialized
2026-04-13 13:59:01.254 [INFO]     doris_mcp_server.utils.performance_analytics_tools:46 - PerformanceAnalyticsTools initialized
2026-04-13 13:59:01.254 [INFO]     doris_mcp_server.tools.tools_manager:72 - DorisToolsManager initialized with business logic processors, v0.5.0 analytics tools, and ADBC query tools
2026-04-13 13:59:01.254 [INFO]     doris_mcp_server.main.DorisServer:428 - Starting Doris MCP Server (stdio mode)
2026-04-13 13:59:01.254 [INFO]     doris_mcp_server.utils.security:127 - DorisSecurityManager initialized successfully
2026-04-13 13:59:01.254 [INFO]     doris_mcp_server.main.DorisServer:433 - Security manager initialization completed
2026-04-13 13:59:01.254 [INFO]     doris_mcp_server.utils.db:950 - stdio mode database config validated: 124.71.61.163:19030
2026-04-13 13:59:01.254 [INFO]     doris_mcp_server.utils.db:960 - Testing database connectivity for stdio mode...
2026-04-13 13:59:01.495 [INFO]     doris_mcp_server.utils.db:1146 - 🔥 Warming up connection pool with 3 connections
2026-04-13 13:59:01.496 [INFO]     doris_mcp_server.utils.db:1180 - 🩺 Starting pool health monitor
2026-04-13 13:59:01.496 [INFO]     doris_mcp_server.utils.db:1194 - 🧹 Starting pool cleanup monitor
2026-04-13 13:59:05.589 [INFO]     doris_mcp_server.utils.db:1167 - ✅ Pool warmup completed, 3 connections created
2026-04-13 13:59:05.590 [INFO]     doris_mcp_server.utils.db:986 - Database connection established successfully for stdio mode
2026-04-13 13:59:05.590 [INFO]     doris_mcp_server.main.DorisServer:450 - Creating stdio_server transport...
2026-04-13 13:59:05.600 [INFO]     doris_mcp_server.main.DorisServer:456 - stdio_server streams created successfully
2026-04-13 13:59:05.600 [INFO]     doris_mcp_server.main.DorisServer:466 - Initialization options created successfully
2026-04-13 13:59:05.601 [INFO]     doris_mcp_server.main.DorisServer:469 - Starting to run MCP server...
2026-04-13 13:59:05.606 [INFO]     mcp.server.lowlevel.server:727 - Processing request of type ListToolsRequest
2026-04-13 13:59:05.606 [INFO]     doris_mcp_server.main.DorisServer:362 - Handling tool list request
2026-04-13 13:59:05.607 [INFO]     doris_mcp_server.main.DorisServer:364 - Returning 25 tools
2026-04-13 16:48:22.657 [INFO]     mcp.server.lowlevel.server:727 - Processing request of type CallToolRequest
2026-04-13 16:48:22.665 [INFO]     doris_mcp_server.main.DorisServer:376 - Handling tool call request: get_db_list
2026-04-13 16:48:22.665 [INFO]     doris_mcp_server.utils.schema_extractor:1786 - Getting database list: Catalog: None
2026-04-13 18:22:40.127 [INFO]     doris_mcp_server.utils.db:1288 - 🔄 Attempting pool recovery (attempt 1/3)
2026-04-13 18:22:40.235 [INFO]     doris_mcp_server.utils.db:1329 - ✅ Pool recovery successful on attempt 1
2026-04-13 18:22:40.236 [INFO]     doris_mcp_server.utils.db:1146 - 🔥 Warming up connection pool with 3 connections
2026-04-13 18:22:40.404 [INFO]     doris_mcp_server.utils.db:1167 - ✅ Pool warmup completed, 3 connections created
2026-04-13 18:22:41.236 [INFO]     doris_mcp_server.utils.db:1288 - 🔄 Attempting pool recovery (attempt 1/3)
2026-04-13 18:22:45.349 [INFO]     doris_mcp_server.utils.db:1329 - ✅ Pool recovery successful on attempt 1
2026-04-13 18:22:45.350 [INFO]     doris_mcp_server.utils.db:1146 - 🔥 Warming up connection pool with 3 connections
2026-04-13 18:22:45.489 [INFO]     doris_mcp_server.utils.db:1167 - ✅ Pool warmup completed, 3 connections created
2026-04-13 18:22:47.934 [INFO]     doris_mcp_server.utils.db:1288 - 🔄 Attempting pool recovery (attempt 1/3)
2026-04-13 18:22:48.065 [INFO]     doris_mcp_server.utils.db:1329 - ✅ Pool recovery successful on attempt 1
2026-04-13 18:22:48.065 [INFO]     doris_mcp_server.utils.db:1146 - 🔥 Warming up connection pool with 3 connections
2026-04-13 18:22:48.251 [INFO]     doris_mcp_server.utils.db:1167 - ✅ Pool warmup completed, 3 connections created
2026-04-13 18:23:08.187 [INFO]     doris_mcp_server.utils.db:1288 - 🔄 Attempting pool recovery (attempt 1/3)
2026-04-13 18:23:11.324 [INFO]     doris_mcp_server.utils.db:1329 - ✅ Pool recovery successful on attempt 1
2026-04-13 18:23:11.324 [INFO]     doris_mcp_server.utils.db:1146 - 🔥 Warming up connection pool with 3 connections
2026-04-13 18:23:11.753 [INFO]     doris_mcp_server.utils.db:1167 - ✅ Pool warmup completed, 3 connections created
2026-04-13 18:41:43.814 [INFO]     doris_mcp_server.utils.db:1288 - 🔄 Attempting pool recovery (attempt 1/3)
2026-04-13 18:41:43.970 [INFO]     doris_mcp_server.utils.db:1329 - ✅ Pool recovery successful on attempt 1
2026-04-13 18:41:43.970 [INFO]     doris_mcp_server.utils.db:1146 - 🔥 Warming up connection pool with 3 connections
2026-04-13 18:41:44.139 [INFO]     doris_mcp_server.utils.db:1167 - ✅ Pool warmup completed, 3 connections created
2026-04-13 18:42:05.675 [INFO]     doris_mcp_server.utils.db:1288 - 🔄 Attempting pool recovery (attempt 1/3)
2026-04-13 18:42:07.174 [INFO]     doris_mcp_server.utils.db:1288 - 🔄 Attempting pool recovery (attempt 1/3)
2026-04-13 18:42:08.824 [INFO]     doris_mcp_server.utils.db:1329 - ✅ Pool recovery successful on attempt 1
2026-04-13 18:42:08.825 [INFO]     doris_mcp_server.utils.db:1146 - 🔥 Warming up connection pool with 3 connections
2026-04-13 18:42:09.033 [INFO]     doris_mcp_server.utils.db:1167 - ✅ Pool warmup completed, 3 connections created
2026-04-13 18:42:10.281 [INFO]     doris_mcp_server.utils.db:1329 - ✅ Pool recovery successful on attempt 1
2026-04-13 18:42:10.282 [INFO]     doris_mcp_server.utils.db:1146 - 🔥 Warming up connection pool with 3 connections
2026-04-13 18:42:10.472 [INFO]     doris_mcp_server.utils.db:1167 - ✅ Pool warmup completed, 3 connections created
2026-04-13 18:42:10.733 [INFO]     doris_mcp_server.utils.db:1288 - 🔄 Attempting pool recovery (attempt 1/3)
2026-04-13 18:42:13.846 [INFO]     doris_mcp_server.utils.db:1329 - ✅ Pool recovery successful on attempt 1
2026-04-13 18:42:13.847 [INFO]     doris_mcp_server.utils.db:1146 - 🔥 Warming up connection pool with 3 connections
2026-04-13 18:42:14.008 [INFO]     doris_mcp_server.utils.db:1167 - ✅ Pool warmup completed, 3 connections created
2026-04-13 19:02:02.811 [INFO]     doris_mcp_server.utils.db:1288 - 🔄 Attempting pool recovery (attempt 1/3)
2026-04-13 19:02:05.944 [INFO]     doris_mcp_server.utils.db:1329 - ✅ Pool recovery successful on attempt 1
2026-04-13 19:02:05.944 [INFO]     doris_mcp_server.utils.db:1146 - 🔥 Warming up connection pool with 3 connections
2026-04-13 19:02:06.119 [INFO]     doris_mcp_server.utils.db:1167 - ✅ Pool warmup completed, 3 connections created
2026-04-13 19:02:07.332 [INFO]     doris_mcp_server.utils.db:1288 - 🔄 Attempting pool recovery (attempt 1/3)
2026-04-13 19:02:07.422 [INFO]     doris_mcp_server.utils.db:1288 - 🔄 Attempting pool recovery (attempt 1/3)
2026-04-13 19:02:08.504 [INFO]     doris_mcp_server.utils.db:1288 - 🔄 Attempting pool recovery (attempt 1/3)
2026-04-13 19:02:10.443 [INFO]     doris_mcp_server.utils.db:1329 - ✅ Pool recovery successful on attempt 1
2026-04-13 19:02:10.443 [INFO]     doris_mcp_server.utils.db:1146 - 🔥 Warming up connection pool with 3 connections
2026-04-13 19:02:10.544 [INFO]     doris_mcp_server.utils.db:1329 - ✅ Pool recovery successful on attempt 1
2026-04-13 19:02:10.544 [INFO]     doris_mcp_server.utils.db:1146 - 🔥 Warming up connection pool with 3 connections
2026-04-13 19:02:10.630 [INFO]     doris_mcp_server.utils.db:1167 - ✅ Pool warmup completed, 3 connections created
2026-04-13 19:02:10.716 [INFO]     doris_mcp_server.utils.db:1167 - ✅ Pool warmup completed, 3 connections created
2026-04-13 19:02:11.610 [INFO]     doris_mcp_server.utils.db:1329 - ✅ Pool recovery successful on attempt 1
2026-04-13 19:02:11.610 [INFO]     doris_mcp_server.utils.db:1146 - 🔥 Warming up connection pool with 3 connections
2026-04-13 19:02:11.828 [INFO]     doris_mcp_server.utils.db:1167 - ✅ Pool warmup completed, 3 connections created
2026-04-13 20:07:27.987 [INFO]     doris_mcp_server.utils.db:1288 - 🔄 Attempting pool recovery (attempt 1/3)
2026-04-13 20:07:28.119 [INFO]     doris_mcp_server.utils.db:1329 - ✅ Pool recovery successful on attempt 1
2026-04-13 20:07:28.120 [INFO]     doris_mcp_server.utils.db:1146 - 🔥 Warming up connection pool with 3 connections
2026-04-13 20:07:28.324 [INFO]     doris_mcp_server.utils.db:1167 - ✅ Pool warmup completed, 3 connections created
2026-04-13 20:07:32.521 [INFO]     doris_mcp_server.utils.db:1288 - 🔄 Attempting pool recovery (attempt 1/3)
2026-04-13 20:07:32.574 [INFO]     doris_mcp_server.utils.db:1288 - 🔄 Attempting pool recovery (attempt 1/3)
2026-04-13 20:07:32.687 [INFO]     doris_mcp_server.utils.db:1329 - ✅ Pool recovery successful on attempt 1
2026-04-13 20:07:32.687 [INFO]     doris_mcp_server.utils.db:1146 - 🔥 Warming up connection pool with 3 connections
2026-04-13 20:07:32.698 [INFO]     doris_mcp_server.utils.db:1329 - ✅ Pool recovery successful on attempt 1
2026-04-13 20:07:32.699 [INFO]     doris_mcp_server.utils.db:1146 - 🔥 Warming up connection pool with 3 connections
2026-04-13 20:07:32.854 [INFO]     doris_mcp_server.utils.db:1167 - ✅ Pool warmup completed, 3 connections created
2026-04-13 20:07:32.884 [INFO]     doris_mcp_server.utils.db:1167 - ✅ Pool warmup completed, 3 connections created
2026-04-13 20:07:33.562 [INFO]     doris_mcp_server.utils.db:1288 - 🔄 Attempting pool recovery (attempt 1/3)
2026-04-13 20:07:36.696 [INFO]     doris_mcp_server.utils.db:1329 - ✅ Pool recovery successful on attempt 1
2026-04-13 20:07:36.697 [INFO]     doris_mcp_server.utils.db:1146 - 🔥 Warming up connection pool with 3 connections
2026-04-13 20:07:36.875 [INFO]     doris_mcp_server.utils.db:1167 - ✅ Pool warmup completed, 3 connections created
2026-04-13 20:23:57.773 [INFO]     doris_mcp_server.utils.db:1288 - 🔄 Attempting pool recovery (attempt 1/3)
2026-04-13 20:23:57.893 [INFO]     doris_mcp_server.utils.db:1329 - ✅ Pool recovery successful on attempt 1
2026-04-13 20:23:57.894 [INFO]     doris_mcp_server.utils.db:1146 - 🔥 Warming up connection pool with 3 connections
2026-04-13 20:23:58.093 [INFO]     doris_mcp_server.utils.db:1167 - ✅ Pool warmup completed, 3 connections created
2026-04-13 20:23:58.872 [INFO]     doris_mcp_server.utils.db:1288 - 🔄 Attempting pool recovery (attempt 1/3)
2026-04-13 20:23:58.986 [INFO]     doris_mcp_server.utils.db:1329 - ✅ Pool recovery successful on attempt 1
2026-04-13 20:23:58.986 [INFO]     doris_mcp_server.utils.db:1146 - 🔥 Warming up connection pool with 3 connections
2026-04-13 20:23:59.070 [INFO]     doris_mcp_server.utils.db:1288 - 🔄 Attempting pool recovery (attempt 1/3)
2026-04-13 20:23:59.181 [INFO]     doris_mcp_server.utils.db:1329 - ✅ Pool recovery successful on attempt 1
2026-04-13 20:23:59.182 [INFO]     doris_mcp_server.utils.db:1146 - 🔥 Warming up connection pool with 3 connections
2026-04-13 20:23:59.191 [INFO]     doris_mcp_server.utils.db:1167 - ✅ Pool warmup completed, 3 connections created
2026-04-13 20:23:59.371 [INFO]     doris_mcp_server.utils.db:1167 - ✅ Pool warmup completed, 3 connections created
2026-04-13 20:24:08.774 [INFO]     doris_mcp_server.utils.db:1288 - 🔄 Attempting pool recovery (attempt 1/3)
2026-04-13 20:24:11.920 [INFO]     doris_mcp_server.utils.db:1329 - ✅ Pool recovery successful on attempt 1
2026-04-13 20:24:11.921 [INFO]     doris_mcp_server.utils.db:1146 - 🔥 Warming up connection pool with 3 connections
2026-04-13 20:24:12.103 [INFO]     doris_mcp_server.utils.db:1167 - ✅ Pool warmup completed, 3 connections created
2026-04-13 20:40:27.994 [INFO]     doris_mcp_server.utils.db:1288 - 🔄 Attempting pool recovery (attempt 1/3)
2026-04-13 20:40:28.120 [INFO]     doris_mcp_server.utils.db:1329 - ✅ Pool recovery successful on attempt 1
2026-04-13 20:40:28.120 [INFO]     doris_mcp_server.utils.db:1146 - 🔥 Warming up connection pool with 3 connections
2026-04-13 20:40:28.275 [INFO]     doris_mcp_server.utils.db:1167 - ✅ Pool warmup completed, 3 connections created
2026-04-13 20:40:42.552 [INFO]     doris_mcp_server.utils.db:1288 - 🔄 Attempting pool recovery (attempt 1/3)
2026-04-13 20:40:43.779 [INFO]     doris_mcp_server.utils.db:1288 - 🔄 Attempting pool recovery (attempt 1/3)
2026-04-13 20:40:44.720 [INFO]     doris_mcp_server.utils.db:1288 - 🔄 Attempting pool recovery (attempt 1/3)
2026-04-13 20:40:45.676 [INFO]     doris_mcp_server.utils.db:1329 - ✅ Pool recovery successful on attempt 1
2026-04-13 20:40:45.677 [INFO]     doris_mcp_server.utils.db:1146 - 🔥 Warming up connection pool with 3 connections
2026-04-13 20:56:24.524 [INFO]     doris_mcp_server.utils.db:1167 - ✅ Pool warmup completed, 3 connections created
2026-04-13 20:56:24.565 [INFO]     doris_mcp_server.utils.db:1329 - ✅ Pool recovery successful on attempt 1
2026-04-13 20:56:24.566 [INFO]     doris_mcp_server.utils.db:1146 - 🔥 Warming up connection pool with 3 connections
2026-04-13 20:56:24.734 [INFO]     doris_mcp_server.utils.db:1167 - ✅ Pool warmup completed, 3 connections created
2026-04-13 20:56:25.499 [INFO]     doris_mcp_server.utils.db:1329 - ✅ Pool recovery successful on attempt 1
2026-04-13 20:56:25.500 [INFO]     doris_mcp_server.utils.db:1146 - 🔥 Warming up connection pool with 3 connections
2026-04-13 20:56:25.698 [INFO]     doris_mcp_server.utils.db:1167 - ✅ Pool warmup completed, 3 connections created
2026-04-13 20:56:54.195 [INFO]     doris_mcp_server.utils.db:1288 - 🔄 Attempting pool recovery (attempt 1/3)
2026-04-13 20:56:54.307 [INFO]     doris_mcp_server.utils.db:1329 - ✅ Pool recovery successful on attempt 1
2026-04-13 20:56:54.308 [INFO]     doris_mcp_server.utils.db:1146 - 🔥 Warming up connection pool with 3 connections
2026-04-13 20:56:54.457 [INFO]     doris_mcp_server.utils.db:1167 - ✅ Pool warmup completed, 3 connections created
2026-04-13 20:57:13.038 [INFO]     doris_mcp_server.utils.db:1288 - 🔄 Attempting pool recovery (attempt 1/3)
2026-04-13 20:57:13.149 [INFO]     doris_mcp_server.utils.db:1329 - ✅ Pool recovery successful on attempt 1
2026-04-13 20:57:13.150 [INFO]     doris_mcp_server.utils.db:1146 - 🔥 Warming up connection pool with 3 connections
2026-04-13 20:57:13.323 [INFO]     doris_mcp_server.utils.db:1167 - ✅ Pool warmup completed, 3 connections created
2026-04-13 21:08:27.555 [INFO]     doris_mcp_server.utils.db:1288 - 🔄 Attempting pool recovery (attempt 1/3)
2026-04-13 21:08:27.673 [INFO]     doris_mcp_server.utils.db:1329 - ✅ Pool recovery successful on attempt 1
2026-04-13 21:08:27.673 [INFO]     doris_mcp_server.utils.db:1146 - 🔥 Warming up connection pool with 3 connections
2026-04-13 21:08:27.858 [INFO]     doris_mcp_server.utils.db:1167 - ✅ Pool warmup completed, 3 connections created
2026-04-13 21:08:38.587 [INFO]     doris_mcp_server.utils.db:1288 - 🔄 Attempting pool recovery (attempt 1/3)
2026-04-13 21:08:38.741 [INFO]     doris_mcp_server.utils.db:1329 - ✅ Pool recovery successful on attempt 1
2026-04-13 21:08:38.741 [INFO]     doris_mcp_server.utils.db:1146 - 🔥 Warming up connection pool with 3 connections
2026-04-13 21:08:38.873 [INFO]     doris_mcp_server.utils.db:1288 - 🔄 Attempting pool recovery (attempt 1/3)
2026-04-13 21:08:38.926 [INFO]     doris_mcp_server.utils.db:1167 - ✅ Pool warmup completed, 3 connections created
2026-04-13 21:08:38.976 [INFO]     doris_mcp_server.utils.db:1329 - ✅ Pool recovery successful on attempt 1
2026-04-13 21:08:38.977 [INFO]     doris_mcp_server.utils.db:1146 - 🔥 Warming up connection pool with 3 connections
2026-04-13 21:08:39.167 [INFO]     doris_mcp_server.utils.db:1167 - ✅ Pool warmup completed, 3 connections created
2026-04-13 21:08:39.869 [INFO]     doris_mcp_server.utils.db:1288 - 🔄 Attempting pool recovery (attempt 1/3)
2026-04-13 21:08:39.967 [INFO]     doris_mcp_server.utils.db:1329 - ✅ Pool recovery successful on attempt 1
2026-04-13 21:08:39.967 [INFO]     doris_mcp_server.utils.db:1146 - 🔥 Warming up connection pool with 3 connections
2026-04-13 21:08:40.160 [INFO]     doris_mcp_server.utils.db:1167 - ✅ Pool warmup completed, 3 connections created
2026-04-13 21:26:10.119 [INFO]     doris_mcp_server.utils.db:1288 - 🔄 Attempting pool recovery (attempt 1/3)
2026-04-13 21:26:11.256 [INFO]     doris_mcp_server.utils.db:1329 - ✅ Pool recovery successful on attempt 1
2026-04-13 21:26:11.256 [INFO]     doris_mcp_server.utils.db:1146 - 🔥 Warming up connection pool with 3 connections
2026-04-13 21:26:11.445 [INFO]     doris_mcp_server.utils.db:1167 - ✅ Pool warmup completed, 3 connections created
2026-04-13 21:26:11.652 [INFO]     doris_mcp_server.utils.db:1288 - 🔄 Attempting pool recovery (attempt 1/3)
2026-04-13 21:26:11.766 [INFO]     doris_mcp_server.utils.db:1329 - ✅ Pool recovery successful on attempt 1
2026-04-13 21:26:11.767 [INFO]     doris_mcp_server.utils.db:1146 - 🔥 Warming up connection pool with 3 connections
2026-04-13 21:26:11.968 [INFO]     doris_mcp_server.utils.db:1167 - ✅ Pool warmup completed, 3 connections created
2026-04-13 21:26:12.904 [INFO]     doris_mcp_server.utils.db:1288 - 🔄 Attempting pool recovery (attempt 1/3)
2026-04-13 21:26:13.015 [INFO]     doris_mcp_server.utils.db:1329 - ✅ Pool recovery successful on attempt 1
2026-04-13 21:26:13.015 [INFO]     doris_mcp_server.utils.db:1146 - 🔥 Warming up connection pool with 3 connections
2026-04-13 21:26:13.191 [INFO]     doris_mcp_server.utils.db:1167 - ✅ Pool warmup completed, 3 connections created
2026-04-13 21:26:28.797 [INFO]     doris_mcp_server.utils.db:1288 - 🔄 Attempting pool recovery (attempt 1/3)
2026-04-13 21:26:28.912 [INFO]     doris_mcp_server.utils.db:1329 - ✅ Pool recovery successful on attempt 1
2026-04-13 21:26:28.912 [INFO]     doris_mcp_server.utils.db:1146 - 🔥 Warming up connection pool with 3 connections
2026-04-13 21:26:29.059 [INFO]     doris_mcp_server.utils.db:1167 - ✅ Pool warmup completed, 3 connections created
2026-04-13 21:42:44.440 [INFO]     doris_mcp_server.utils.db:1288 - 🔄 Attempting pool recovery (attempt 1/3)
2026-04-13 21:42:44.559 [INFO]     doris_mcp_server.utils.db:1329 - ✅ Pool recovery successful on attempt 1
2026-04-13 21:42:44.559 [INFO]     doris_mcp_server.utils.db:1146 - 🔥 Warming up connection pool with 3 connections
2026-04-13 21:42:44.615 [INFO]     doris_mcp_server.utils.db:1167 - ✅ Pool warmup completed, 1 connections created
2026-04-13 21:42:57.051 [INFO]     doris_mcp_server.utils.db:1288 - 🔄 Attempting pool recovery (attempt 1/3)
2026-04-13 21:42:57.125 [INFO]     doris_mcp_server.utils.db:1288 - 🔄 Attempting pool recovery (attempt 2/3)
2026-04-13 21:42:58.570 [INFO]     doris_mcp_server.utils.db:1288 - 🔄 Attempting pool recovery (attempt 1/3)
2026-04-13 21:42:59.195 [INFO]     doris_mcp_server.utils.db:1288 - 🔄 Attempting pool recovery (attempt 3/3)
2026-04-13 21:42:59.196 [INFO]     doris_mcp_server.utils.db:1288 - 🔄 Attempting pool recovery (attempt 1/3)
2026-04-13 21:43:01.651 [INFO]     doris_mcp_server.utils.db:1288 - 🔄 Attempting pool recovery (attempt 2/3)
2026-04-13 21:43:02.269 [INFO]     doris_mcp_server.utils.db:1288 - 🔄 Attempting pool recovery (attempt 2/3)
2026-04-13 21:43:03.715 [INFO]     doris_mcp_server.utils.db:1288 - 🔄 Attempting pool recovery (attempt 3/3)
2026-04-13 21:43:04.349 [INFO]     doris_mcp_server.utils.db:1288 - 🔄 Attempting pool recovery (attempt 3/3)
2026-04-13 21:59:23.643 [INFO]     doris_mcp_server.utils.db:1288 - 🔄 Attempting pool recovery (attempt 1/3)
2026-04-13 21:59:23.703 [INFO]     doris_mcp_server.utils.db:1288 - 🔄 Attempting pool recovery (attempt 2/3)
2026-04-13 21:59:25.766 [INFO]     doris_mcp_server.utils.db:1288 - 🔄 Attempting pool recovery (attempt 3/3)
2026-04-13 21:59:28.185 [INFO]     doris_mcp_server.utils.db:1288 - 🔄 Attempting pool recovery (attempt 1/3)
2026-04-13 21:59:28.270 [INFO]     doris_mcp_server.utils.db:1288 - 🔄 Attempting pool recovery (attempt 2/3)
2026-04-13 21:59:28.812 [INFO]     doris_mcp_server.utils.db:1288 - 🔄 Attempting pool recovery (attempt 1/3)
2026-04-13 21:59:28.881 [INFO]     doris_mcp_server.utils.db:1288 - 🔄 Attempting pool recovery (attempt 2/3)
2026-04-13 21:59:30.330 [INFO]     doris_mcp_server.utils.db:1288 - 🔄 Attempting pool recovery (attempt 3/3)
2026-04-13 21:59:30.952 [INFO]     doris_mcp_server.utils.db:1288 - 🔄 Attempting pool recovery (attempt 3/3)
2026-04-13 21:59:33.041 [INFO]     doris_mcp_server.utils.db:1329 - ✅ Pool recovery successful on attempt 3
2026-04-13 21:59:33.041 [INFO]     doris_mcp_server.utils.db:1146 - 🔥 Warming up connection pool with 3 connections
2026-04-13 21:59:33.103 [INFO]     doris_mcp_server.utils.db:1167 - ✅ Pool warmup completed, 1 connections created
2026-04-13 21:59:55.457 [INFO]     doris_mcp_server.utils.db:1288 - 🔄 Attempting pool recovery (attempt 1/3)
2026-04-13 21:59:55.526 [INFO]     doris_mcp_server.utils.db:1288 - 🔄 Attempting pool recovery (attempt 2/3)
2026-04-13 21:59:57.588 [INFO]     doris_mcp_server.utils.db:1288 - 🔄 Attempting pool recovery (attempt 3/3)
2026-04-13 21:59:57.850 [INFO]     doris_mcp_server.utils.db:1288 - 🔄 Attempting pool recovery (attempt 1/3)
2026-04-13 21:59:57.914 [INFO]     doris_mcp_server.utils.db:1288 - 🔄 Attempting pool recovery (attempt 2/3)
2026-04-13 21:59:59.982 [INFO]     doris_mcp_server.utils.db:1288 - 🔄 Attempting pool recovery (attempt 3/3)
2026-04-13 22:00:03.404 [INFO]     doris_mcp_server.utils.db:1288 - 🔄 Attempting pool recovery (attempt 1/3)
2026-04-13 22:00:03.474 [INFO]     doris_mcp_server.utils.db:1288 - 🔄 Attempting pool recovery (attempt 2/3)
2026-04-13 22:00:05.559 [INFO]     doris_mcp_server.utils.db:1288 - 🔄 Attempting pool recovery (attempt 3/3)
2026-04-13 22:09:28.206 [INFO]     doris_mcp_server.utils.db:1288 - 🔄 Attempting pool recovery (attempt 1/3)
2026-04-13 22:09:28.271 [INFO]     doris_mcp_server.utils.db:1288 - 🔄 Attempting pool recovery (attempt 2/3)
2026-04-13 22:09:30.329 [INFO]     doris_mcp_server.utils.db:1288 - 🔄 Attempting pool recovery (attempt 3/3)
2026-04-13 22:09:30.605 [INFO]     doris_mcp_server.utils.db:1288 - 🔄 Attempting pool recovery (attempt 1/3)
2026-04-13 22:09:30.708 [INFO]     doris_mcp_server.utils.db:1288 - 🔄 Attempting pool recovery (attempt 2/3)
2026-04-13 22:09:32.797 [INFO]     doris_mcp_server.utils.db:1288 - 🔄 Attempting pool recovery (attempt 3/3)
2026-04-13 22:09:36.177 [INFO]     doris_mcp_server.utils.db:1288 - 🔄 Attempting pool recovery (attempt 1/3)
2026-04-13 22:09:36.229 [INFO]     doris_mcp_server.utils.db:1288 - 🔄 Attempting pool recovery (attempt 2/3)
2026-04-13 22:09:38.314 [INFO]     doris_mcp_server.utils.db:1288 - 🔄 Attempting pool recovery (attempt 3/3)
2026-04-13 22:09:49.788 [INFO]     doris_mcp_server.utils.db:1288 - 🔄 Attempting pool recovery (attempt 1/3)
2026-04-13 22:09:49.856 [INFO]     doris_mcp_server.utils.db:1288 - 🔄 Attempting pool recovery (attempt 2/3)
2026-04-13 22:25:45.105 [INFO]     doris_mcp_server.utils.db:1329 - ✅ Pool recovery successful on attempt 2
2026-04-13 22:25:45.105 [INFO]     doris_mcp_server.utils.db:1146 - 🔥 Warming up connection pool with 3 connections
2026-04-13 22:25:45.306 [INFO]     doris_mcp_server.utils.db:1167 - ✅ Pool warmup completed, 3 connections created
2026-04-13 22:25:55.006 [INFO]     doris_mcp_server.utils.db:1288 - 🔄 Attempting pool recovery (attempt 1/3)
2026-04-13 22:25:55.115 [INFO]     doris_mcp_server.utils.db:1329 - ✅ Pool recovery successful on attempt 1
2026-04-13 22:25:55.116 [INFO]     doris_mcp_server.utils.db:1146 - 🔥 Warming up connection pool with 3 connections
2026-04-13 22:25:55.297 [INFO]     doris_mcp_server.utils.db:1167 - ✅ Pool warmup completed, 3 connections created
2026-04-13 22:25:57.476 [INFO]     doris_mcp_server.utils.db:1288 - 🔄 Attempting pool recovery (attempt 1/3)
2026-04-13 22:25:57.620 [INFO]     doris_mcp_server.utils.db:1329 - ✅ Pool recovery successful on attempt 1
2026-04-13 22:25:57.621 [INFO]     doris_mcp_server.utils.db:1146 - 🔥 Warming up connection pool with 3 connections
2026-04-13 22:25:57.851 [INFO]     doris_mcp_server.utils.db:1167 - ✅ Pool warmup completed, 3 connections created
2026-04-13 22:26:02.979 [INFO]     doris_mcp_server.utils.db:1288 - 🔄 Attempting pool recovery (attempt 1/3)
2026-04-13 22:26:03.088 [INFO]     doris_mcp_server.utils.db:1329 - ✅ Pool recovery successful on attempt 1
2026-04-13 22:26:03.089 [INFO]     doris_mcp_server.utils.db:1146 - 🔥 Warming up connection pool with 3 connections
2026-04-13 22:26:03.279 [INFO]     doris_mcp_server.utils.db:1167 - ✅ Pool warmup completed, 3 connections created
2026-04-13 22:42:41.721 [INFO]     doris_mcp_server.utils.db:1288 - 🔄 Attempting pool recovery (attempt 1/3)
2026-04-13 22:42:41.839 [INFO]     doris_mcp_server.utils.db:1329 - ✅ Pool recovery successful on attempt 1
2026-04-13 22:42:41.840 [INFO]     doris_mcp_server.utils.db:1146 - 🔥 Warming up connection pool with 3 connections
2026-04-13 22:42:42.023 [INFO]     doris_mcp_server.utils.db:1167 - ✅ Pool warmup completed, 3 connections created
2026-04-13 22:42:44.535 [INFO]     doris_mcp_server.utils.db:1288 - 🔄 Attempting pool recovery (attempt 1/3)
2026-04-13 22:42:44.671 [INFO]     doris_mcp_server.utils.db:1329 - ✅ Pool recovery successful on attempt 1
2026-04-13 22:42:44.672 [INFO]     doris_mcp_server.utils.db:1146 - 🔥 Warming up connection pool with 3 connections
2026-04-13 22:42:44.833 [INFO]     doris_mcp_server.utils.db:1167 - ✅ Pool warmup completed, 3 connections created
2026-04-13 22:42:49.955 [INFO]     doris_mcp_server.utils.db:1288 - 🔄 Attempting pool recovery (attempt 1/3)
2026-04-13 22:42:50.078 [INFO]     doris_mcp_server.utils.db:1329 - ✅ Pool recovery successful on attempt 1
2026-04-13 22:42:50.079 [INFO]     doris_mcp_server.utils.db:1146 - 🔥 Warming up connection pool with 3 connections
2026-04-13 22:42:50.246 [INFO]     doris_mcp_server.utils.db:1167 - ✅ Pool warmup completed, 3 connections created
2026-04-13 22:43:02.020 [INFO]     doris_mcp_server.utils.db:1288 - 🔄 Attempting pool recovery (attempt 1/3)
2026-04-13 22:43:02.136 [INFO]     doris_mcp_server.utils.db:1329 - ✅ Pool recovery successful on attempt 1
2026-04-13 22:43:02.137 [INFO]     doris_mcp_server.utils.db:1146 - 🔥 Warming up connection pool with 3 connections
2026-04-13 22:43:02.270 [INFO]     doris_mcp_server.utils.db:1167 - ✅ Pool warmup completed, 3 connections created
2026-04-13 22:59:16.726 [INFO]     doris_mcp_server.utils.db:1288 - 🔄 Attempting pool recovery (attempt 1/3)
2026-04-13 22:59:16.958 [INFO]     doris_mcp_server.utils.db:1288 - 🔄 Attempting pool recovery (attempt 1/3)
2026-04-13 22:59:19.853 [INFO]     doris_mcp_server.utils.db:1329 - ✅ Pool recovery successful on attempt 1
2026-04-13 22:59:19.854 [INFO]     doris_mcp_server.utils.db:1146 - 🔥 Warming up connection pool with 3 connections
2026-04-13 22:59:20.038 [INFO]     doris_mcp_server.utils.db:1167 - ✅ Pool warmup completed, 3 connections created
2026-04-13 22:59:20.052 [INFO]     doris_mcp_server.utils.db:1329 - ✅ Pool recovery successful on attempt 1
2026-04-13 22:59:20.052 [INFO]     doris_mcp_server.utils.db:1146 - 🔥 Warming up connection pool with 3 connections
2026-04-13 22:59:20.198 [INFO]     doris_mcp_server.utils.db:1167 - ✅ Pool warmup completed, 3 connections created
2026-04-13 22:59:22.403 [INFO]     doris_mcp_server.utils.db:1288 - 🔄 Attempting pool recovery (attempt 1/3)
2026-04-13 22:59:25.501 [INFO]     doris_mcp_server.utils.db:1329 - ✅ Pool recovery successful on attempt 1
2026-04-13 22:59:25.502 [INFO]     doris_mcp_server.utils.db:1146 - 🔥 Warming up connection pool with 3 connections
2026-04-13 22:59:25.687 [INFO]     doris_mcp_server.utils.db:1167 - ✅ Pool warmup completed, 3 connections created
2026-04-13 22:59:34.167 [INFO]     doris_mcp_server.utils.db:1288 - 🔄 Attempting pool recovery (attempt 1/3)
2026-04-13 23:10:06.977 [INFO]     doris_mcp_server.utils.db:1329 - ✅ Pool recovery successful on attempt 1
2026-04-13 23:10:06.978 [INFO]     doris_mcp_server.utils.db:1146 - 🔥 Warming up connection pool with 3 connections
2026-04-13 23:10:07.149 [INFO]     doris_mcp_server.utils.db:1167 - ✅ Pool warmup completed, 3 connections created
2026-04-13 23:10:38.083 [INFO]     doris_mcp_server.utils.db:1288 - 🔄 Attempting pool recovery (attempt 1/3)
2026-04-13 23:10:38.116 [INFO]     doris_mcp_server.utils.db:1288 - 🔄 Attempting pool recovery (attempt 1/3)
2026-04-13 23:10:41.197 [INFO]     doris_mcp_server.utils.db:1329 - ✅ Pool recovery successful on attempt 1
2026-04-13 23:10:41.198 [INFO]     doris_mcp_server.utils.db:1146 - 🔥 Warming up connection pool with 3 connections
2026-04-13 23:10:41.210 [INFO]     doris_mcp_server.utils.db:1329 - ✅ Pool recovery successful on attempt 1
2026-04-13 23:10:41.210 [INFO]     doris_mcp_server.utils.db:1146 - 🔥 Warming up connection pool with 3 connections
2026-04-13 23:10:41.378 [INFO]     doris_mcp_server.utils.db:1167 - ✅ Pool warmup completed, 3 connections created
2026-04-13 23:10:41.384 [INFO]     doris_mcp_server.utils.db:1167 - ✅ Pool warmup completed, 3 connections created
2026-04-13 23:10:43.663 [INFO]     doris_mcp_server.utils.db:1288 - 🔄 Attempting pool recovery (attempt 1/3)
2026-04-13 23:10:46.802 [INFO]     doris_mcp_server.utils.db:1329 - ✅ Pool recovery successful on attempt 1
2026-04-13 23:10:46.802 [INFO]     doris_mcp_server.utils.db:1146 - 🔥 Warming up connection pool with 3 connections
2026-04-13 23:10:47.007 [INFO]     doris_mcp_server.utils.db:1167 - ✅ Pool warmup completed, 3 connections created
2026-04-13 23:27:08.141 [INFO]     doris_mcp_server.utils.db:1288 - 🔄 Attempting pool recovery (attempt 1/3)
2026-04-13 23:27:08.250 [INFO]     doris_mcp_server.utils.db:1329 - ✅ Pool recovery successful on attempt 1
2026-04-13 23:27:08.250 [INFO]     doris_mcp_server.utils.db:1146 - 🔥 Warming up connection pool with 3 connections
2026-04-13 23:27:08.413 [INFO]     doris_mcp_server.utils.db:1167 - ✅ Pool warmup completed, 3 connections created
2026-04-13 23:27:12.284 [INFO]     doris_mcp_server.utils.db:1288 - 🔄 Attempting pool recovery (attempt 1/3)
2026-04-13 23:27:12.377 [INFO]     doris_mcp_server.utils.db:1288 - 🔄 Attempting pool recovery (attempt 1/3)
2026-04-13 23:27:12.407 [INFO]     doris_mcp_server.utils.db:1329 - ✅ Pool recovery successful on attempt 1
2026-04-13 23:27:12.408 [INFO]     doris_mcp_server.utils.db:1146 - 🔥 Warming up connection pool with 3 connections
2026-04-13 23:27:12.499 [INFO]     doris_mcp_server.utils.db:1329 - ✅ Pool recovery successful on attempt 1
2026-04-13 23:27:12.499 [INFO]     doris_mcp_server.utils.db:1146 - 🔥 Warming up connection pool with 3 connections
2026-04-13 23:27:12.572 [INFO]     doris_mcp_server.utils.db:1167 - ✅ Pool warmup completed, 3 connections created
2026-04-13 23:27:12.648 [INFO]     doris_mcp_server.utils.db:1167 - ✅ Pool warmup completed, 3 connections created
2026-04-13 23:27:18.325 [INFO]     doris_mcp_server.utils.db:1288 - 🔄 Attempting pool recovery (attempt 1/3)
2026-04-13 23:27:21.421 [INFO]     doris_mcp_server.utils.db:1329 - ✅ Pool recovery successful on attempt 1
2026-04-13 23:27:21.422 [INFO]     doris_mcp_server.utils.db:1146 - 🔥 Warming up connection pool with 3 connections
2026-04-13 23:27:21.641 [INFO]     doris_mcp_server.utils.db:1167 - ✅ Pool warmup completed, 3 connections created
2026-04-13 23:43:24.536 [INFO]     doris_mcp_server.utils.db:1288 - 🔄 Attempting pool recovery (attempt 1/3)
2026-04-13 23:43:24.657 [INFO]     doris_mcp_server.utils.db:1329 - ✅ Pool recovery successful on attempt 1
2026-04-13 23:43:24.657 [INFO]     doris_mcp_server.utils.db:1146 - 🔥 Warming up connection pool with 3 connections
2026-04-13 23:43:24.842 [INFO]     doris_mcp_server.utils.db:1167 - ✅ Pool warmup completed, 3 connections created
2026-04-13 23:43:28.473 [INFO]     doris_mcp_server.utils.db:1288 - 🔄 Attempting pool recovery (attempt 1/3)
2026-04-13 23:43:28.606 [INFO]     doris_mcp_server.utils.db:1329 - ✅ Pool recovery successful on attempt 1
2026-04-13 23:43:28.606 [INFO]     doris_mcp_server.utils.db:1146 - 🔥 Warming up connection pool with 3 connections
2026-04-13 23:43:28.608 [INFO]     doris_mcp_server.utils.db:1288 - 🔄 Attempting pool recovery (attempt 1/3)
2026-04-13 23:43:28.728 [INFO]     doris_mcp_server.utils.db:1329 - ✅ Pool recovery successful on attempt 1
2026-04-13 23:43:28.729 [INFO]     doris_mcp_server.utils.db:1146 - 🔥 Warming up connection pool with 3 connections
2026-04-13 23:43:28.788 [INFO]     doris_mcp_server.utils.db:1167 - ✅ Pool warmup completed, 3 connections created
2026-04-13 23:43:28.920 [INFO]     doris_mcp_server.utils.db:1167 - ✅ Pool warmup completed, 3 connections created
2026-04-13 23:43:37.416 [INFO]     doris_mcp_server.utils.db:1288 - 🔄 Attempting pool recovery (attempt 1/3)
2026-04-13 23:43:37.536 [INFO]     doris_mcp_server.utils.db:1329 - ✅ Pool recovery successful on attempt 1
2026-04-13 23:43:37.536 [INFO]     doris_mcp_server.utils.db:1146 - 🔥 Warming up connection pool with 3 connections
2026-04-13 23:43:38.775 [INFO]     doris_mcp_server.utils.db:1167 - ✅ Pool warmup completed, 3 connections created
2026-04-13 23:59:33.152 [INFO]     doris_mcp_server.utils.db:1288 - 🔄 Attempting pool recovery (attempt 1/3)
2026-04-13 23:59:34.260 [INFO]     doris_mcp_server.utils.db:1329 - ✅ Pool recovery successful on attempt 1
2026-04-13 23:59:34.261 [INFO]     doris_mcp_server.utils.db:1146 - 🔥 Warming up connection pool with 3 connections
2026-04-13 23:59:35.424 [INFO]     doris_mcp_server.utils.db:1167 - ✅ Pool warmup completed, 3 connections created
2026-04-13 23:59:38.138 [INFO]     doris_mcp_server.utils.db:1288 - 🔄 Attempting pool recovery (attempt 1/3)
2026-04-13 23:59:38.266 [INFO]     doris_mcp_server.utils.db:1329 - ✅ Pool recovery successful on attempt 1
2026-04-13 23:59:38.267 [INFO]     doris_mcp_server.utils.db:1146 - 🔥 Warming up connection pool with 3 connections
2026-04-13 23:59:38.429 [INFO]     doris_mcp_server.utils.db:1167 - ✅ Pool warmup completed, 3 connections created
2026-04-13 23:59:39.438 [INFO]     doris_mcp_server.utils.db:1288 - 🔄 Attempting pool recovery (attempt 1/3)
2026-04-13 23:59:39.563 [INFO]     doris_mcp_server.utils.db:1329 - ✅ Pool recovery successful on attempt 1
2026-04-13 23:59:39.563 [INFO]     doris_mcp_server.utils.db:1146 - 🔥 Warming up connection pool with 3 connections
2026-04-13 23:59:39.787 [INFO]     doris_mcp_server.utils.db:1167 - ✅ Pool warmup completed, 3 connections created
2026-04-13 23:59:48.747 [INFO]     doris_mcp_server.utils.db:1288 - 🔄 Attempting pool recovery (attempt 1/3)
2026-04-13 23:59:48.859 [INFO]     doris_mcp_server.utils.db:1329 - ✅ Pool recovery successful on attempt 1
2026-04-13 23:59:48.860 [INFO]     doris_mcp_server.utils.db:1146 - 🔥 Warming up connection pool with 3 connections
2026-04-13 23:59:49.028 [INFO]     doris_mcp_server.utils.db:1167 - ✅ Pool warmup completed, 3 connections created
2026-04-14 00:11:27.429 [INFO]     doris_mcp_server.utils.db:1288 - 🔄 Attempting pool recovery (attempt 1/3)
2026-04-14 00:11:30.522 [INFO]     doris_mcp_server.utils.db:1329 - ✅ Pool recovery successful on attempt 1
2026-04-14 00:11:30.522 [INFO]     doris_mcp_server.utils.db:1146 - 🔥 Warming up connection pool with 3 connections
2026-04-14 00:11:30.597 [INFO]     doris_mcp_server.utils.db:1167 - ✅ Pool warmup completed, 1 connections created
2026-04-14 00:11:41.322 [INFO]     doris_mcp_server.utils.db:1288 - 🔄 Attempting pool recovery (attempt 1/3)
2026-04-14 00:11:44.382 [INFO]     doris_mcp_server.utils.db:1288 - 🔄 Attempting pool recovery (attempt 2/3)
2026-04-14 00:11:44.429 [INFO]     doris_mcp_server.utils.db:1288 - 🔄 Attempting pool recovery (attempt 1/3)
2026-04-14 00:11:45.887 [INFO]     doris_mcp_server.utils.db:1288 - 🔄 Attempting pool recovery (attempt 1/3)
2026-04-14 00:11:46.451 [INFO]     doris_mcp_server.utils.db:1288 - 🔄 Attempting pool recovery (attempt 3/3)
2026-04-14 00:11:47.504 [INFO]     doris_mcp_server.utils.db:1288 - 🔄 Attempting pool recovery (attempt 2/3)
2026-04-14 00:11:48.966 [INFO]     doris_mcp_server.utils.db:1288 - 🔄 Attempting pool recovery (attempt 2/3)
2026-04-14 00:11:49.585 [INFO]     doris_mcp_server.utils.db:1288 - 🔄 Attempting pool recovery (attempt 3/3)
2026-04-14 00:11:51.042 [INFO]     doris_mcp_server.utils.db:1288 - 🔄 Attempting pool recovery (attempt 3/3)
2026-04-14 00:27:33.159 [INFO]     doris_mcp_server.utils.db:1288 - 🔄 Attempting pool recovery (attempt 1/3)
2026-04-14 00:27:33.226 [INFO]     doris_mcp_server.utils.db:1288 - 🔄 Attempting pool recovery (attempt 2/3)
2026-04-14 00:27:33.472 [INFO]     doris_mcp_server.utils.db:1288 - 🔄 Attempting pool recovery (attempt 1/3)
2026-04-14 00:27:33.554 [INFO]     doris_mcp_server.utils.db:1288 - 🔄 Attempting pool recovery (attempt 2/3)
2026-04-14 00:27:35.298 [INFO]     doris_mcp_server.utils.db:1288 - 🔄 Attempting pool recovery (attempt 3/3)
2026-04-14 00:27:35.643 [INFO]     doris_mcp_server.utils.db:1288 - 🔄 Attempting pool recovery (attempt 3/3)
2026-04-14 00:27:36.301 [INFO]     doris_mcp_server.utils.db:1288 - 🔄 Attempting pool recovery (attempt 1/3)
2026-04-14 00:27:36.363 [INFO]     doris_mcp_server.utils.db:1288 - 🔄 Attempting pool recovery (attempt 2/3)
2026-04-14 00:27:37.729 [INFO]     doris_mcp_server.utils.db:1288 - 🔄 Attempting pool recovery (attempt 1/3)
2026-04-14 00:27:38.499 [INFO]     doris_mcp_server.utils.db:1329 - ✅ Pool recovery successful on attempt 2
2026-04-14 00:27:38.500 [INFO]     doris_mcp_server.utils.db:1146 - 🔥 Warming up connection pool with 3 connections
2026-04-14 00:27:38.581 [INFO]     doris_mcp_server.utils.db:1167 - ✅ Pool warmup completed, 1 connections created
2026-04-14 00:27:38.795 [INFO]     doris_mcp_server.utils.db:1288 - 🔄 Attempting pool recovery (attempt 2/3)
2026-04-14 00:27:40.874 [INFO]     doris_mcp_server.utils.db:1288 - 🔄 Attempting pool recovery (attempt 3/3)
2026-04-14 00:28:07.372 [INFO]     doris_mcp_server.utils.db:1288 - 🔄 Attempting pool recovery (attempt 1/3)
2026-04-14 00:28:07.447 [INFO]     doris_mcp_server.utils.db:1288 - 🔄 Attempting pool recovery (attempt 2/3)
2026-04-14 00:28:07.745 [INFO]     doris_mcp_server.utils.db:1288 - 🔄 Attempting pool recovery (attempt 1/3)
2026-04-14 00:28:07.834 [INFO]     doris_mcp_server.utils.db:1288 - 🔄 Attempting pool recovery (attempt 2/3)
2026-04-14 00:43:47.251 [INFO]     doris_mcp_server.utils.db:1329 - ✅ Pool recovery successful on attempt 2
2026-04-14 00:43:47.251 [INFO]     doris_mcp_server.utils.db:1146 - 🔥 Warming up connection pool with 3 connections
2026-04-14 00:43:47.266 [INFO]     doris_mcp_server.utils.db:1329 - ✅ Pool recovery successful on attempt 2
2026-04-14 00:43:47.266 [INFO]     doris_mcp_server.utils.db:1146 - 🔥 Warming up connection pool with 3 connections
2026-04-14 00:43:47.624 [INFO]     doris_mcp_server.utils.db:1167 - ✅ Pool warmup completed, 3 connections created
2026-04-14 00:43:47.679 [INFO]     doris_mcp_server.utils.db:1167 - ✅ Pool warmup completed, 3 connections created
2026-04-14 00:43:50.130 [INFO]     doris_mcp_server.utils.db:1288 - 🔄 Attempting pool recovery (attempt 1/3)
2026-04-14 00:43:50.251 [INFO]     doris_mcp_server.utils.db:1329 - ✅ Pool recovery successful on attempt 1
2026-04-14 00:43:50.252 [INFO]     doris_mcp_server.utils.db:1146 - 🔥 Warming up connection pool with 3 connections
2026-04-14 00:43:50.421 [INFO]     doris_mcp_server.utils.db:1167 - ✅ Pool warmup completed, 3 connections created
2026-04-14 00:59:45.126 [INFO]     doris_mcp_server.utils.db:1288 - 🔄 Attempting pool recovery (attempt 1/3)
2026-04-14 00:59:45.257 [INFO]     doris_mcp_server.utils.db:1329 - ✅ Pool recovery successful on attempt 1
2026-04-14 00:59:45.257 [INFO]     doris_mcp_server.utils.db:1146 - 🔥 Warming up connection pool with 3 connections
2026-04-14 01:00:19.409 [INFO]     doris_mcp_server.utils.db:1288 - 🔄 Attempting pool recovery (attempt 1/3)
2026-04-14 01:00:19.525 [INFO]     doris_mcp_server.utils.db:1329 - ✅ Pool recovery successful on attempt 1
2026-04-14 01:00:19.525 [INFO]     doris_mcp_server.utils.db:1146 - 🔥 Warming up connection pool with 3 connections
2026-04-14 01:00:19.734 [INFO]     doris_mcp_server.utils.db:1167 - ✅ Pool warmup completed, 3 connections created
2026-04-14 01:15:52.058 [INFO]     doris_mcp_server.utils.db:1288 - 🔄 Attempting pool recovery (attempt 1/3)
2026-04-14 01:15:58.182 [INFO]     doris_mcp_server.utils.db:1329 - ✅ Pool recovery successful on attempt 1
2026-04-14 01:15:58.182 [INFO]     doris_mcp_server.utils.db:1146 - 🔥 Warming up connection pool with 3 connections
2026-04-14 01:15:58.364 [INFO]     doris_mcp_server.utils.db:1167 - ✅ Pool warmup completed, 3 connections created
2026-04-14 01:15:58.702 [INFO]     doris_mcp_server.utils.db:1288 - 🔄 Attempting pool recovery (attempt 1/3)
2026-04-14 01:16:01.836 [INFO]     doris_mcp_server.utils.db:1329 - ✅ Pool recovery successful on attempt 1
2026-04-14 01:16:01.837 [INFO]     doris_mcp_server.utils.db:1146 - 🔥 Warming up connection pool with 3 connections
2026-04-14 01:16:02.011 [INFO]     doris_mcp_server.utils.db:1167 - ✅ Pool warmup completed, 3 connections created
2026-04-14 01:16:13.493 [INFO]     doris_mcp_server.utils.db:1288 - 🔄 Attempting pool recovery (attempt 1/3)
2026-04-14 01:16:16.629 [INFO]     doris_mcp_server.utils.db:1329 - ✅ Pool recovery successful on attempt 1
2026-04-14 01:16:16.629 [INFO]     doris_mcp_server.utils.db:1146 - 🔥 Warming up connection pool with 3 connections
2026-04-14 01:16:16.816 [INFO]     doris_mcp_server.utils.db:1167 - ✅ Pool warmup completed, 3 connections created
2026-04-14 01:16:17.582 [INFO]     doris_mcp_server.utils.db:1288 - 🔄 Attempting pool recovery (attempt 1/3)
2026-04-14 01:16:20.704 [INFO]     doris_mcp_server.utils.db:1329 - ✅ Pool recovery successful on attempt 1
2026-04-14 01:16:20.705 [INFO]     doris_mcp_server.utils.db:1146 - 🔥 Warming up connection pool with 3 connections
2026-04-14 01:16:20.896 [INFO]     doris_mcp_server.utils.db:1167 - ✅ Pool warmup completed, 3 connections created
2026-04-14 01:31:48.562 [INFO]     doris_mcp_server.utils.db:1288 - 🔄 Attempting pool recovery (attempt 1/3)
2026-04-14 01:31:51.730 [INFO]     doris_mcp_server.utils.db:1329 - ✅ Pool recovery successful on attempt 1
2026-04-14 01:31:51.730 [INFO]     doris_mcp_server.utils.db:1146 - 🔥 Warming up connection pool with 3 connections
2026-04-14 01:31:51.952 [INFO]     doris_mcp_server.utils.db:1167 - ✅ Pool warmup completed, 3 connections created
2026-04-14 01:31:52.075 [INFO]     doris_mcp_server.utils.db:1288 - 🔄 Attempting pool recovery (attempt 1/3)
2026-04-14 01:31:55.194 [INFO]     doris_mcp_server.utils.db:1329 - ✅ Pool recovery successful on attempt 1
2026-04-14 01:31:55.195 [INFO]     doris_mcp_server.utils.db:1146 - 🔥 Warming up connection pool with 3 connections
2026-04-14 01:31:55.387 [INFO]     doris_mcp_server.utils.db:1167 - ✅ Pool warmup completed, 3 connections created
2026-04-14 01:32:09.598 [INFO]     doris_mcp_server.utils.db:1288 - 🔄 Attempting pool recovery (attempt 1/3)
2026-04-14 01:32:12.726 [INFO]     doris_mcp_server.utils.db:1329 - ✅ Pool recovery successful on attempt 1
2026-04-14 01:32:12.727 [INFO]     doris_mcp_server.utils.db:1146 - 🔥 Warming up connection pool with 3 connections
2026-04-14 01:32:12.880 [INFO]     doris_mcp_server.utils.db:1167 - ✅ Pool warmup completed, 3 connections created
2026-04-14 01:32:16.297 [INFO]     doris_mcp_server.utils.db:1288 - 🔄 Attempting pool recovery (attempt 1/3)
2026-04-14 01:32:19.421 [INFO]     doris_mcp_server.utils.db:1329 - ✅ Pool recovery successful on attempt 1
2026-04-14 01:32:19.422 [INFO]     doris_mcp_server.utils.db:1146 - 🔥 Warming up connection pool with 3 connections
2026-04-14 01:32:19.630 [INFO]     doris_mcp_server.utils.db:1167 - ✅ Pool warmup completed, 3 connections created
2026-04-14 01:48:51.353 [INFO]     doris_mcp_server.utils.db:1288 - 🔄 Attempting pool recovery (attempt 1/3)
2026-04-14 01:48:54.466 [INFO]     doris_mcp_server.utils.db:1329 - ✅ Pool recovery successful on attempt 1
2026-04-14 01:48:54.466 [INFO]     doris_mcp_server.utils.db:1146 - 🔥 Warming up connection pool with 3 connections
2026-04-14 01:48:54.669 [INFO]     doris_mcp_server.utils.db:1167 - ✅ Pool warmup completed, 3 connections created
2026-04-14 01:48:58.072 [INFO]     doris_mcp_server.utils.db:1288 - 🔄 Attempting pool recovery (attempt 1/3)
2026-04-14 01:49:02.199 [INFO]     doris_mcp_server.utils.db:1329 - ✅ Pool recovery successful on attempt 1
2026-04-14 01:49:02.200 [INFO]     doris_mcp_server.utils.db:1146 - 🔥 Warming up connection pool with 3 connections
2026-04-14 01:49:02.373 [INFO]     doris_mcp_server.utils.db:1167 - ✅ Pool warmup completed, 3 connections created
2026-04-14 01:49:02.556 [INFO]     doris_mcp_server.utils.db:1288 - 🔄 Attempting pool recovery (attempt 1/3)
2026-04-14 01:49:03.603 [INFO]     doris_mcp_server.utils.db:1288 - 🔄 Attempting pool recovery (attempt 1/3)
2026-04-14 02:05:29.139 [INFO]     doris_mcp_server.utils.db:1288 - 🔄 Attempting pool recovery (attempt 2/3)
2026-04-14 02:05:29.334 [INFO]     doris_mcp_server.utils.db:1329 - ✅ Pool recovery successful on attempt 1
2026-04-14 02:05:29.336 [INFO]     doris_mcp_server.utils.db:1146 - 🔥 Warming up connection pool with 3 connections
2026-04-14 02:05:29.522 [INFO]     doris_mcp_server.utils.db:1167 - ✅ Pool warmup completed, 3 connections created
2026-04-14 02:05:31.252 [INFO]     doris_mcp_server.utils.db:1329 - ✅ Pool recovery successful on attempt 2
2026-04-14 02:05:31.253 [INFO]     doris_mcp_server.utils.db:1146 - 🔥 Warming up connection pool with 3 connections
2026-04-14 02:05:31.451 [INFO]     doris_mcp_server.utils.db:1167 - ✅ Pool warmup completed, 3 connections created
2026-04-14 02:06:05.752 [INFO]     doris_mcp_server.utils.db:1288 - 🔄 Attempting pool recovery (attempt 1/3)
2026-04-14 02:06:08.873 [INFO]     doris_mcp_server.utils.db:1329 - ✅ Pool recovery successful on attempt 1
2026-04-14 02:06:08.873 [INFO]     doris_mcp_server.utils.db:1146 - 🔥 Warming up connection pool with 3 connections
2026-04-14 02:06:09.051 [INFO]     doris_mcp_server.utils.db:1167 - ✅ Pool warmup completed, 3 connections created
2026-04-14 02:06:13.581 [INFO]     doris_mcp_server.utils.db:1288 - 🔄 Attempting pool recovery (attempt 1/3)
2026-04-14 02:22:44.291 [INFO]     doris_mcp_server.utils.db:1329 - ✅ Pool recovery successful on attempt 1
2026-04-14 02:22:44.292 [INFO]     doris_mcp_server.utils.db:1146 - 🔥 Warming up connection pool with 3 connections
2026-04-14 02:22:44.492 [INFO]     doris_mcp_server.utils.db:1167 - ✅ Pool warmup completed, 3 connections created
2026-04-14 02:23:15.439 [INFO]     doris_mcp_server.utils.db:1288 - 🔄 Attempting pool recovery (attempt 1/3)
2026-04-14 02:23:15.557 [INFO]     doris_mcp_server.utils.db:1329 - ✅ Pool recovery successful on attempt 1
2026-04-14 02:23:15.558 [INFO]     doris_mcp_server.utils.db:1146 - 🔥 Warming up connection pool with 3 connections
2026-04-14 02:23:15.767 [INFO]     doris_mcp_server.utils.db:1167 - ✅ Pool warmup completed, 3 connections created
2026-04-14 02:23:17.538 [INFO]     doris_mcp_server.utils.db:1288 - 🔄 Attempting pool recovery (attempt 1/3)
2026-04-14 02:23:17.683 [INFO]     doris_mcp_server.utils.db:1329 - ✅ Pool recovery successful on attempt 1
2026-04-14 02:23:17.683 [INFO]     doris_mcp_server.utils.db:1146 - 🔥 Warming up connection pool with 3 connections
2026-04-14 02:23:17.879 [INFO]     doris_mcp_server.utils.db:1167 - ✅ Pool warmup completed, 3 connections created
2026-04-14 02:23:24.910 [INFO]     doris_mcp_server.utils.db:1288 - 🔄 Attempting pool recovery (attempt 1/3)
2026-04-14 02:23:25.020 [INFO]     doris_mcp_server.utils.db:1329 - ✅ Pool recovery successful on attempt 1
2026-04-14 02:23:25.021 [INFO]     doris_mcp_server.utils.db:1146 - 🔥 Warming up connection pool with 3 connections
2026-04-14 02:23:25.206 [INFO]     doris_mcp_server.utils.db:1167 - ✅ Pool warmup completed, 3 connections created
2026-04-14 02:40:45.614 [INFO]     doris_mcp_server.utils.db:1288 - 🔄 Attempting pool recovery (attempt 1/3)
2026-04-14 02:40:45.959 [INFO]     doris_mcp_server.utils.db:1288 - 🔄 Attempting pool recovery (attempt 1/3)
2026-04-14 02:40:47.175 [INFO]     doris_mcp_server.utils.db:1288 - 🔄 Attempting pool recovery (attempt 1/3)
2026-04-14 02:40:48.768 [INFO]     doris_mcp_server.utils.db:1329 - ✅ Pool recovery successful on attempt 1
2026-04-14 02:40:48.769 [INFO]     doris_mcp_server.utils.db:1146 - 🔥 Warming up connection pool with 3 connections
2026-04-14 02:40:48.964 [INFO]     doris_mcp_server.utils.db:1167 - ✅ Pool warmup completed, 3 connections created
2026-04-14 02:40:49.067 [INFO]     doris_mcp_server.utils.db:1329 - ✅ Pool recovery successful on attempt 1
2026-04-14 02:40:49.067 [INFO]     doris_mcp_server.utils.db:1146 - 🔥 Warming up connection pool with 3 connections
2026-04-14 02:40:49.260 [INFO]     doris_mcp_server.utils.db:1167 - ✅ Pool warmup completed, 3 connections created
2026-04-14 02:40:50.274 [INFO]     doris_mcp_server.utils.db:1329 - ✅ Pool recovery successful on attempt 1
2026-04-14 02:40:50.274 [INFO]     doris_mcp_server.utils.db:1146 - 🔥 Warming up connection pool with 3 connections
2026-04-14 02:40:50.453 [INFO]     doris_mcp_server.utils.db:1167 - ✅ Pool warmup completed, 3 connections created
2026-04-14 02:40:57.163 [INFO]     doris_mcp_server.utils.db:1288 - 🔄 Attempting pool recovery (attempt 1/3)
2026-04-14 02:56:58.890 [INFO]     doris_mcp_server.utils.db:1329 - ✅ Pool recovery successful on attempt 1
2026-04-14 02:56:58.890 [INFO]     doris_mcp_server.utils.db:1146 - 🔥 Warming up connection pool with 3 connections
2026-04-14 02:56:59.082 [INFO]     doris_mcp_server.utils.db:1167 - ✅ Pool warmup completed, 3 connections created
2026-04-14 02:57:36.208 [INFO]     doris_mcp_server.utils.db:1288 - 🔄 Attempting pool recovery (attempt 1/3)
2026-04-14 02:57:37.368 [INFO]     doris_mcp_server.utils.db:1288 - 🔄 Attempting pool recovery (attempt 1/3)
2026-04-14 02:57:38.282 [INFO]     doris_mcp_server.utils.db:1288 - 🔄 Attempting pool recovery (attempt 1/3)
2026-04-14 02:57:39.340 [INFO]     doris_mcp_server.utils.db:1329 - ✅ Pool recovery successful on attempt 1
2026-04-14 02:57:39.341 [INFO]     doris_mcp_server.utils.db:1146 - 🔥 Warming up connection pool with 3 connections
2026-04-14 02:57:39.495 [INFO]     doris_mcp_server.utils.db:1167 - ✅ Pool warmup completed, 3 connections created
2026-04-14 02:57:40.483 [INFO]     doris_mcp_server.utils.db:1329 - ✅ Pool recovery successful on attempt 1
2026-04-14 02:57:40.483 [INFO]     doris_mcp_server.utils.db:1146 - 🔥 Warming up connection pool with 3 connections
2026-04-14 02:57:40.668 [INFO]     doris_mcp_server.utils.db:1167 - ✅ Pool warmup completed, 3 connections created
2026-04-14 02:57:41.415 [INFO]     doris_mcp_server.utils.db:1329 - ✅ Pool recovery successful on attempt 1
2026-04-14 02:57:41.416 [INFO]     doris_mcp_server.utils.db:1146 - 🔥 Warming up connection pool with 3 connections
2026-04-14 02:57:41.482 [INFO]     doris_mcp_server.utils.db:1167 - ✅ Pool warmup completed, 1 connections created
2026-04-14 03:16:00.875 [INFO]     doris_mcp_server.utils.db:1288 - 🔄 Attempting pool recovery (attempt 1/3)
2026-04-14 03:16:00.980 [INFO]     doris_mcp_server.utils.db:1329 - ✅ Pool recovery successful on attempt 1
2026-04-14 03:16:00.981 [INFO]     doris_mcp_server.utils.db:1146 - 🔥 Warming up connection pool with 3 connections
2026-04-14 03:16:01.152 [INFO]     doris_mcp_server.utils.db:1167 - ✅ Pool warmup completed, 3 connections created
2026-04-14 03:16:01.797 [INFO]     doris_mcp_server.utils.db:1288 - 🔄 Attempting pool recovery (attempt 1/3)
2026-04-14 03:16:03.945 [INFO]     doris_mcp_server.utils.db:1288 - 🔄 Attempting pool recovery (attempt 1/3)
2026-04-14 03:16:04.058 [INFO]     doris_mcp_server.utils.db:1329 - ✅ Pool recovery successful on attempt 1
2026-04-14 03:16:04.058 [INFO]     doris_mcp_server.utils.db:1146 - 🔥 Warming up connection pool with 3 connections
2026-04-14 03:16:04.252 [INFO]     doris_mcp_server.utils.db:1167 - ✅ Pool warmup completed, 3 connections created
2026-04-14 03:16:04.945 [INFO]     doris_mcp_server.utils.db:1329 - ✅ Pool recovery successful on attempt 1
2026-04-14 03:16:04.946 [INFO]     doris_mcp_server.utils.db:1146 - 🔥 Warming up connection pool with 3 connections
2026-04-14 03:16:05.130 [INFO]     doris_mcp_server.utils.db:1167 - ✅ Pool warmup completed, 3 connections created
2026-04-14 03:16:20.259 [INFO]     doris_mcp_server.utils.db:1288 - 🔄 Attempting pool recovery (attempt 1/3)
2026-04-14 03:16:23.329 [INFO]     doris_mcp_server.utils.db:1288 - 🔄 Attempting pool recovery (attempt 2/3)
2026-04-14 03:33:46.102 [INFO]     doris_mcp_server.utils.db:1329 - ✅ Pool recovery successful on attempt 2
2026-04-14 03:33:46.103 [INFO]     doris_mcp_server.utils.db:1146 - 🔥 Warming up connection pool with 3 connections
2026-04-14 03:33:46.299 [INFO]     doris_mcp_server.utils.db:1167 - ✅ Pool warmup completed, 3 connections created
2026-04-14 03:34:10.081 [INFO]     doris_mcp_server.utils.db:1288 - 🔄 Attempting pool recovery (attempt 1/3)
2026-04-14 03:34:10.201 [INFO]     doris_mcp_server.utils.db:1329 - ✅ Pool recovery successful on attempt 1
2026-04-14 03:34:10.202 [INFO]     doris_mcp_server.utils.db:1146 - 🔥 Warming up connection pool with 3 connections
2026-04-14 03:34:10.379 [INFO]     doris_mcp_server.utils.db:1167 - ✅ Pool warmup completed, 3 connections created
2026-04-14 03:34:13.376 [INFO]     doris_mcp_server.utils.db:1288 - 🔄 Attempting pool recovery (attempt 1/3)
2026-04-14 03:34:13.469 [INFO]     doris_mcp_server.utils.db:1329 - ✅ Pool recovery successful on attempt 1
2026-04-14 03:34:13.470 [INFO]     doris_mcp_server.utils.db:1146 - 🔥 Warming up connection pool with 3 connections
2026-04-14 03:34:13.707 [INFO]     doris_mcp_server.utils.db:1167 - ✅ Pool warmup completed, 3 connections created
2026-04-14 03:34:14.483 [INFO]     doris_mcp_server.utils.db:1288 - 🔄 Attempting pool recovery (attempt 1/3)
2026-04-14 03:34:14.598 [INFO]     doris_mcp_server.utils.db:1329 - ✅ Pool recovery successful on attempt 1
2026-04-14 03:34:14.599 [INFO]     doris_mcp_server.utils.db:1146 - 🔥 Warming up connection pool with 3 connections
2026-04-14 03:34:14.807 [INFO]     doris_mcp_server.utils.db:1167 - ✅ Pool warmup completed, 3 connections created
2026-04-14 03:51:16.588 [INFO]     doris_mcp_server.utils.db:1288 - 🔄 Attempting pool recovery (attempt 1/3)
2026-04-14 03:51:16.685 [INFO]     doris_mcp_server.utils.db:1329 - ✅ Pool recovery successful on attempt 1
2026-04-14 03:51:16.685 [INFO]     doris_mcp_server.utils.db:1146 - 🔥 Warming up connection pool with 3 connections
2026-04-14 03:51:16.859 [INFO]     doris_mcp_server.utils.db:1167 - ✅ Pool warmup completed, 3 connections created
2026-04-14 03:51:19.682 [INFO]     doris_mcp_server.utils.db:1288 - 🔄 Attempting pool recovery (attempt 1/3)
2026-04-14 03:51:19.828 [INFO]     doris_mcp_server.utils.db:1329 - ✅ Pool recovery successful on attempt 1
2026-04-14 03:51:19.829 [INFO]     doris_mcp_server.utils.db:1146 - 🔥 Warming up connection pool with 3 connections
2026-04-14 03:51:20.032 [INFO]     doris_mcp_server.utils.db:1167 - ✅ Pool warmup completed, 3 connections created
2026-04-14 03:51:20.813 [INFO]     doris_mcp_server.utils.db:1288 - 🔄 Attempting pool recovery (attempt 1/3)
2026-04-14 03:51:20.919 [INFO]     doris_mcp_server.utils.db:1329 - ✅ Pool recovery successful on attempt 1
2026-04-14 03:51:20.919 [INFO]     doris_mcp_server.utils.db:1146 - 🔥 Warming up connection pool with 3 connections
2026-04-14 03:51:21.120 [INFO]     doris_mcp_server.utils.db:1167 - ✅ Pool warmup completed, 3 connections created
2026-04-14 03:51:22.555 [INFO]     doris_mcp_server.utils.db:1288 - 🔄 Attempting pool recovery (attempt 1/3)
2026-04-14 03:51:23.702 [INFO]     doris_mcp_server.utils.db:1329 - ✅ Pool recovery successful on attempt 1
2026-04-14 03:51:23.703 [INFO]     doris_mcp_server.utils.db:1146 - 🔥 Warming up connection pool with 3 connections
2026-04-14 03:51:23.923 [INFO]     doris_mcp_server.utils.db:1167 - ✅ Pool warmup completed, 3 connections created
2026-04-14 04:02:57.965 [INFO]     doris_mcp_server.utils.db:1288 - 🔄 Attempting pool recovery (attempt 1/3)
2026-04-14 04:03:01.081 [INFO]     doris_mcp_server.utils.db:1329 - ✅ Pool recovery successful on attempt 1
2026-04-14 04:03:01.082 [INFO]     doris_mcp_server.utils.db:1146 - 🔥 Warming up connection pool with 3 connections
2026-04-14 04:03:01.255 [INFO]     doris_mcp_server.utils.db:1167 - ✅ Pool warmup completed, 3 connections created
2026-04-14 04:03:02.360 [INFO]     doris_mcp_server.utils.db:1288 - 🔄 Attempting pool recovery (attempt 1/3)
2026-04-14 04:03:02.500 [INFO]     doris_mcp_server.utils.db:1329 - ✅ Pool recovery successful on attempt 1
2026-04-14 04:03:02.501 [INFO]     doris_mcp_server.utils.db:1146 - 🔥 Warming up connection pool with 3 connections
2026-04-14 04:03:02.712 [INFO]     doris_mcp_server.utils.db:1167 - ✅ Pool warmup completed, 3 connections created
2026-04-14 04:03:06.029 [INFO]     doris_mcp_server.utils.db:1288 - 🔄 Attempting pool recovery (attempt 1/3)
2026-04-14 04:03:06.794 [INFO]     doris_mcp_server.utils.db:1288 - 🔄 Attempting pool recovery (attempt 1/3)
2026-04-14 04:03:06.903 [INFO]     doris_mcp_server.utils.db:1329 - ✅ Pool recovery successful on attempt 1
2026-04-14 04:03:06.904 [INFO]     doris_mcp_server.utils.db:1146 - 🔥 Warming up connection pool with 3 connections
2026-04-14 04:03:07.102 [INFO]     doris_mcp_server.utils.db:1167 - ✅ Pool warmup completed, 3 connections created
2026-04-14 04:03:09.106 [INFO]     doris_mcp_server.utils.db:1288 - 🔄 Attempting pool recovery (attempt 2/3)
2026-04-14 04:03:11.170 [INFO]     doris_mcp_server.utils.db:1288 - 🔄 Attempting pool recovery (attempt 3/3)
2026-04-14 04:20:14.968 [INFO]     doris_mcp_server.utils.db:1288 - 🔄 Attempting pool recovery (attempt 1/3)
2026-04-14 04:20:15.094 [INFO]     doris_mcp_server.utils.db:1329 - ✅ Pool recovery successful on attempt 1
2026-04-14 04:20:15.095 [INFO]     doris_mcp_server.utils.db:1146 - 🔥 Warming up connection pool with 3 connections
2026-04-14 04:20:15.262 [INFO]     doris_mcp_server.utils.db:1167 - ✅ Pool warmup completed, 3 connections created
2026-04-14 04:20:21.312 [INFO]     doris_mcp_server.utils.db:1288 - 🔄 Attempting pool recovery (attempt 1/3)
2026-04-14 04:20:24.404 [INFO]     doris_mcp_server.utils.db:1329 - ✅ Pool recovery successful on attempt 1
2026-04-14 04:20:24.404 [INFO]     doris_mcp_server.utils.db:1146 - 🔥 Warming up connection pool with 3 connections
2026-04-14 04:20:24.590 [INFO]     doris_mcp_server.utils.db:1167 - ✅ Pool warmup completed, 3 connections created
2026-04-14 04:20:29.290 [INFO]     doris_mcp_server.utils.db:1288 - 🔄 Attempting pool recovery (attempt 1/3)
2026-04-14 04:20:31.089 [INFO]     doris_mcp_server.utils.db:1288 - 🔄 Attempting pool recovery (attempt 1/3)
2026-04-14 04:20:32.395 [INFO]     doris_mcp_server.utils.db:1329 - ✅ Pool recovery successful on attempt 1
2026-04-14 04:20:32.396 [INFO]     doris_mcp_server.utils.db:1146 - 🔥 Warming up connection pool with 3 connections
2026-04-14 04:20:32.612 [INFO]     doris_mcp_server.utils.db:1167 - ✅ Pool warmup completed, 3 connections created
2026-04-14 04:20:34.149 [INFO]     doris_mcp_server.utils.db:1288 - 🔄 Attempting pool recovery (attempt 2/3)
2026-04-14 04:20:36.227 [INFO]     doris_mcp_server.utils.db:1288 - 🔄 Attempting pool recovery (attempt 3/3)
2026-04-14 04:36:21.970 [INFO]     doris_mcp_server.utils.db:1329 - ✅ Pool recovery successful on attempt 3
2026-04-14 04:36:21.971 [INFO]     doris_mcp_server.utils.db:1146 - 🔥 Warming up connection pool with 3 connections
2026-04-14 04:36:23.141 [INFO]     doris_mcp_server.utils.db:1167 - ✅ Pool warmup completed, 3 connections created
2026-04-14 04:36:47.543 [INFO]     doris_mcp_server.utils.db:1288 - 🔄 Attempting pool recovery (attempt 1/3)
2026-04-14 04:36:47.694 [INFO]     doris_mcp_server.utils.db:1329 - ✅ Pool recovery successful on attempt 1
2026-04-14 04:36:47.694 [INFO]     doris_mcp_server.utils.db:1146 - 🔥 Warming up connection pool with 3 connections
2026-04-14 04:36:47.884 [INFO]     doris_mcp_server.utils.db:1167 - ✅ Pool warmup completed, 3 connections created
2026-04-14 04:36:56.355 [INFO]     doris_mcp_server.utils.db:1288 - 🔄 Attempting pool recovery (attempt 1/3)
2026-04-14 04:36:56.465 [INFO]     doris_mcp_server.utils.db:1329 - ✅ Pool recovery successful on attempt 1
2026-04-14 04:36:56.466 [INFO]     doris_mcp_server.utils.db:1146 - 🔥 Warming up connection pool with 3 connections
2026-04-14 04:36:56.661 [INFO]     doris_mcp_server.utils.db:1167 - ✅ Pool warmup completed, 3 connections created
2026-04-14 04:37:04.754 [INFO]     doris_mcp_server.utils.db:1288 - 🔄 Attempting pool recovery (attempt 1/3)
2026-04-14 04:37:07.879 [INFO]     doris_mcp_server.utils.db:1329 - ✅ Pool recovery successful on attempt 1
2026-04-14 04:37:07.879 [INFO]     doris_mcp_server.utils.db:1146 - 🔥 Warming up connection pool with 3 connections
2026-04-14 04:37:08.048 [INFO]     doris_mcp_server.utils.db:1167 - ✅ Pool warmup completed, 3 connections created
2026-04-14 04:54:58.342 [INFO]     doris_mcp_server.utils.db:1288 - 🔄 Attempting pool recovery (attempt 1/3)
2026-04-14 04:54:58.479 [INFO]     doris_mcp_server.utils.db:1329 - ✅ Pool recovery successful on attempt 1
2026-04-14 04:54:58.480 [INFO]     doris_mcp_server.utils.db:1146 - 🔥 Warming up connection pool with 3 connections
2026-04-14 04:54:59.658 [INFO]     doris_mcp_server.utils.db:1167 - ✅ Pool warmup completed, 3 connections created
2026-04-14 04:55:06.915 [INFO]     doris_mcp_server.utils.db:1288 - 🔄 Attempting pool recovery (attempt 1/3)
2026-04-14 04:55:10.018 [INFO]     doris_mcp_server.utils.db:1329 - ✅ Pool recovery successful on attempt 1
2026-04-14 04:55:10.019 [INFO]     doris_mcp_server.utils.db:1146 - 🔥 Warming up connection pool with 3 connections
2026-04-14 04:55:10.209 [INFO]     doris_mcp_server.utils.db:1167 - ✅ Pool warmup completed, 3 connections created
2026-04-14 04:55:17.555 [INFO]     doris_mcp_server.utils.db:1288 - 🔄 Attempting pool recovery (attempt 1/3)
2026-04-14 04:55:20.696 [INFO]     doris_mcp_server.utils.db:1329 - ✅ Pool recovery successful on attempt 1
2026-04-14 04:55:20.697 [INFO]     doris_mcp_server.utils.db:1146 - 🔥 Warming up connection pool with 3 connections
2026-04-14 04:55:21.841 [INFO]     doris_mcp_server.utils.db:1288 - 🔄 Attempting pool recovery (attempt 1/3)
2026-04-14 05:12:14.550 [INFO]     doris_mcp_server.utils.db:1167 - ✅ Pool warmup completed, 3 connections created
2026-04-14 05:12:16.586 [INFO]     doris_mcp_server.utils.db:1329 - ✅ Pool recovery successful on attempt 1
2026-04-14 05:12:16.587 [INFO]     doris_mcp_server.utils.db:1146 - 🔥 Warming up connection pool with 3 connections
2026-04-14 05:12:17.818 [INFO]     doris_mcp_server.utils.db:1167 - ✅ Pool warmup completed, 3 connections created
2026-04-14 05:12:41.435 [INFO]     doris_mcp_server.utils.db:1288 - 🔄 Attempting pool recovery (attempt 1/3)
2026-04-14 05:12:41.564 [INFO]     doris_mcp_server.utils.db:1329 - ✅ Pool recovery successful on attempt 1
2026-04-14 05:12:41.564 [INFO]     doris_mcp_server.utils.db:1146 - 🔥 Warming up connection pool with 3 connections
2026-04-14 05:12:41.752 [INFO]     doris_mcp_server.utils.db:1167 - ✅ Pool warmup completed, 3 connections created
2026-04-14 05:12:50.202 [INFO]     doris_mcp_server.utils.db:1288 - 🔄 Attempting pool recovery (attempt 1/3)
2026-04-14 05:12:50.341 [INFO]     doris_mcp_server.utils.db:1329 - ✅ Pool recovery successful on attempt 1
2026-04-14 05:12:50.341 [INFO]     doris_mcp_server.utils.db:1146 - 🔥 Warming up connection pool with 3 connections
2026-04-14 05:12:51.558 [INFO]     doris_mcp_server.utils.db:1167 - ✅ Pool warmup completed, 3 connections created
2026-04-14 05:28:43.638 [INFO]     doris_mcp_server.utils.db:1288 - 🔄 Attempting pool recovery (attempt 1/3)
2026-04-14 05:28:43.790 [INFO]     doris_mcp_server.utils.db:1329 - ✅ Pool recovery successful on attempt 1
2026-04-14 05:28:43.791 [INFO]     doris_mcp_server.utils.db:1146 - 🔥 Warming up connection pool with 3 connections
2026-04-14 05:28:43.976 [INFO]     doris_mcp_server.utils.db:1167 - ✅ Pool warmup completed, 3 connections created
2026-04-14 05:29:11.721 [INFO]     doris_mcp_server.utils.db:1288 - 🔄 Attempting pool recovery (attempt 1/3)
2026-04-14 05:29:14.847 [INFO]     doris_mcp_server.utils.db:1329 - ✅ Pool recovery successful on attempt 1
2026-04-14 05:29:14.847 [INFO]     doris_mcp_server.utils.db:1146 - 🔥 Warming up connection pool with 3 connections
2026-04-14 05:29:14.998 [INFO]     doris_mcp_server.utils.db:1167 - ✅ Pool warmup completed, 3 connections created
2026-04-14 05:29:17.746 [INFO]     doris_mcp_server.utils.db:1288 - 🔄 Attempting pool recovery (attempt 1/3)
2026-04-14 05:29:17.846 [INFO]     doris_mcp_server.utils.db:1329 - ✅ Pool recovery successful on attempt 1
2026-04-14 05:29:17.847 [INFO]     doris_mcp_server.utils.db:1146 - 🔥 Warming up connection pool with 3 connections
2026-04-14 05:29:19.031 [INFO]     doris_mcp_server.utils.db:1167 - ✅ Pool warmup completed, 3 connections created
2026-04-14 05:29:21.717 [INFO]     doris_mcp_server.utils.db:1288 - 🔄 Attempting pool recovery (attempt 1/3)
2026-04-14 05:29:21.838 [INFO]     doris_mcp_server.utils.db:1329 - ✅ Pool recovery successful on attempt 1
2026-04-14 05:29:21.838 [INFO]     doris_mcp_server.utils.db:1146 - 🔥 Warming up connection pool with 3 connections
2026-04-14 05:29:21.996 [INFO]     doris_mcp_server.utils.db:1167 - ✅ Pool warmup completed, 3 connections created
2026-04-14 05:46:53.927 [INFO]     doris_mcp_server.utils.db:1288 - 🔄 Attempting pool recovery (attempt 1/3)
2026-04-14 05:46:54.274 [INFO]     doris_mcp_server.utils.db:1288 - 🔄 Attempting pool recovery (attempt 1/3)
2026-04-14 05:46:57.037 [INFO]     doris_mcp_server.utils.db:1329 - ✅ Pool recovery successful on attempt 1
2026-04-14 05:46:57.037 [INFO]     doris_mcp_server.utils.db:1146 - 🔥 Warming up connection pool with 3 connections
2026-04-14 05:46:57.211 [INFO]     doris_mcp_server.utils.db:1167 - ✅ Pool warmup completed, 3 connections created
2026-04-14 05:46:57.379 [INFO]     doris_mcp_server.utils.db:1329 - ✅ Pool recovery successful on attempt 1
2026-04-14 05:46:57.379 [INFO]     doris_mcp_server.utils.db:1146 - 🔥 Warming up connection pool with 3 connections
2026-04-14 05:46:57.542 [INFO]     doris_mcp_server.utils.db:1167 - ✅ Pool warmup completed, 3 connections created
2026-04-14 05:46:58.874 [INFO]     doris_mcp_server.utils.db:1288 - 🔄 Attempting pool recovery (attempt 1/3)
2026-04-14 05:47:01.234 [INFO]     doris_mcp_server.utils.db:1288 - 🔄 Attempting pool recovery (attempt 1/3)
2026-04-14 05:47:01.971 [INFO]     doris_mcp_server.utils.db:1329 - ✅ Pool recovery successful on attempt 1
2026-04-14 05:47:01.971 [INFO]     doris_mcp_server.utils.db:1146 - 🔥 Warming up connection pool with 3 connections
2026-04-14 05:47:02.138 [INFO]     doris_mcp_server.utils.db:1167 - ✅ Pool warmup completed, 3 connections created
2026-04-14 05:47:04.369 [INFO]     doris_mcp_server.utils.db:1329 - ✅ Pool recovery successful on attempt 1
2026-04-14 05:47:04.370 [INFO]     doris_mcp_server.utils.db:1146 - 🔥 Warming up connection pool with 3 connections
2026-04-14 05:47:04.556 [INFO]     doris_mcp_server.utils.db:1167 - ✅ Pool warmup completed, 3 connections created
2026-04-14 06:03:15.739 [INFO]     doris_mcp_server.utils.db:1288 - 🔄 Attempting pool recovery (attempt 1/3)
2026-04-14 06:03:16.037 [INFO]     doris_mcp_server.utils.db:1288 - 🔄 Attempting pool recovery (attempt 1/3)
2026-04-14 06:03:17.136 [INFO]     doris_mcp_server.utils.db:1329 - ✅ Pool recovery successful on attempt 1
2026-04-14 06:03:17.136 [INFO]     doris_mcp_server.utils.db:1146 - 🔥 Warming up connection pool with 3 connections
2026-04-14 06:03:17.320 [INFO]     doris_mcp_server.utils.db:1167 - ✅ Pool warmup completed, 3 connections created
2026-04-14 06:03:18.859 [INFO]     doris_mcp_server.utils.db:1329 - ✅ Pool recovery successful on attempt 1
2026-04-14 06:03:18.859 [INFO]     doris_mcp_server.utils.db:1146 - 🔥 Warming up connection pool with 3 connections
2026-04-14 06:03:19.029 [INFO]     doris_mcp_server.utils.db:1167 - ✅ Pool warmup completed, 3 connections created
2026-04-14 06:03:20.383 [INFO]     doris_mcp_server.utils.db:1288 - 🔄 Attempting pool recovery (attempt 1/3)
2026-04-14 06:03:23.312 [INFO]     doris_mcp_server.utils.db:1288 - 🔄 Attempting pool recovery (attempt 1/3)
2026-04-14 06:03:23.521 [INFO]     doris_mcp_server.utils.db:1329 - ✅ Pool recovery successful on attempt 1
2026-04-14 06:03:23.522 [INFO]     doris_mcp_server.utils.db:1146 - 🔥 Warming up connection pool with 3 connections
2026-04-14 06:03:23.754 [INFO]     doris_mcp_server.utils.db:1167 - ✅ Pool warmup completed, 3 connections created
2026-04-14 06:03:26.429 [INFO]     doris_mcp_server.utils.db:1329 - ✅ Pool recovery successful on attempt 1
2026-04-14 06:03:26.429 [INFO]     doris_mcp_server.utils.db:1146 - 🔥 Warming up connection pool with 3 connections
2026-04-14 06:03:26.588 [INFO]     doris_mcp_server.utils.db:1167 - ✅ Pool warmup completed, 3 connections created
2026-04-14 06:19:40.124 [INFO]     doris_mcp_server.utils.db:1288 - 🔄 Attempting pool recovery (attempt 1/3)
2026-04-14 06:19:40.172 [INFO]     doris_mcp_server.utils.db:1288 - 🔄 Attempting pool recovery (attempt 1/3)
2026-04-14 06:19:40.215 [INFO]     doris_mcp_server.utils.db:1329 - ✅ Pool recovery successful on attempt 1
2026-04-14 06:19:40.215 [INFO]     doris_mcp_server.utils.db:1146 - 🔥 Warming up connection pool with 3 connections
2026-04-14 06:19:40.287 [INFO]     doris_mcp_server.utils.db:1329 - ✅ Pool recovery successful on attempt 1
2026-04-14 06:19:40.287 [INFO]     doris_mcp_server.utils.db:1146 - 🔥 Warming up connection pool with 3 connections
2026-04-14 06:19:40.473 [INFO]     doris_mcp_server.utils.db:1167 - ✅ Pool warmup completed, 3 connections created
2026-04-14 06:19:41.380 [INFO]     doris_mcp_server.utils.db:1167 - ✅ Pool warmup completed, 3 connections created
2026-04-14 06:19:46.115 [INFO]     doris_mcp_server.utils.db:1288 - 🔄 Attempting pool recovery (attempt 1/3)
2026-04-14 06:19:46.251 [INFO]     doris_mcp_server.utils.db:1329 - ✅ Pool recovery successful on attempt 1
2026-04-14 06:19:46.252 [INFO]     doris_mcp_server.utils.db:1146 - 🔥 Warming up connection pool with 3 connections
2026-04-14 06:19:46.401 [INFO]     doris_mcp_server.utils.db:1167 - ✅ Pool warmup completed, 3 connections created
2026-04-14 06:19:47.737 [INFO]     doris_mcp_server.utils.db:1288 - 🔄 Attempting pool recovery (attempt 1/3)
2026-04-14 06:19:50.877 [INFO]     doris_mcp_server.utils.db:1329 - ✅ Pool recovery successful on attempt 1
2026-04-14 06:19:50.878 [INFO]     doris_mcp_server.utils.db:1146 - 🔥 Warming up connection pool with 3 connections
2026-04-14 06:19:50.930 [INFO]     doris_mcp_server.utils.db:1167 - ✅ Pool warmup completed, 1 connections created
2026-04-14 06:36:31.423 [INFO]     doris_mcp_server.utils.db:1288 - 🔄 Attempting pool recovery (attempt 1/3)
2026-04-14 06:36:31.533 [INFO]     doris_mcp_server.utils.db:1329 - ✅ Pool recovery successful on attempt 1
2026-04-14 06:36:31.534 [INFO]     doris_mcp_server.utils.db:1146 - 🔥 Warming up connection pool with 3 connections
2026-04-14 06:36:31.726 [INFO]     doris_mcp_server.utils.db:1167 - ✅ Pool warmup completed, 3 connections created
2026-04-14 06:36:32.824 [INFO]     doris_mcp_server.utils.db:1288 - 🔄 Attempting pool recovery (attempt 1/3)
2026-04-14 06:36:32.946 [INFO]     doris_mcp_server.utils.db:1329 - ✅ Pool recovery successful on attempt 1
2026-04-14 06:36:32.947 [INFO]     doris_mcp_server.utils.db:1146 - 🔥 Warming up connection pool with 3 connections
2026-04-14 06:36:33.106 [INFO]     doris_mcp_server.utils.db:1167 - ✅ Pool warmup completed, 3 connections created
2026-04-14 06:36:36.346 [INFO]     doris_mcp_server.utils.db:1288 - 🔄 Attempting pool recovery (attempt 1/3)
2026-04-14 06:36:36.445 [INFO]     doris_mcp_server.utils.db:1329 - ✅ Pool recovery successful on attempt 1
2026-04-14 06:36:36.446 [INFO]     doris_mcp_server.utils.db:1146 - 🔥 Warming up connection pool with 3 connections
2026-04-14 06:36:36.637 [INFO]     doris_mcp_server.utils.db:1167 - ✅ Pool warmup completed, 3 connections created
2026-04-14 06:36:42.830 [INFO]     doris_mcp_server.utils.db:1288 - 🔄 Attempting pool recovery (attempt 1/3)
2026-04-14 06:36:42.884 [INFO]     doris_mcp_server.utils.db:1288 - 🔄 Attempting pool recovery (attempt 2/3)
2026-04-14 06:36:44.950 [INFO]     doris_mcp_server.utils.db:1288 - 🔄 Attempting pool recovery (attempt 3/3)
2026-04-14 06:37:17.017 [INFO]     doris_mcp_server.utils.db:1288 - 🔄 Attempting pool recovery (attempt 1/3)
2026-04-14 06:37:17.089 [INFO]     doris_mcp_server.utils.db:1288 - 🔄 Attempting pool recovery (attempt 2/3)
2026-04-14 06:37:19.156 [INFO]     doris_mcp_server.utils.db:1288 - 🔄 Attempting pool recovery (attempt 3/3)
2026-04-14 06:37:51.228 [INFO]     doris_mcp_server.utils.db:1288 - 🔄 Attempting pool recovery (attempt 1/3)
2026-04-14 06:37:51.306 [INFO]     doris_mcp_server.utils.db:1288 - 🔄 Attempting pool recovery (attempt 2/3)
2026-04-14 06:37:54.411 [INFO]     doris_mcp_server.utils.db:1329 - ✅ Pool recovery successful on attempt 2
2026-04-14 06:37:54.412 [INFO]     doris_mcp_server.utils.db:1146 - 🔥 Warming up connection pool with 3 connections
2026-04-14 06:37:54.493 [INFO]     doris_mcp_server.utils.db:1167 - ✅ Pool warmup completed, 1 connections created
2026-04-14 06:54:57.408 [INFO]     doris_mcp_server.utils.db:1288 - 🔄 Attempting pool recovery (attempt 1/3)
2026-04-14 06:54:57.517 [INFO]     doris_mcp_server.utils.db:1329 - ✅ Pool recovery successful on attempt 1
2026-04-14 06:54:57.517 [INFO]     doris_mcp_server.utils.db:1146 - 🔥 Warming up connection pool with 3 connections
2026-04-14 06:54:57.698 [INFO]     doris_mcp_server.utils.db:1167 - ✅ Pool warmup completed, 3 connections created
2026-04-14 06:55:15.134 [INFO]     doris_mcp_server.utils.db:1288 - 🔄 Attempting pool recovery (attempt 1/3)
2026-04-14 06:55:15.238 [INFO]     doris_mcp_server.utils.db:1329 - ✅ Pool recovery successful on attempt 1
2026-04-14 06:55:15.239 [INFO]     doris_mcp_server.utils.db:1146 - 🔥 Warming up connection pool with 3 connections
2026-04-14 06:55:15.414 [INFO]     doris_mcp_server.utils.db:1167 - ✅ Pool warmup completed, 3 connections created
2026-04-14 06:55:23.296 [INFO]     doris_mcp_server.utils.db:1288 - 🔄 Attempting pool recovery (attempt 1/3)
2026-04-14 06:55:23.396 [INFO]     doris_mcp_server.utils.db:1329 - ✅ Pool recovery successful on attempt 1
2026-04-14 06:55:23.397 [INFO]     doris_mcp_server.utils.db:1146 - 🔥 Warming up connection pool with 3 connections
2026-04-14 06:55:23.528 [INFO]     doris_mcp_server.utils.db:1167 - ✅ Pool warmup completed, 2 connections created
2026-04-14 06:55:23.656 [INFO]     doris_mcp_server.utils.db:1288 - 🔄 Attempting pool recovery (attempt 1/3)
2026-04-14 06:55:23.740 [INFO]     doris_mcp_server.utils.db:1288 - 🔄 Attempting pool recovery (attempt 2/3)
2026-04-14 07:03:53.380 [INFO]     doris_mcp_server.utils.db:1288 - 🔄 Attempting pool recovery (attempt 3/3)
2026-04-14 07:04:08.861 [INFO]     doris_mcp_server.utils.db:1288 - 🔄 Attempting pool recovery (attempt 1/3)
2026-04-14 07:04:08.934 [INFO]     doris_mcp_server.utils.db:1288 - 🔄 Attempting pool recovery (attempt 2/3)
2026-04-14 07:04:11.010 [INFO]     doris_mcp_server.utils.db:1288 - 🔄 Attempting pool recovery (attempt 3/3)
2026-04-14 07:04:16.250 [INFO]     doris_mcp_server.utils.db:1288 - 🔄 Attempting pool recovery (attempt 1/3)
2026-04-14 07:04:19.320 [INFO]     doris_mcp_server.utils.db:1288 - 🔄 Attempting pool recovery (attempt 2/3)
2026-04-14 07:04:21.400 [INFO]     doris_mcp_server.utils.db:1288 - 🔄 Attempting pool recovery (attempt 3/3)
2026-04-14 07:04:25.440 [INFO]     doris_mcp_server.utils.db:1288 - 🔄 Attempting pool recovery (attempt 1/3)
2026-04-14 07:04:25.517 [INFO]     doris_mcp_server.utils.db:1288 - 🔄 Attempting pool recovery (attempt 2/3)
2026-04-14 07:04:27.585 [INFO]     doris_mcp_server.utils.db:1288 - 🔄 Attempting pool recovery (attempt 3/3)
2026-04-14 07:04:28.143 [INFO]     doris_mcp_server.utils.db:1288 - 🔄 Attempting pool recovery (attempt 1/3)
2026-04-14 07:04:28.209 [INFO]     doris_mcp_server.utils.db:1288 - 🔄 Attempting pool recovery (attempt 2/3)
2026-04-14 07:04:30.280 [INFO]     doris_mcp_server.utils.db:1288 - 🔄 Attempting pool recovery (attempt 3/3)
2026-04-14 07:22:23.788 [INFO]     doris_mcp_server.utils.db:1288 - 🔄 Attempting pool recovery (attempt 1/3)
2026-04-14 07:22:23.904 [INFO]     doris_mcp_server.utils.db:1329 - ✅ Pool recovery successful on attempt 1
2026-04-14 07:22:23.905 [INFO]     doris_mcp_server.utils.db:1146 - 🔥 Warming up connection pool with 3 connections
2026-04-14 07:22:24.099 [INFO]     doris_mcp_server.utils.db:1167 - ✅ Pool warmup completed, 3 connections created
2026-04-14 07:22:34.163 [INFO]     doris_mcp_server.utils.db:1288 - 🔄 Attempting pool recovery (attempt 1/3)
2026-04-14 07:22:34.254 [INFO]     doris_mcp_server.utils.db:1329 - ✅ Pool recovery successful on attempt 1
2026-04-14 07:22:34.254 [INFO]     doris_mcp_server.utils.db:1146 - 🔥 Warming up connection pool with 3 connections
2026-04-14 07:22:34.424 [INFO]     doris_mcp_server.utils.db:1167 - ✅ Pool warmup completed, 3 connections created
2026-04-14 07:22:40.368 [INFO]     doris_mcp_server.utils.db:1288 - 🔄 Attempting pool recovery (attempt 1/3)
2026-04-14 07:22:40.465 [INFO]     doris_mcp_server.utils.db:1329 - ✅ Pool recovery successful on attempt 1
2026-04-14 07:22:40.465 [INFO]     doris_mcp_server.utils.db:1146 - 🔥 Warming up connection pool with 3 connections
2026-04-14 07:22:40.545 [INFO]     doris_mcp_server.utils.db:1167 - ✅ Pool warmup completed, 1 connections created
2026-04-14 07:22:43.046 [INFO]     doris_mcp_server.utils.db:1288 - 🔄 Attempting pool recovery (attempt 1/3)
2026-04-14 07:22:43.117 [INFO]     doris_mcp_server.utils.db:1288 - 🔄 Attempting pool recovery (attempt 2/3)
2026-04-14 07:22:45.175 [INFO]     doris_mcp_server.utils.db:1288 - 🔄 Attempting pool recovery (attempt 3/3)
2026-04-14 07:23:17.248 [INFO]     doris_mcp_server.utils.db:1288 - 🔄 Attempting pool recovery (attempt 1/3)
2026-04-14 07:23:17.311 [INFO]     doris_mcp_server.utils.db:1288 - 🔄 Attempting pool recovery (attempt 2/3)
2026-04-14 07:23:19.375 [INFO]     doris_mcp_server.utils.db:1288 - 🔄 Attempting pool recovery (attempt 3/3)
2026-04-14 07:23:51.438 [INFO]     doris_mcp_server.utils.db:1288 - 🔄 Attempting pool recovery (attempt 1/3)
2026-04-14 07:23:51.569 [INFO]     doris_mcp_server.utils.db:1329 - ✅ Pool recovery successful on attempt 1
2026-04-14 07:23:51.570 [INFO]     doris_mcp_server.utils.db:1146 - 🔥 Warming up connection pool with 3 connections
2026-04-14 07:23:51.640 [INFO]     doris_mcp_server.utils.db:1167 - ✅ Pool warmup completed, 1 connections created
2026-04-14 07:43:22.433 [INFO]     doris_mcp_server.utils.db:1288 - 🔄 Attempting pool recovery (attempt 1/3)
2026-04-14 07:43:22.571 [INFO]     doris_mcp_server.utils.db:1329 - ✅ Pool recovery successful on attempt 1
2026-04-14 07:43:22.572 [INFO]     doris_mcp_server.utils.db:1146 - 🔥 Warming up connection pool with 3 connections
2026-04-14 07:43:22.778 [INFO]     doris_mcp_server.utils.db:1167 - ✅ Pool warmup completed, 3 connections created
2026-04-14 07:43:33.532 [INFO]     doris_mcp_server.utils.db:1288 - 🔄 Attempting pool recovery (attempt 1/3)
2026-04-14 07:43:33.668 [INFO]     doris_mcp_server.utils.db:1329 - ✅ Pool recovery successful on attempt 1
2026-04-14 07:43:33.668 [INFO]     doris_mcp_server.utils.db:1146 - 🔥 Warming up connection pool with 3 connections
2026-04-14 07:43:33.876 [INFO]     doris_mcp_server.utils.db:1167 - ✅ Pool warmup completed, 3 connections created
2026-04-14 07:43:36.151 [INFO]     doris_mcp_server.utils.db:1288 - 🔄 Attempting pool recovery (attempt 1/3)
2026-04-14 07:43:36.263 [INFO]     doris_mcp_server.utils.db:1329 - ✅ Pool recovery successful on attempt 1
2026-04-14 07:43:36.264 [INFO]     doris_mcp_server.utils.db:1146 - 🔥 Warming up connection pool with 3 connections
2026-04-14 07:43:37.435 [INFO]     doris_mcp_server.utils.db:1167 - ✅ Pool warmup completed, 3 connections created
2026-04-14 07:58:50.042 [INFO]     doris_mcp_server.utils.db:1288 - 🔄 Attempting pool recovery (attempt 1/3)
2026-04-14 07:58:56.151 [INFO]     doris_mcp_server.utils.db:1329 - ✅ Pool recovery successful on attempt 1
2026-04-14 07:58:56.152 [INFO]     doris_mcp_server.utils.db:1146 - 🔥 Warming up connection pool with 3 connections
2026-04-14 07:58:57.310 [INFO]     doris_mcp_server.utils.db:1167 - ✅ Pool warmup completed, 3 connections created
2026-04-14 07:59:17.670 [INFO]     doris_mcp_server.utils.db:1288 - 🔄 Attempting pool recovery (attempt 1/3)
2026-04-14 07:59:20.793 [INFO]     doris_mcp_server.utils.db:1329 - ✅ Pool recovery successful on attempt 1
2026-04-14 07:59:20.794 [INFO]     doris_mcp_server.utils.db:1146 - 🔥 Warming up connection pool with 3 connections
2026-04-14 07:59:20.978 [INFO]     doris_mcp_server.utils.db:1167 - ✅ Pool warmup completed, 3 connections created
2026-04-14 07:59:30.231 [INFO]     doris_mcp_server.utils.db:1288 - 🔄 Attempting pool recovery (attempt 1/3)
2026-04-14 07:59:31.198 [INFO]     doris_mcp_server.utils.db:1288 - 🔄 Attempting pool recovery (attempt 1/3)
2026-04-14 07:59:33.347 [INFO]     doris_mcp_server.utils.db:1329 - ✅ Pool recovery successful on attempt 1
2026-04-14 07:59:33.347 [INFO]     doris_mcp_server.utils.db:1146 - 🔥 Warming up connection pool with 3 connections
2026-04-14 07:59:33.570 [INFO]     doris_mcp_server.utils.db:1167 - ✅ Pool warmup completed, 3 connections created
2026-04-14 07:59:34.307 [INFO]     doris_mcp_server.utils.db:1329 - ✅ Pool recovery successful on attempt 1
2026-04-14 07:59:34.308 [INFO]     doris_mcp_server.utils.db:1146 - 🔥 Warming up connection pool with 3 connections
2026-04-14 07:59:34.501 [INFO]     doris_mcp_server.utils.db:1167 - ✅ Pool warmup completed, 3 connections created
2026-04-14 08:05:20.374 [INFO]     doris_mcp_server.utils.db:1288 - 🔄 Attempting pool recovery (attempt 1/3)
2026-04-14 08:05:23.490 [INFO]     doris_mcp_server.utils.db:1329 - ✅ Pool recovery successful on attempt 1
2026-04-14 08:05:23.491 [INFO]     doris_mcp_server.utils.db:1146 - 🔥 Warming up connection pool with 3 connections
2026-04-14 08:05:23.685 [INFO]     doris_mcp_server.utils.db:1167 - ✅ Pool warmup completed, 3 connections created
2026-04-14 08:05:26.407 [INFO]     doris_mcp_server.utils.db:1288 - 🔄 Attempting pool recovery (attempt 1/3)
2026-04-14 08:05:29.578 [INFO]     doris_mcp_server.utils.db:1329 - ✅ Pool recovery successful on attempt 1
2026-04-14 08:05:29.579 [INFO]     doris_mcp_server.utils.db:1146 - 🔥 Warming up connection pool with 3 connections
2026-04-14 08:05:29.775 [INFO]     doris_mcp_server.utils.db:1167 - ✅ Pool warmup completed, 3 connections created
2026-04-14 08:05:33.822 [INFO]     doris_mcp_server.utils.db:1288 - 🔄 Attempting pool recovery (attempt 1/3)
2026-04-14 08:05:34.617 [INFO]     doris_mcp_server.utils.db:1288 - 🔄 Attempting pool recovery (attempt 1/3)
2026-04-14 08:14:06.518 [INFO]     doris_mcp_server.utils.db:1329 - ✅ Pool recovery successful on attempt 1
2026-04-14 08:14:06.519 [INFO]     doris_mcp_server.utils.db:1146 - 🔥 Warming up connection pool with 3 connections
2026-04-14 08:14:06.758 [INFO]     doris_mcp_server.utils.db:1167 - ✅ Pool warmup completed, 3 connections created
2026-04-14 08:14:07.235 [INFO]     doris_mcp_server.utils.db:1288 - 🔄 Attempting pool recovery (attempt 2/3)
2026-04-14 08:14:09.294 [INFO]     doris_mcp_server.utils.db:1288 - 🔄 Attempting pool recovery (attempt 3/3)
2026-04-14 08:14:41.368 [INFO]     doris_mcp_server.utils.db:1288 - 🔄 Attempting pool recovery (attempt 1/3)
2026-04-14 08:14:41.443 [INFO]     doris_mcp_server.utils.db:1288 - 🔄 Attempting pool recovery (attempt 2/3)
2026-04-14 08:14:41.710 [INFO]     doris_mcp_server.utils.db:1288 - 🔄 Attempting pool recovery (attempt 1/3)
2026-04-14 08:14:41.776 [INFO]     doris_mcp_server.utils.db:1288 - 🔄 Attempting pool recovery (attempt 2/3)
2026-04-14 08:14:43.878 [INFO]     doris_mcp_server.utils.db:1288 - 🔄 Attempting pool recovery (attempt 3/3)
2026-04-14 08:14:44.531 [INFO]     doris_mcp_server.utils.db:1288 - 🔄 Attempting pool recovery (attempt 3/3)
2026-04-14 08:30:53.220 [INFO]     doris_mcp_server.utils.db:1288 - 🔄 Attempting pool recovery (attempt 1/3)
2026-04-14 08:30:53.323 [INFO]     doris_mcp_server.utils.db:1329 - ✅ Pool recovery successful on attempt 1
2026-04-14 08:30:53.324 [INFO]     doris_mcp_server.utils.db:1146 - 🔥 Warming up connection pool with 3 connections
2026-04-14 08:30:53.701 [INFO]     doris_mcp_server.utils.db:1167 - ✅ Pool warmup completed, 3 connections created
2026-04-14 08:31:14.012 [INFO]     doris_mcp_server.utils.db:1288 - 🔄 Attempting pool recovery (attempt 1/3)
2026-04-14 08:31:14.116 [INFO]     doris_mcp_server.utils.db:1329 - ✅ Pool recovery successful on attempt 1
2026-04-14 08:31:14.116 [INFO]     doris_mcp_server.utils.db:1146 - 🔥 Warming up connection pool with 3 connections
2026-04-14 08:31:14.290 [INFO]     doris_mcp_server.utils.db:1167 - ✅ Pool warmup completed, 3 connections created
2026-04-14 08:31:14.665 [INFO]     doris_mcp_server.utils.db:1288 - 🔄 Attempting pool recovery (attempt 1/3)
2026-04-14 08:31:14.808 [INFO]     doris_mcp_server.utils.db:1329 - ✅ Pool recovery successful on attempt 1
2026-04-14 08:31:14.808 [INFO]     doris_mcp_server.utils.db:1146 - 🔥 Warming up connection pool with 3 connections
2026-04-14 08:31:14.965 [INFO]     doris_mcp_server.utils.db:1167 - ✅ Pool warmup completed, 3 connections created
2026-04-14 08:39:54.024 [INFO]     doris_mcp_server.utils.db:1288 - 🔄 Attempting pool recovery (attempt 1/3)
2026-04-14 08:39:54.147 [INFO]     doris_mcp_server.utils.db:1329 - ✅ Pool recovery successful on attempt 1
2026-04-14 08:39:54.147 [INFO]     doris_mcp_server.utils.db:1146 - 🔥 Warming up connection pool with 3 connections
2026-04-14 08:39:54.332 [INFO]     doris_mcp_server.utils.db:1167 - ✅ Pool warmup completed, 3 connections created
2026-04-14 08:39:54.959 [INFO]     doris_mcp_server.utils.db:1288 - 🔄 Attempting pool recovery (attempt 1/3)
2026-04-14 08:39:55.046 [INFO]     doris_mcp_server.utils.db:1329 - ✅ Pool recovery successful on attempt 1
2026-04-14 08:39:55.046 [INFO]     doris_mcp_server.utils.db:1146 - 🔥 Warming up connection pool with 3 connections
2026-04-14 08:39:55.217 [INFO]     doris_mcp_server.utils.db:1167 - ✅ Pool warmup completed, 3 connections created
2026-04-14 08:40:01.539 [INFO]     doris_mcp_server.utils.db:1288 - 🔄 Attempting pool recovery (attempt 1/3)
2026-04-14 08:40:04.633 [INFO]     doris_mcp_server.utils.db:1329 - ✅ Pool recovery successful on attempt 1
2026-04-14 08:40:04.634 [INFO]     doris_mcp_server.utils.db:1146 - 🔥 Warming up connection pool with 3 connections
2026-04-14 08:40:04.831 [INFO]     doris_mcp_server.utils.db:1167 - ✅ Pool warmup completed, 3 connections created
2026-04-14 12:20:13.177 [INFO]     doris_mcp_server.utils.db:1288 - 🔄 Attempting pool recovery (attempt 1/3)
2026-04-14 12:20:18.277 [INFO]     doris_mcp_server.utils.db:1329 - ✅ Pool recovery successful on attempt 1
2026-04-14 12:20:18.277 [INFO]     doris_mcp_server.utils.db:1146 - 🔥 Warming up connection pool with 3 connections
2026-04-14 12:20:19.484 [INFO]     doris_mcp_server.utils.db:1167 - ✅ Pool warmup completed, 3 connections created
2026-04-14 12:20:32.773 [INFO]     doris_mcp_server.utils.db:1288 - 🔄 Attempting pool recovery (attempt 1/3)
2026-04-14 12:20:33.420 [INFO]     doris_mcp_server.utils.db:1288 - 🔄 Attempting pool recovery (attempt 1/3)
2026-04-14 12:20:36.894 [INFO]     doris_mcp_server.utils.db:1329 - ✅ Pool recovery successful on attempt 1
2026-04-14 12:20:36.894 [INFO]     doris_mcp_server.utils.db:1146 - 🔥 Warming up connection pool with 3 connections
2026-04-14 12:20:37.533 [INFO]     doris_mcp_server.utils.db:1329 - ✅ Pool recovery successful on attempt 1
2026-04-14 12:20:37.533 [INFO]     doris_mcp_server.utils.db:1146 - 🔥 Warming up connection pool with 3 connections
2026-04-14 12:20:37.761 [INFO]     doris_mcp_server.utils.db:1167 - ✅ Pool warmup completed, 3 connections created
2026-04-14 12:20:38.091 [INFO]     doris_mcp_server.utils.db:1167 - ✅ Pool warmup completed, 3 connections created
2026-04-14 12:36:11.324 [INFO]     doris_mcp_server.utils.db:1288 - 🔄 Attempting pool recovery (attempt 1/3)
2026-04-14 12:36:11.457 [INFO]     doris_mcp_server.utils.db:1329 - ✅ Pool recovery successful on attempt 1
2026-04-14 12:36:11.457 [INFO]     doris_mcp_server.utils.db:1146 - 🔥 Warming up connection pool with 3 connections
2026-04-14 12:36:11.663 [INFO]     doris_mcp_server.utils.db:1167 - ✅ Pool warmup completed, 3 connections created
2026-04-14 12:36:29.946 [INFO]     doris_mcp_server.utils.db:1288 - 🔄 Attempting pool recovery (attempt 1/3)
2026-04-14 12:36:30.183 [INFO]     doris_mcp_server.utils.db:1288 - 🔄 Attempting pool recovery (attempt 1/3)
2026-04-14 12:36:33.292 [INFO]     doris_mcp_server.utils.db:1329 - ✅ Pool recovery successful on attempt 1
2026-04-14 12:36:33.293 [INFO]     doris_mcp_server.utils.db:1146 - 🔥 Warming up connection pool with 3 connections
2026-04-14 12:36:35.063 [INFO]     doris_mcp_server.utils.db:1329 - ✅ Pool recovery successful on attempt 1
2026-04-14 12:36:35.063 [INFO]     doris_mcp_server.utils.db:1146 - 🔥 Warming up connection pool with 3 connections
2026-04-14 12:36:36.516 [INFO]     doris_mcp_server.utils.db:1167 - ✅ Pool warmup completed, 3 connections created
2026-04-14 12:36:39.223 [INFO]     doris_mcp_server.utils.db:1167 - ✅ Pool warmup completed, 3 connections created
2026-04-14 12:40:40.904 [INFO]     doris_mcp_server.utils.db:1288 - 🔄 Attempting pool recovery (attempt 1/3)
2026-04-14 12:40:47.034 [INFO]     doris_mcp_server.utils.db:1329 - ✅ Pool recovery successful on attempt 1
2026-04-14 12:40:47.035 [INFO]     doris_mcp_server.utils.db:1146 - 🔥 Warming up connection pool with 3 connections
2026-04-14 12:40:48.229 [INFO]     doris_mcp_server.utils.db:1167 - ✅ Pool warmup completed, 3 connections created
2026-04-14 12:57:44.214 [INFO]     doris_mcp_server.utils.db:1288 - 🔄 Attempting pool recovery (attempt 1/3)
2026-04-14 12:57:44.336 [INFO]     doris_mcp_server.utils.db:1329 - ✅ Pool recovery successful on attempt 1
2026-04-14 12:57:44.336 [INFO]     doris_mcp_server.utils.db:1146 - 🔥 Warming up connection pool with 3 connections
2026-04-14 12:57:44.516 [INFO]     doris_mcp_server.utils.db:1167 - ✅ Pool warmup completed, 3 connections created
2026-04-14 12:57:45.099 [INFO]     doris_mcp_server.utils.db:1288 - 🔄 Attempting pool recovery (attempt 1/3)
2026-04-14 12:57:46.620 [INFO]     doris_mcp_server.utils.db:1288 - 🔄 Attempting pool recovery (attempt 1/3)
2026-04-14 12:57:46.724 [INFO]     doris_mcp_server.utils.db:1329 - ✅ Pool recovery successful on attempt 1
2026-04-14 12:57:46.725 [INFO]     doris_mcp_server.utils.db:1146 - 🔥 Warming up connection pool with 3 connections
2026-04-14 12:57:47.907 [INFO]     doris_mcp_server.utils.db:1167 - ✅ Pool warmup completed, 3 connections created
2026-04-14 12:57:48.227 [INFO]     doris_mcp_server.utils.db:1329 - ✅ Pool recovery successful on attempt 1
2026-04-14 12:57:48.228 [INFO]     doris_mcp_server.utils.db:1146 - 🔥 Warming up connection pool with 3 connections
2026-04-14 12:57:50.376 [INFO]     doris_mcp_server.utils.db:1167 - ✅ Pool warmup completed, 3 connections created
2026-04-14 13:14:31.496 [INFO]     doris_mcp_server.utils.db:1288 - 🔄 Attempting pool recovery (attempt 1/3)
2026-04-14 13:14:34.667 [INFO]     doris_mcp_server.utils.db:1329 - ✅ Pool recovery successful on attempt 1
2026-04-14 13:14:34.668 [INFO]     doris_mcp_server.utils.db:1146 - 🔥 Warming up connection pool with 3 connections
2026-04-14 13:14:34.865 [INFO]     doris_mcp_server.utils.db:1167 - ✅ Pool warmup completed, 3 connections created
2026-04-14 13:14:35.558 [INFO]     doris_mcp_server.utils.db:1288 - 🔄 Attempting pool recovery (attempt 1/3)
2026-04-14 13:29:50.959 [INFO]     doris_mcp_server.utils.db:1288 - 🔄 Attempting pool recovery (attempt 1/3)
2026-04-14 13:29:54.295 [INFO]     doris_mcp_server.utils.db:1329 - ✅ Pool recovery successful on attempt 1
2026-04-14 13:29:54.301 [INFO]     doris_mcp_server.utils.db:1146 - 🔥 Warming up connection pool with 3 connections
2026-04-14 13:29:57.167 [INFO]     doris_mcp_server.utils.db:1329 - ✅ Pool recovery successful on attempt 1
2026-04-14 13:29:57.168 [INFO]     doris_mcp_server.utils.db:1146 - 🔥 Warming up connection pool with 3 connections
2026-04-14 13:29:57.377 [INFO]     doris_mcp_server.utils.db:1167 - ✅ Pool warmup completed, 3 connections created
2026-04-14 13:30:41.679 [INFO]     doris_mcp_server.utils.db:1288 - 🔄 Attempting pool recovery (attempt 1/3)
2026-04-14 13:30:45.800 [INFO]     doris_mcp_server.utils.db:1329 - ✅ Pool recovery successful on attempt 1
2026-04-14 13:30:45.800 [INFO]     doris_mcp_server.utils.db:1146 - 🔥 Warming up connection pool with 3 connections
2026-04-14 13:30:45.959 [INFO]     doris_mcp_server.utils.db:1167 - ✅ Pool warmup completed, 3 connections created
2026-04-14 15:39:31.579 [INFO]     doris_mcp_server.log_cleanup:163 - Log cleanup scheduler started - cleanup every 24h, max age 30 days
2026-04-14 15:39:31.580 [INFO]     doris_mcp_server.logger:427 - ================================================================================
2026-04-14 15:39:31.580 [INFO]     doris_mcp_server.logger:428 - Doris MCP Server Logging System Initialized
2026-04-14 15:39:31.580 [INFO]     doris_mcp_server.logger:429 - Log Level: INFO
2026-04-14 15:39:31.580 [INFO]     doris_mcp_server.logger:431 - Log Directory: /Users/a1/Documents/Office/code/ms-proj/logs
2026-04-14 15:39:31.580 [INFO]     doris_mcp_server.logger:434 - Console Logging: Disabled
2026-04-14 15:39:31.580 [INFO]     doris_mcp_server.logger:435 - File Logging: Enabled
2026-04-14 15:39:31.580 [INFO]     doris_mcp_server.logger:436 - Audit Logging: Enabled
2026-04-14 15:39:31.580 [INFO]     doris_mcp_server.logger:437 - Log Cleanup: Enabled
2026-04-14 15:39:31.580 [INFO]     doris_mcp_server.logger:439 - Cleanup Settings: Max age 30 days, interval 24h
2026-04-14 15:39:31.580 [INFO]     doris_mcp_server.logger:443 - ================================================================================
2026-04-14 15:39:31.580 [INFO]     doris_mcp_server.utils.config:948 - Enhanced logging system with cleanup initialized successfully
2026-04-14 15:39:31.580 [INFO]     doris_mcp_server.utils.config:949 - Log directory: logs
2026-04-14 15:39:31.580 [INFO]     doris_mcp_server.utils.config:950 - Log level: INFO
2026-04-14 15:39:31.580 [INFO]     doris_mcp_server.utils.config:951 - Audit logging: Enabled
2026-04-14 15:39:31.580 [INFO]     doris_mcp_server.utils.config:952 - Log cleanup: Enabled
2026-04-14 15:39:31.580 [INFO]     doris_mcp_server.utils.config:954 - Cleanup config: Max age 30 days, interval 24h
2026-04-14 15:39:31.580 [INFO]     doris_mcp_server.system:483 - System Information:
2026-04-14 15:39:31.580 [INFO]     doris_mcp_server.system:484 - Python Version: 3.12.13 (main, Mar  3 2026, 12:39:30) [Clang 17.0.0 (clang-1700.6.3.2)]
2026-04-14 15:39:31.580 [INFO]     doris_mcp_server.system:485 - Platform: darwin
2026-04-14 15:39:31.580 [INFO]     doris_mcp_server.system:486 - Working Directory: /Users/a1/Documents/Office/code/ms-proj
2026-04-14 15:39:31.580 [INFO]     doris_mcp_server.system:487 - Process ID: 69649
2026-04-14 15:39:31.580 [INFO]     doris_mcp_server.system:493 - Environment LOG_LEVEL: Not Set
2026-04-14 15:39:31.580 [INFO]     doris_mcp_server.system:493 - Environment LOG_FILE_PATH: Not Set
2026-04-14 15:39:31.580 [INFO]     doris_mcp_server.system:493 - Environment ENABLE_AUDIT: Not Set
2026-04-14 15:39:31.580 [INFO]     doris_mcp_server.system:493 - Environment AUDIT_FILE_PATH: Not Set
2026-04-14 15:39:31.580 [INFO]     doris_mcp_server.main:916 - Starting Doris MCP Server...
2026-04-14 15:39:31.580 [INFO]     doris_mcp_server.main:917 - Transport: stdio
2026-04-14 15:39:31.580 [INFO]     doris_mcp_server.main:918 - Log Level: INFO
2026-04-14 15:39:31.581 [INFO]     doris_mcp_server.utils.security:480 - All authentication methods are disabled - anonymous access allowed
2026-04-14 15:39:31.581 [INFO]     doris_mcp_server.utils.db:211 - Session  Cache initialized, save system session: False, save user session: False
2026-04-14 15:39:31.581 [INFO]     doris_mcp_server.utils.schema_extractor:105 - Loaded excluded database list: ['information_schema', 'mysql', 'performance_schema', 'sys', 'doris_metadata']
2026-04-14 15:39:31.581 [INFO]     doris_mcp_server.utils.data_governance_tools:45 - DataGovernanceTools initialized
2026-04-14 15:39:31.581 [INFO]     doris_mcp_server.utils.data_exploration_tools:45 - DataExplorationTools initialized
2026-04-14 15:39:31.581 [INFO]     doris_mcp_server.utils.data_quality_tools:50 - DataQualityTools initialized with atomic tools
2026-04-14 15:39:31.581 [INFO]     doris_mcp_server.utils.security_analytics_tools:39 - SecurityAnalyticsTools initialized
2026-04-14 15:39:31.581 [INFO]     doris_mcp_server.utils.dependency_analysis_tools:46 - DependencyAnalysisTools initialized
2026-04-14 15:39:31.581 [INFO]     doris_mcp_server.utils.performance_analytics_tools:46 - PerformanceAnalyticsTools initialized
2026-04-14 15:39:31.581 [INFO]     doris_mcp_server.tools.tools_manager:72 - DorisToolsManager initialized with business logic processors, v0.5.0 analytics tools, and ADBC query tools
2026-04-14 15:39:31.581 [INFO]     doris_mcp_server.main.DorisServer:428 - Starting Doris MCP Server (stdio mode)
2026-04-14 15:39:31.581 [INFO]     doris_mcp_server.utils.security:127 - DorisSecurityManager initialized successfully
2026-04-14 15:39:31.582 [INFO]     doris_mcp_server.main.DorisServer:433 - Security manager initialization completed
2026-04-14 15:39:31.582 [INFO]     doris_mcp_server.utils.db:950 - stdio mode database config validated: 124.71.61.163:19030
2026-04-14 15:39:31.582 [INFO]     doris_mcp_server.utils.db:960 - Testing database connectivity for stdio mode...
2026-04-14 15:39:31.837 [INFO]     doris_mcp_server.utils.db:1146 - 🔥 Warming up connection pool with 3 connections
2026-04-14 15:39:31.838 [INFO]     doris_mcp_server.utils.db:1180 - 🩺 Starting pool health monitor
2026-04-14 15:39:31.838 [INFO]     doris_mcp_server.utils.db:1194 - 🧹 Starting pool cleanup monitor
2026-04-14 15:39:31.976 [INFO]     doris_mcp_server.utils.db:1167 - ✅ Pool warmup completed, 3 connections created
2026-04-14 15:39:31.976 [INFO]     doris_mcp_server.utils.db:986 - Database connection established successfully for stdio mode
2026-04-14 15:39:31.976 [INFO]     doris_mcp_server.main.DorisServer:450 - Creating stdio_server transport...
2026-04-14 15:39:31.980 [INFO]     doris_mcp_server.main.DorisServer:456 - stdio_server streams created successfully
2026-04-14 15:39:31.981 [INFO]     doris_mcp_server.main.DorisServer:466 - Initialization options created successfully
2026-04-14 15:39:31.981 [INFO]     doris_mcp_server.main.DorisServer:469 - Starting to run MCP server...
2026-04-14 15:39:31.986 [INFO]     mcp.server.lowlevel.server:727 - Processing request of type ListToolsRequest
2026-04-14 15:39:31.986 [INFO]     doris_mcp_server.main.DorisServer:362 - Handling tool list request
2026-04-14 15:39:31.986 [INFO]     doris_mcp_server.main.DorisServer:364 - Returning 25 tools
2026-04-14 15:39:49.912 [INFO]     doris_mcp_server.log_cleanup:163 - Log cleanup scheduler started - cleanup every 24h, max age 30 days
2026-04-14 15:39:49.913 [INFO]     doris_mcp_server.logger:427 - ================================================================================
2026-04-14 15:39:49.913 [INFO]     doris_mcp_server.logger:428 - Doris MCP Server Logging System Initialized
2026-04-14 15:39:49.913 [INFO]     doris_mcp_server.logger:429 - Log Level: INFO
2026-04-14 15:39:49.913 [INFO]     doris_mcp_server.logger:431 - Log Directory: /Users/a1/Documents/Office/code/ms-proj/logs
2026-04-14 15:39:49.913 [INFO]     doris_mcp_server.logger:434 - Console Logging: Disabled
2026-04-14 15:39:49.913 [INFO]     doris_mcp_server.logger:435 - File Logging: Enabled
2026-04-14 15:39:49.913 [INFO]     doris_mcp_server.logger:436 - Audit Logging: Enabled
2026-04-14 15:39:49.913 [INFO]     doris_mcp_server.logger:437 - Log Cleanup: Enabled
2026-04-14 15:39:49.913 [INFO]     doris_mcp_server.logger:439 - Cleanup Settings: Max age 30 days, interval 24h
2026-04-14 15:39:49.913 [INFO]     doris_mcp_server.logger:443 - ================================================================================
2026-04-14 15:39:49.913 [INFO]     doris_mcp_server.utils.config:948 - Enhanced logging system with cleanup initialized successfully
2026-04-14 15:39:49.913 [INFO]     doris_mcp_server.utils.config:949 - Log directory: logs
2026-04-14 15:39:49.913 [INFO]     doris_mcp_server.utils.config:950 - Log level: INFO
2026-04-14 15:39:49.913 [INFO]     doris_mcp_server.utils.config:951 - Audit logging: Enabled
2026-04-14 15:39:49.913 [INFO]     doris_mcp_server.utils.config:952 - Log cleanup: Enabled
2026-04-14 15:39:49.913 [INFO]     doris_mcp_server.utils.config:954 - Cleanup config: Max age 30 days, interval 24h
2026-04-14 15:39:49.913 [INFO]     doris_mcp_server.system:483 - System Information:
2026-04-14 15:39:49.913 [INFO]     doris_mcp_server.system:484 - Python Version: 3.12.13 (main, Mar  3 2026, 12:39:30) [Clang 17.0.0 (clang-1700.6.3.2)]
2026-04-14 15:39:49.913 [INFO]     doris_mcp_server.system:485 - Platform: darwin
2026-04-14 15:39:49.913 [INFO]     doris_mcp_server.system:486 - Working Directory: /Users/a1/Documents/Office/code/ms-proj
2026-04-14 15:39:49.913 [INFO]     doris_mcp_server.system:487 - Process ID: 69885
2026-04-14 15:39:49.913 [INFO]     doris_mcp_server.system:493 - Environment LOG_LEVEL: Not Set
2026-04-14 15:39:49.913 [INFO]     doris_mcp_server.system:493 - Environment LOG_FILE_PATH: Not Set
2026-04-14 15:39:49.914 [INFO]     doris_mcp_server.system:493 - Environment ENABLE_AUDIT: Not Set
2026-04-14 15:39:49.914 [INFO]     doris_mcp_server.system:493 - Environment AUDIT_FILE_PATH: Not Set
2026-04-14 15:39:49.914 [INFO]     doris_mcp_server.main:916 - Starting Doris MCP Server...
2026-04-14 15:39:49.914 [INFO]     doris_mcp_server.main:917 - Transport: stdio
2026-04-14 15:39:49.914 [INFO]     doris_mcp_server.main:918 - Log Level: INFO
2026-04-14 15:39:49.914 [INFO]     doris_mcp_server.utils.security:480 - All authentication methods are disabled - anonymous access allowed
2026-04-14 15:39:49.914 [INFO]     doris_mcp_server.utils.db:211 - Session  Cache initialized, save system session: False, save user session: False
2026-04-14 15:39:49.914 [INFO]     doris_mcp_server.utils.schema_extractor:105 - Loaded excluded database list: ['information_schema', 'mysql', 'performance_schema', 'sys', 'doris_metadata']
2026-04-14 15:39:49.914 [INFO]     doris_mcp_server.utils.data_governance_tools:45 - DataGovernanceTools initialized
2026-04-14 15:39:49.914 [INFO]     doris_mcp_server.utils.data_exploration_tools:45 - DataExplorationTools initialized
2026-04-14 15:39:49.914 [INFO]     doris_mcp_server.utils.data_quality_tools:50 - DataQualityTools initialized with atomic tools
2026-04-14 15:39:49.914 [INFO]     doris_mcp_server.utils.security_analytics_tools:39 - SecurityAnalyticsTools initialized
2026-04-14 15:39:49.914 [INFO]     doris_mcp_server.utils.dependency_analysis_tools:46 - DependencyAnalysisTools initialized
2026-04-14 15:39:49.914 [INFO]     doris_mcp_server.utils.performance_analytics_tools:46 - PerformanceAnalyticsTools initialized
2026-04-14 15:39:49.914 [INFO]     doris_mcp_server.tools.tools_manager:72 - DorisToolsManager initialized with business logic processors, v0.5.0 analytics tools, and ADBC query tools
2026-04-14 15:39:49.914 [INFO]     doris_mcp_server.main.DorisServer:428 - Starting Doris MCP Server (stdio mode)
2026-04-14 15:39:49.914 [INFO]     doris_mcp_server.utils.security:127 - DorisSecurityManager initialized successfully
2026-04-14 15:39:49.915 [INFO]     doris_mcp_server.main.DorisServer:433 - Security manager initialization completed
2026-04-14 15:39:49.915 [INFO]     doris_mcp_server.utils.db:950 - stdio mode database config validated: 124.71.61.163:19030
2026-04-14 15:39:49.915 [INFO]     doris_mcp_server.utils.db:960 - Testing database connectivity for stdio mode...
2026-04-14 15:39:50.145 [INFO]     doris_mcp_server.utils.db:1146 - 🔥 Warming up connection pool with 3 connections
2026-04-14 15:39:50.146 [INFO]     doris_mcp_server.utils.db:1180 - 🩺 Starting pool health monitor
2026-04-14 15:39:50.146 [INFO]     doris_mcp_server.utils.db:1194 - 🧹 Starting pool cleanup monitor
2026-04-14 15:39:50.319 [INFO]     doris_mcp_server.utils.db:1167 - ✅ Pool warmup completed, 3 connections created
2026-04-14 15:39:50.319 [INFO]     doris_mcp_server.utils.db:986 - Database connection established successfully for stdio mode
2026-04-14 15:39:50.319 [INFO]     doris_mcp_server.main.DorisServer:450 - Creating stdio_server transport...
2026-04-14 15:39:50.332 [INFO]     doris_mcp_server.main.DorisServer:456 - stdio_server streams created successfully
2026-04-14 15:39:50.332 [INFO]     doris_mcp_server.main.DorisServer:466 - Initialization options created successfully
2026-04-14 15:39:50.332 [INFO]     doris_mcp_server.main.DorisServer:469 - Starting to run MCP server...
2026-04-14 15:39:50.342 [INFO]     mcp.server.lowlevel.server:727 - Processing request of type ListToolsRequest
2026-04-14 15:39:50.343 [INFO]     doris_mcp_server.main.DorisServer:362 - Handling tool list request
2026-04-14 15:39:50.343 [INFO]     doris_mcp_server.main.DorisServer:364 - Returning 25 tools
2026-04-14 15:48:38.687 [INFO]     doris_mcp_server.utils.db:1288 - 🔄 Attempting pool recovery (attempt 1/3)
2026-04-14 15:48:38.811 [INFO]     doris_mcp_server.utils.db:1329 - ✅ Pool recovery successful on attempt 1
2026-04-14 15:48:38.812 [INFO]     doris_mcp_server.utils.db:1146 - 🔥 Warming up connection pool with 3 connections
2026-04-14 15:48:39.037 [INFO]     doris_mcp_server.utils.db:1167 - ✅ Pool warmup completed, 3 connections created
2026-04-14 15:48:50.341 [INFO]     doris_mcp_server.utils.db:1288 - 🔄 Attempting pool recovery (attempt 1/3)
2026-04-14 15:48:53.499 [INFO]     doris_mcp_server.utils.db:1329 - ✅ Pool recovery successful on attempt 1
2026-04-14 15:48:53.499 [INFO]     doris_mcp_server.utils.db:1146 - 🔥 Warming up connection pool with 3 connections
2026-04-14 15:48:53.709 [INFO]     doris_mcp_server.utils.db:1167 - ✅ Pool warmup completed, 3 connections created
2026-04-15 17:01:51.528 [INFO]     doris_mcp_server.log_cleanup:163 - Log cleanup scheduler started - cleanup every 24h, max age 30 days
2026-04-15 17:01:51.529 [INFO]     doris_mcp_server.logger:427 - ================================================================================
2026-04-15 17:01:51.529 [INFO]     doris_mcp_server.logger:428 - Doris MCP Server Logging System Initialized
2026-04-15 17:01:51.529 [INFO]     doris_mcp_server.logger:429 - Log Level: INFO
2026-04-15 17:01:51.529 [INFO]     doris_mcp_server.logger:431 - Log Directory: /Users/a1/Documents/Office/code/ms-proj/logs
2026-04-15 17:01:51.529 [INFO]     doris_mcp_server.logger:434 - Console Logging: Disabled
2026-04-15 17:01:51.529 [INFO]     doris_mcp_server.logger:435 - File Logging: Enabled
2026-04-15 17:01:51.529 [INFO]     doris_mcp_server.logger:436 - Audit Logging: Enabled
2026-04-15 17:01:51.529 [INFO]     doris_mcp_server.logger:437 - Log Cleanup: Enabled
2026-04-15 17:01:51.529 [INFO]     doris_mcp_server.logger:439 - Cleanup Settings: Max age 30 days, interval 24h
2026-04-15 17:01:51.529 [INFO]     doris_mcp_server.logger:443 - ================================================================================
2026-04-15 17:01:51.529 [INFO]     doris_mcp_server.utils.config:948 - Enhanced logging system with cleanup initialized successfully
2026-04-15 17:01:51.529 [INFO]     doris_mcp_server.utils.config:949 - Log directory: logs
2026-04-15 17:01:51.529 [INFO]     doris_mcp_server.utils.config:950 - Log level: INFO
2026-04-15 17:01:51.529 [INFO]     doris_mcp_server.utils.config:951 - Audit logging: Enabled
2026-04-15 17:01:51.529 [INFO]     doris_mcp_server.utils.config:952 - Log cleanup: Enabled
2026-04-15 17:01:51.529 [INFO]     doris_mcp_server.utils.config:954 - Cleanup config: Max age 30 days, interval 24h
2026-04-15 17:01:51.529 [INFO]     doris_mcp_server.system:483 - System Information:
2026-04-15 17:01:51.529 [INFO]     doris_mcp_server.system:484 - Python Version: 3.12.13 (main, Mar  3 2026, 12:39:30) [Clang 17.0.0 (clang-1700.6.3.2)]
2026-04-15 17:01:51.529 [INFO]     doris_mcp_server.system:485 - Platform: darwin
2026-04-15 17:01:51.529 [INFO]     doris_mcp_server.system:486 - Working Directory: /Users/a1/Documents/Office/code/ms-proj
2026-04-15 17:01:51.529 [INFO]     doris_mcp_server.system:487 - Process ID: 86746
2026-04-15 17:01:51.529 [INFO]     doris_mcp_server.system:493 - Environment LOG_LEVEL: Not Set
2026-04-15 17:01:51.529 [INFO]     doris_mcp_server.system:493 - Environment LOG_FILE_PATH: Not Set
2026-04-15 17:01:51.529 [INFO]     doris_mcp_server.system:493 - Environment ENABLE_AUDIT: Not Set
2026-04-15 17:01:51.529 [INFO]     doris_mcp_server.system:493 - Environment AUDIT_FILE_PATH: Not Set
2026-04-15 17:01:51.530 [INFO]     doris_mcp_server.main:916 - Starting Doris MCP Server...
2026-04-15 17:01:51.530 [INFO]     doris_mcp_server.main:917 - Transport: stdio
2026-04-15 17:01:51.530 [INFO]     doris_mcp_server.main:918 - Log Level: INFO
2026-04-15 17:01:51.530 [INFO]     doris_mcp_server.utils.security:480 - All authentication methods are disabled - anonymous access allowed
2026-04-15 17:01:51.530 [INFO]     doris_mcp_server.utils.db:211 - Session  Cache initialized, save system session: False, save user session: False
2026-04-15 17:01:51.530 [INFO]     doris_mcp_server.utils.schema_extractor:105 - Loaded excluded database list: ['information_schema', 'mysql', 'performance_schema', 'sys', 'doris_metadata']
2026-04-15 17:01:51.530 [INFO]     doris_mcp_server.utils.data_governance_tools:45 - DataGovernanceTools initialized
2026-04-15 17:01:51.530 [INFO]     doris_mcp_server.utils.data_exploration_tools:45 - DataExplorationTools initialized
2026-04-15 17:01:51.530 [INFO]     doris_mcp_server.utils.data_quality_tools:50 - DataQualityTools initialized with atomic tools
2026-04-15 17:01:51.530 [INFO]     doris_mcp_server.utils.security_analytics_tools:39 - SecurityAnalyticsTools initialized
2026-04-15 17:01:51.530 [INFO]     doris_mcp_server.utils.dependency_analysis_tools:46 - DependencyAnalysisTools initialized
2026-04-15 17:01:51.530 [INFO]     doris_mcp_server.utils.performance_analytics_tools:46 - PerformanceAnalyticsTools initialized
2026-04-15 17:01:51.530 [INFO]     doris_mcp_server.tools.tools_manager:72 - DorisToolsManager initialized with business logic processors, v0.5.0 analytics tools, and ADBC query tools
2026-04-15 17:01:51.530 [INFO]     doris_mcp_server.main.DorisServer:428 - Starting Doris MCP Server (stdio mode)
2026-04-15 17:01:51.530 [INFO]     doris_mcp_server.utils.security:127 - DorisSecurityManager initialized successfully
2026-04-15 17:01:51.531 [INFO]     doris_mcp_server.main.DorisServer:433 - Security manager initialization completed
2026-04-15 17:01:51.531 [INFO]     doris_mcp_server.utils.db:950 - stdio mode database config validated: 124.71.61.163:19030
2026-04-15 17:01:51.531 [INFO]     doris_mcp_server.utils.db:960 - Testing database connectivity for stdio mode...
2026-04-15 17:01:51.769 [INFO]     doris_mcp_server.utils.db:1146 - 🔥 Warming up connection pool with 3 connections
2026-04-15 17:01:51.770 [INFO]     doris_mcp_server.utils.db:1180 - 🩺 Starting pool health monitor
2026-04-15 17:01:51.770 [INFO]     doris_mcp_server.utils.db:1194 - 🧹 Starting pool cleanup monitor
2026-04-15 17:01:51.942 [INFO]     doris_mcp_server.utils.db:1167 - ✅ Pool warmup completed, 3 connections created
2026-04-15 17:01:51.942 [INFO]     doris_mcp_server.utils.db:986 - Database connection established successfully for stdio mode
2026-04-15 17:01:51.942 [INFO]     doris_mcp_server.main.DorisServer:450 - Creating stdio_server transport...
2026-04-15 17:01:51.949 [INFO]     doris_mcp_server.main.DorisServer:456 - stdio_server streams created successfully
2026-04-15 17:01:51.949 [INFO]     doris_mcp_server.main.DorisServer:466 - Initialization options created successfully
2026-04-15 17:01:51.949 [INFO]     doris_mcp_server.main.DorisServer:469 - Starting to run MCP server...
2026-04-15 17:01:51.958 [INFO]     mcp.server.lowlevel.server:727 - Processing request of type ListToolsRequest
2026-04-15 17:01:51.958 [INFO]     doris_mcp_server.main.DorisServer:362 - Handling tool list request
2026-04-15 17:01:51.958 [INFO]     doris_mcp_server.main.DorisServer:364 - Returning 25 tools
2026-04-15 18:19:15.306 [INFO]     doris_mcp_server.utils.db:1288 - 🔄 Attempting pool recovery (attempt 1/3)
2026-04-15 18:19:18.428 [INFO]     doris_mcp_server.utils.db:1329 - ✅ Pool recovery successful on attempt 1
2026-04-15 18:19:18.429 [INFO]     doris_mcp_server.utils.db:1146 - 🔥 Warming up connection pool with 3 connections
2026-04-15 18:19:18.616 [INFO]     doris_mcp_server.utils.db:1167 - ✅ Pool warmup completed, 3 connections created
2026-04-15 18:36:20.815 [INFO]     doris_mcp_server.utils.db:1288 - 🔄 Attempting pool recovery (attempt 1/3)
2026-04-15 18:36:23.948 [INFO]     doris_mcp_server.utils.db:1329 - ✅ Pool recovery successful on attempt 1
2026-04-15 18:36:23.948 [INFO]     doris_mcp_server.utils.db:1146 - 🔥 Warming up connection pool with 3 connections
2026-04-15 18:36:24.112 [INFO]     doris_mcp_server.utils.db:1167 - ✅ Pool warmup completed, 3 connections created
2026-04-15 18:54:50.514 [INFO]     doris_mcp_server.utils.db:1288 - 🔄 Attempting pool recovery (attempt 1/3)
2026-04-15 18:54:53.660 [INFO]     doris_mcp_server.utils.db:1329 - ✅ Pool recovery successful on attempt 1
2026-04-15 18:54:53.661 [INFO]     doris_mcp_server.utils.db:1146 - 🔥 Warming up connection pool with 3 connections
2026-04-15 18:54:53.858 [INFO]     doris_mcp_server.utils.db:1167 - ✅ Pool warmup completed, 3 connections created
2026-04-15 20:04:19.934 [INFO]     doris_mcp_server.utils.db:1288 - 🔄 Attempting pool recovery (attempt 1/3)
2026-04-15 20:21:08.787 [INFO]     doris_mcp_server.utils.db:1329 - ✅ Pool recovery successful on attempt 1
2026-04-15 20:21:08.788 [INFO]     doris_mcp_server.utils.db:1146 - 🔥 Warming up connection pool with 3 connections
2026-04-15 20:21:08.968 [INFO]     doris_mcp_server.utils.db:1167 - ✅ Pool warmup completed, 3 connections created
2026-04-15 20:37:54.117 [INFO]     doris_mcp_server.utils.db:1288 - 🔄 Attempting pool recovery (attempt 1/3)
2026-04-15 20:37:54.236 [INFO]     doris_mcp_server.utils.db:1329 - ✅ Pool recovery successful on attempt 1
2026-04-15 20:37:54.236 [INFO]     doris_mcp_server.utils.db:1146 - 🔥 Warming up connection pool with 3 connections
2026-04-15 20:37:54.427 [INFO]     doris_mcp_server.utils.db:1167 - ✅ Pool warmup completed, 3 connections created
2026-04-15 20:55:51.883 [INFO]     doris_mcp_server.utils.db:1288 - 🔄 Attempting pool recovery (attempt 1/3)
2026-04-15 20:55:51.977 [INFO]     doris_mcp_server.utils.db:1329 - ✅ Pool recovery successful on attempt 1
2026-04-15 20:55:51.977 [INFO]     doris_mcp_server.utils.db:1146 - 🔥 Warming up connection pool with 3 connections
2026-04-15 20:55:52.164 [INFO]     doris_mcp_server.utils.db:1167 - ✅ Pool warmup completed, 3 connections created
2026-04-15 21:05:06.624 [INFO]     doris_mcp_server.utils.db:1288 - 🔄 Attempting pool recovery (attempt 1/3)
2026-04-15 21:05:06.776 [INFO]     doris_mcp_server.utils.db:1329 - ✅ Pool recovery successful on attempt 1
2026-04-15 21:05:06.777 [INFO]     doris_mcp_server.utils.db:1146 - 🔥 Warming up connection pool with 3 connections
2026-04-15 21:05:06.924 [INFO]     doris_mcp_server.utils.db:1167 - ✅ Pool warmup completed, 3 connections created
2026-04-15 21:25:13.632 [INFO]     doris_mcp_server.utils.db:1288 - 🔄 Attempting pool recovery (attempt 1/3)
2026-04-15 21:25:13.774 [INFO]     doris_mcp_server.utils.db:1329 - ✅ Pool recovery successful on attempt 1
2026-04-15 21:25:13.775 [INFO]     doris_mcp_server.utils.db:1146 - 🔥 Warming up connection pool with 3 connections
2026-04-15 21:25:14.011 [INFO]     doris_mcp_server.utils.db:1167 - ✅ Pool warmup completed, 3 connections created
2026-04-15 21:45:11.397 [INFO]     doris_mcp_server.utils.db:1288 - 🔄 Attempting pool recovery (attempt 1/3)
2026-04-15 21:45:11.495 [INFO]     doris_mcp_server.utils.db:1329 - ✅ Pool recovery successful on attempt 1
2026-04-15 21:45:11.496 [INFO]     doris_mcp_server.utils.db:1146 - 🔥 Warming up connection pool with 3 connections
2026-04-15 21:45:11.700 [INFO]     doris_mcp_server.utils.db:1167 - ✅ Pool warmup completed, 3 connections created
2026-04-15 22:03:03.630 [INFO]     doris_mcp_server.utils.db:1288 - 🔄 Attempting pool recovery (attempt 1/3)
2026-04-15 22:05:35.367 [INFO]     doris_mcp_server.utils.db:1329 - ✅ Pool recovery successful on attempt 1
2026-04-15 22:05:35.367 [INFO]     doris_mcp_server.utils.db:1146 - 🔥 Warming up connection pool with 3 connections
2026-04-15 22:05:35.523 [INFO]     doris_mcp_server.utils.db:1167 - ✅ Pool warmup completed, 3 connections created
2026-04-15 22:25:34.393 [INFO]     doris_mcp_server.utils.db:1288 - 🔄 Attempting pool recovery (attempt 1/3)
2026-04-15 22:25:37.502 [INFO]     doris_mcp_server.utils.db:1329 - ✅ Pool recovery successful on attempt 1
2026-04-15 22:25:37.503 [INFO]     doris_mcp_server.utils.db:1146 - 🔥 Warming up connection pool with 3 connections
2026-04-15 22:25:37.685 [INFO]     doris_mcp_server.utils.db:1167 - ✅ Pool warmup completed, 3 connections created
2026-04-15 22:42:05.484 [INFO]     doris_mcp_server.utils.db:1288 - 🔄 Attempting pool recovery (attempt 1/3)
2026-04-15 22:57:46.304 [INFO]     doris_mcp_server.utils.db:1329 - ✅ Pool recovery successful on attempt 1
2026-04-15 22:57:46.304 [INFO]     doris_mcp_server.utils.db:1146 - 🔥 Warming up connection pool with 3 connections
2026-04-15 22:57:46.472 [INFO]     doris_mcp_server.utils.db:1167 - ✅ Pool warmup completed, 3 connections created
2026-04-16 11:24:22.398 [INFO]     doris_mcp_server.log_cleanup:163 - Log cleanup scheduler started - cleanup every 24h, max age 30 days
2026-04-16 11:24:22.399 [INFO]     doris_mcp_server.logger:427 - ================================================================================
2026-04-16 11:24:22.399 [INFO]     doris_mcp_server.logger:428 - Doris MCP Server Logging System Initialized
2026-04-16 11:24:22.399 [INFO]     doris_mcp_server.logger:429 - Log Level: INFO
2026-04-16 11:24:22.399 [INFO]     doris_mcp_server.logger:431 - Log Directory: /Users/a1/Documents/Office/code/ms-proj/logs
2026-04-16 11:24:22.399 [INFO]     doris_mcp_server.logger:434 - Console Logging: Disabled
2026-04-16 11:24:22.399 [INFO]     doris_mcp_server.logger:435 - File Logging: Enabled
2026-04-16 11:24:22.399 [INFO]     doris_mcp_server.logger:436 - Audit Logging: Enabled
2026-04-16 11:24:22.399 [INFO]     doris_mcp_server.logger:437 - Log Cleanup: Enabled
2026-04-16 11:24:22.399 [INFO]     doris_mcp_server.logger:439 - Cleanup Settings: Max age 30 days, interval 24h
2026-04-16 11:24:22.399 [INFO]     doris_mcp_server.logger:443 - ================================================================================
2026-04-16 11:24:22.399 [INFO]     doris_mcp_server.utils.config:948 - Enhanced logging system with cleanup initialized successfully
2026-04-16 11:24:22.399 [INFO]     doris_mcp_server.utils.config:949 - Log directory: logs
2026-04-16 11:24:22.399 [INFO]     doris_mcp_server.utils.config:950 - Log level: INFO
2026-04-16 11:24:22.399 [INFO]     doris_mcp_server.utils.config:951 - Audit logging: Enabled
2026-04-16 11:24:22.399 [INFO]     doris_mcp_server.utils.config:952 - Log cleanup: Enabled
2026-04-16 11:24:22.399 [INFO]     doris_mcp_server.utils.config:954 - Cleanup config: Max age 30 days, interval 24h
2026-04-16 11:24:22.399 [INFO]     doris_mcp_server.system:483 - System Information:
2026-04-16 11:24:22.399 [INFO]     doris_mcp_server.system:484 - Python Version: 3.12.13 (main, Mar  3 2026, 12:39:30) [Clang 17.0.0 (clang-1700.6.3.2)]
2026-04-16 11:24:22.399 [INFO]     doris_mcp_server.system:485 - Platform: darwin
2026-04-16 11:24:22.399 [INFO]     doris_mcp_server.system:486 - Working Directory: /Users/a1/Documents/Office/code/ms-proj
2026-04-16 11:24:22.399 [INFO]     doris_mcp_server.system:487 - Process ID: 97261
2026-04-16 11:24:22.399 [INFO]     doris_mcp_server.system:493 - Environment LOG_LEVEL: Not Set
2026-04-16 11:24:22.399 [INFO]     doris_mcp_server.system:493 - Environment LOG_FILE_PATH: Not Set
2026-04-16 11:24:22.399 [INFO]     doris_mcp_server.system:493 - Environment ENABLE_AUDIT: Not Set
2026-04-16 11:24:22.399 [INFO]     doris_mcp_server.system:493 - Environment AUDIT_FILE_PATH: Not Set
2026-04-16 11:24:22.399 [INFO]     doris_mcp_server.main:916 - Starting Doris MCP Server...
2026-04-16 11:24:22.399 [INFO]     doris_mcp_server.main:917 - Transport: stdio
2026-04-16 11:24:22.399 [INFO]     doris_mcp_server.main:918 - Log Level: INFO
2026-04-16 11:24:22.400 [INFO]     doris_mcp_server.utils.security:480 - All authentication methods are disabled - anonymous access allowed
2026-04-16 11:24:22.400 [INFO]     doris_mcp_server.utils.db:211 - Session  Cache initialized, save system session: False, save user session: False
2026-04-16 11:24:22.400 [INFO]     doris_mcp_server.utils.schema_extractor:105 - Loaded excluded database list: ['information_schema', 'mysql', 'performance_schema', 'sys', 'doris_metadata']
2026-04-16 11:24:22.400 [INFO]     doris_mcp_server.utils.data_governance_tools:45 - DataGovernanceTools initialized
2026-04-16 11:24:22.400 [INFO]     doris_mcp_server.utils.data_exploration_tools:45 - DataExplorationTools initialized
2026-04-16 11:24:22.400 [INFO]     doris_mcp_server.utils.data_quality_tools:50 - DataQualityTools initialized with atomic tools
2026-04-16 11:24:22.400 [INFO]     doris_mcp_server.utils.security_analytics_tools:39 - SecurityAnalyticsTools initialized
2026-04-16 11:24:22.400 [INFO]     doris_mcp_server.utils.dependency_analysis_tools:46 - DependencyAnalysisTools initialized
2026-04-16 11:24:22.400 [INFO]     doris_mcp_server.utils.performance_analytics_tools:46 - PerformanceAnalyticsTools initialized
2026-04-16 11:24:22.400 [INFO]     doris_mcp_server.tools.tools_manager:72 - DorisToolsManager initialized with business logic processors, v0.5.0 analytics tools, and ADBC query tools
2026-04-16 11:24:22.400 [INFO]     doris_mcp_server.main.DorisServer:428 - Starting Doris MCP Server (stdio mode)
2026-04-16 11:24:22.400 [INFO]     doris_mcp_server.utils.security:127 - DorisSecurityManager initialized successfully
2026-04-16 11:24:22.400 [INFO]     doris_mcp_server.main.DorisServer:433 - Security manager initialization completed
2026-04-16 11:24:22.400 [INFO]     doris_mcp_server.utils.db:950 - stdio mode database config validated: 124.71.61.163:19030
2026-04-16 11:24:22.400 [INFO]     doris_mcp_server.utils.db:960 - Testing database connectivity for stdio mode...
2026-04-16 11:24:22.685 [INFO]     doris_mcp_server.utils.db:1146 - 🔥 Warming up connection pool with 3 connections
2026-04-16 11:24:22.686 [INFO]     doris_mcp_server.utils.db:1180 - 🩺 Starting pool health monitor
2026-04-16 11:24:22.686 [INFO]     doris_mcp_server.utils.db:1194 - 🧹 Starting pool cleanup monitor
2026-04-16 11:24:22.866 [INFO]     doris_mcp_server.utils.db:1167 - ✅ Pool warmup completed, 3 connections created
2026-04-16 11:24:22.866 [INFO]     doris_mcp_server.utils.db:986 - Database connection established successfully for stdio mode
2026-04-16 11:24:22.866 [INFO]     doris_mcp_server.main.DorisServer:450 - Creating stdio_server transport...
2026-04-16 11:24:22.870 [INFO]     doris_mcp_server.main.DorisServer:456 - stdio_server streams created successfully
2026-04-16 11:24:22.871 [INFO]     doris_mcp_server.main.DorisServer:466 - Initialization options created successfully
2026-04-16 11:24:22.871 [INFO]     doris_mcp_server.main.DorisServer:469 - Starting to run MCP server...
2026-04-16 11:24:22.876 [INFO]     mcp.server.lowlevel.server:727 - Processing request of type ListToolsRequest
2026-04-16 11:24:22.876 [INFO]     doris_mcp_server.main.DorisServer:362 - Handling tool list request
2026-04-16 11:24:22.876 [INFO]     doris_mcp_server.main.DorisServer:364 - Returning 25 tools
2026-04-16 14:19:18.006 [INFO]     doris_mcp_server.utils.db:1288 - 🔄 Attempting pool recovery (attempt 1/3)
2026-04-16 14:19:18.142 [INFO]     doris_mcp_server.utils.db:1329 - ✅ Pool recovery successful on attempt 1
2026-04-16 14:19:18.143 [INFO]     doris_mcp_server.utils.db:1146 - 🔥 Warming up connection pool with 3 connections
2026-04-16 14:19:18.355 [INFO]     doris_mcp_server.utils.db:1167 - ✅ Pool warmup completed, 3 connections created
2026-04-16 17:15:18.409 [INFO]     doris_mcp_server.utils.db:1288 - 🔄 Attempting pool recovery (attempt 1/3)
2026-04-16 17:15:26.416 [INFO]     doris_mcp_server.utils.db:1288 - 🔄 Attempting pool recovery (attempt 2/3)
2026-04-16 17:15:28.419 [INFO]     doris_mcp_server.utils.db:1288 - 🔄 Attempting pool recovery (attempt 3/3)
2026-04-16 17:20:59.365 [INFO]     doris_mcp_server.utils.db:1288 - 🔄 Attempting pool recovery (attempt 1/3)
2026-04-16 17:21:04.368 [INFO]     doris_mcp_server.utils.db:1288 - 🔄 Attempting pool recovery (attempt 2/3)
2026-04-16 17:21:10.751 [INFO]     doris_mcp_server.utils.db:1329 - ✅ Pool recovery successful on attempt 2
2026-04-16 17:21:10.751 [INFO]     doris_mcp_server.utils.db:1146 - 🔥 Warming up connection pool with 3 connections
2026-04-16 17:21:12.211 [INFO]     doris_mcp_server.utils.db:1167 - ✅ Pool warmup completed, 3 connections created
2026-04-16 17:26:04.948 [INFO]     doris_mcp_server.utils.db:1288 - 🔄 Attempting pool recovery (attempt 1/3)
2026-04-16 17:26:08.049 [INFO]     doris_mcp_server.utils.db:1329 - ✅ Pool recovery successful on attempt 1
2026-04-16 17:26:08.049 [INFO]     doris_mcp_server.utils.db:1146 - 🔥 Warming up connection pool with 3 connections
2026-04-16 17:26:08.235 [INFO]     doris_mcp_server.utils.db:1167 - ✅ Pool warmup completed, 3 connections created
2026-04-16 17:50:41.643 [INFO]     doris_mcp_server.log_cleanup:163 - Log cleanup scheduler started - cleanup every 24h, max age 30 days
2026-04-16 17:50:41.643 [INFO]     doris_mcp_server.logger:427 - ================================================================================
2026-04-16 17:50:41.643 [INFO]     doris_mcp_server.logger:428 - Doris MCP Server Logging System Initialized
2026-04-16 17:50:41.644 [INFO]     doris_mcp_server.logger:429 - Log Level: INFO
2026-04-16 17:50:41.644 [INFO]     doris_mcp_server.logger:431 - Log Directory: /Users/a1/Documents/Office/code/ms-proj/logs
2026-04-16 17:50:41.644 [INFO]     doris_mcp_server.logger:434 - Console Logging: Disabled
2026-04-16 17:50:41.644 [INFO]     doris_mcp_server.logger:435 - File Logging: Enabled
2026-04-16 17:50:41.644 [INFO]     doris_mcp_server.logger:436 - Audit Logging: Enabled
2026-04-16 17:50:41.644 [INFO]     doris_mcp_server.logger:437 - Log Cleanup: Enabled
2026-04-16 17:50:41.644 [INFO]     doris_mcp_server.logger:439 - Cleanup Settings: Max age 30 days, interval 24h
2026-04-16 17:50:41.644 [INFO]     doris_mcp_server.logger:443 - ================================================================================
2026-04-16 17:50:41.644 [INFO]     doris_mcp_server.utils.config:948 - Enhanced logging system with cleanup initialized successfully
2026-04-16 17:50:41.644 [INFO]     doris_mcp_server.utils.config:949 - Log directory: logs
2026-04-16 17:50:41.644 [INFO]     doris_mcp_server.utils.config:950 - Log level: INFO
2026-04-16 17:50:41.644 [INFO]     doris_mcp_server.utils.config:951 - Audit logging: Enabled
2026-04-16 17:50:41.644 [INFO]     doris_mcp_server.utils.config:952 - Log cleanup: Enabled
2026-04-16 17:50:41.644 [INFO]     doris_mcp_server.utils.config:954 - Cleanup config: Max age 30 days, interval 24h
2026-04-16 17:50:41.644 [INFO]     doris_mcp_server.system:483 - System Information:
2026-04-16 17:50:41.644 [INFO]     doris_mcp_server.system:484 - Python Version: 3.12.13 (main, Mar  3 2026, 12:39:30) [Clang 17.0.0 (clang-1700.6.3.2)]
2026-04-16 17:50:41.644 [INFO]     doris_mcp_server.system:485 - Platform: darwin
2026-04-16 17:50:41.644 [INFO]     doris_mcp_server.system:486 - Working Directory: /Users/a1/Documents/Office/code/ms-proj
2026-04-16 17:50:41.644 [INFO]     doris_mcp_server.system:487 - Process ID: 10460
2026-04-16 17:50:41.644 [INFO]     doris_mcp_server.system:493 - Environment LOG_LEVEL: Not Set
2026-04-16 17:50:41.644 [INFO]     doris_mcp_server.system:493 - Environment LOG_FILE_PATH: Not Set
2026-04-16 17:50:41.644 [INFO]     doris_mcp_server.system:493 - Environment ENABLE_AUDIT: Not Set
2026-04-16 17:50:41.644 [INFO]     doris_mcp_server.system:493 - Environment AUDIT_FILE_PATH: Not Set
2026-04-16 17:50:41.644 [INFO]     doris_mcp_server.main:916 - Starting Doris MCP Server...
2026-04-16 17:50:41.644 [INFO]     doris_mcp_server.main:917 - Transport: stdio
2026-04-16 17:50:41.644 [INFO]     doris_mcp_server.main:918 - Log Level: INFO
2026-04-16 17:50:41.644 [INFO]     doris_mcp_server.utils.security:480 - All authentication methods are disabled - anonymous access allowed
2026-04-16 17:50:41.645 [INFO]     doris_mcp_server.utils.db:211 - Session  Cache initialized, save system session: False, save user session: False
2026-04-16 17:50:41.645 [INFO]     doris_mcp_server.utils.schema_extractor:105 - Loaded excluded database list: ['information_schema', 'mysql', 'performance_schema', 'sys', 'doris_metadata']
2026-04-16 17:50:41.645 [INFO]     doris_mcp_server.utils.data_governance_tools:45 - DataGovernanceTools initialized
2026-04-16 17:50:41.645 [INFO]     doris_mcp_server.utils.data_exploration_tools:45 - DataExplorationTools initialized
2026-04-16 17:50:41.645 [INFO]     doris_mcp_server.utils.data_quality_tools:50 - DataQualityTools initialized with atomic tools
2026-04-16 17:50:41.645 [INFO]     doris_mcp_server.utils.security_analytics_tools:39 - SecurityAnalyticsTools initialized
2026-04-16 17:50:41.645 [INFO]     doris_mcp_server.utils.dependency_analysis_tools:46 - DependencyAnalysisTools initialized
2026-04-16 17:50:41.645 [INFO]     doris_mcp_server.utils.performance_analytics_tools:46 - PerformanceAnalyticsTools initialized
2026-04-16 17:50:41.645 [INFO]     doris_mcp_server.tools.tools_manager:72 - DorisToolsManager initialized with business logic processors, v0.5.0 analytics tools, and ADBC query tools
2026-04-16 17:50:41.645 [INFO]     doris_mcp_server.main.DorisServer:428 - Starting Doris MCP Server (stdio mode)
2026-04-16 17:50:41.645 [INFO]     doris_mcp_server.utils.security:127 - DorisSecurityManager initialized successfully
2026-04-16 17:50:41.645 [INFO]     doris_mcp_server.main.DorisServer:433 - Security manager initialization completed
2026-04-16 17:50:41.645 [INFO]     doris_mcp_server.utils.db:950 - stdio mode database config validated: 124.71.61.163:19030
2026-04-16 17:50:41.645 [INFO]     doris_mcp_server.utils.db:960 - Testing database connectivity for stdio mode...
2026-04-16 17:50:41.870 [INFO]     doris_mcp_server.utils.db:1146 - 🔥 Warming up connection pool with 3 connections
2026-04-16 17:50:41.871 [INFO]     doris_mcp_server.utils.db:1180 - 🩺 Starting pool health monitor
2026-04-16 17:50:41.871 [INFO]     doris_mcp_server.utils.db:1194 - 🧹 Starting pool cleanup monitor
2026-04-16 17:50:42.052 [INFO]     doris_mcp_server.utils.db:1167 - ✅ Pool warmup completed, 3 connections created
2026-04-16 17:50:42.052 [INFO]     doris_mcp_server.utils.db:986 - Database connection established successfully for stdio mode
2026-04-16 17:50:42.053 [INFO]     doris_mcp_server.main.DorisServer:450 - Creating stdio_server transport...
2026-04-16 17:50:42.058 [INFO]     doris_mcp_server.main.DorisServer:456 - stdio_server streams created successfully
2026-04-16 17:50:42.058 [INFO]     doris_mcp_server.main.DorisServer:466 - Initialization options created successfully
2026-04-16 17:50:42.058 [INFO]     doris_mcp_server.main.DorisServer:469 - Starting to run MCP server...
2026-04-16 17:50:42.061 [INFO]     mcp.server.lowlevel.server:727 - Processing request of type ListToolsRequest
2026-04-16 17:50:42.061 [INFO]     doris_mcp_server.main.DorisServer:362 - Handling tool list request
2026-04-16 17:50:42.061 [INFO]     doris_mcp_server.main.DorisServer:364 - Returning 25 tools
2026-04-16 18:26:08.695 [INFO]     doris_mcp_server.utils.db:1288 - 🔄 Attempting pool recovery (attempt 1/3)
2026-04-16 18:26:08.830 [INFO]     doris_mcp_server.utils.db:1329 - ✅ Pool recovery successful on attempt 1
2026-04-16 18:26:08.831 [INFO]     doris_mcp_server.utils.db:1146 - 🔥 Warming up connection pool with 3 connections
2026-04-16 18:26:09.008 [INFO]     doris_mcp_server.utils.db:1167 - ✅ Pool warmup completed, 3 connections created
2026-04-16 18:42:33.308 [INFO]     doris_mcp_server.utils.db:1288 - 🔄 Attempting pool recovery (attempt 1/3)
2026-04-16 18:42:33.418 [INFO]     doris_mcp_server.utils.db:1329 - ✅ Pool recovery successful on attempt 1
2026-04-16 18:42:33.419 [INFO]     doris_mcp_server.utils.db:1146 - 🔥 Warming up connection pool with 3 connections
2026-04-16 18:42:33.614 [INFO]     doris_mcp_server.utils.db:1167 - ✅ Pool warmup completed, 3 connections created
2026-04-16 18:58:31.432 [INFO]     doris_mcp_server.utils.db:1288 - 🔄 Attempting pool recovery (attempt 1/3)
2026-04-16 18:58:31.518 [INFO]     doris_mcp_server.utils.db:1329 - ✅ Pool recovery successful on attempt 1
2026-04-16 18:58:31.518 [INFO]     doris_mcp_server.utils.db:1146 - 🔥 Warming up connection pool with 3 connections
2026-04-16 18:58:31.726 [INFO]     doris_mcp_server.utils.db:1167 - ✅ Pool warmup completed, 3 connections created
2026-04-16 19:15:42.733 [INFO]     doris_mcp_server.utils.db:1288 - 🔄 Attempting pool recovery (attempt 1/3)
2026-04-16 19:15:45.892 [INFO]     doris_mcp_server.utils.db:1329 - ✅ Pool recovery successful on attempt 1
2026-04-16 19:15:45.893 [INFO]     doris_mcp_server.utils.db:1146 - 🔥 Warming up connection pool with 3 connections
2026-04-16 19:15:46.088 [INFO]     doris_mcp_server.utils.db:1167 - ✅ Pool warmup completed, 3 connections created
2026-04-16 19:31:50.585 [INFO]     doris_mcp_server.utils.db:1288 - 🔄 Attempting pool recovery (attempt 1/3)
2026-04-16 19:31:53.722 [INFO]     doris_mcp_server.utils.db:1329 - ✅ Pool recovery successful on attempt 1
2026-04-16 19:31:53.722 [INFO]     doris_mcp_server.utils.db:1146 - 🔥 Warming up connection pool with 3 connections
2026-04-16 19:31:53.941 [INFO]     doris_mcp_server.utils.db:1167 - ✅ Pool warmup completed, 3 connections created
2026-04-16 19:49:50.729 [INFO]     doris_mcp_server.utils.db:1288 - 🔄 Attempting pool recovery (attempt 1/3)
2026-04-16 19:49:53.862 [INFO]     doris_mcp_server.utils.db:1329 - ✅ Pool recovery successful on attempt 1
2026-04-16 19:49:53.863 [INFO]     doris_mcp_server.utils.db:1146 - 🔥 Warming up connection pool with 3 connections
2026-04-16 19:49:54.057 [INFO]     doris_mcp_server.utils.db:1167 - ✅ Pool warmup completed, 3 connections created
2026-04-16 20:09:49.297 [INFO]     doris_mcp_server.utils.db:1288 - 🔄 Attempting pool recovery (attempt 1/3)
2026-04-16 20:09:52.406 [INFO]     doris_mcp_server.utils.db:1329 - ✅ Pool recovery successful on attempt 1
2026-04-16 20:09:52.406 [INFO]     doris_mcp_server.utils.db:1146 - 🔥 Warming up connection pool with 3 connections
2026-04-16 20:09:52.553 [INFO]     doris_mcp_server.utils.db:1167 - ✅ Pool warmup completed, 3 connections created
2026-04-16 20:28:01.698 [INFO]     doris_mcp_server.utils.db:1288 - 🔄 Attempting pool recovery (attempt 1/3)
2026-04-16 20:28:01.806 [INFO]     doris_mcp_server.utils.db:1329 - ✅ Pool recovery successful on attempt 1
2026-04-16 20:28:01.807 [INFO]     doris_mcp_server.utils.db:1146 - 🔥 Warming up connection pool with 3 connections
2026-04-16 20:28:01.993 [INFO]     doris_mcp_server.utils.db:1167 - ✅ Pool warmup completed, 3 connections created
2026-04-16 20:44:01.832 [INFO]     doris_mcp_server.utils.db:1288 - 🔄 Attempting pool recovery (attempt 1/3)
2026-04-16 20:44:01.917 [INFO]     doris_mcp_server.utils.db:1329 - ✅ Pool recovery successful on attempt 1
2026-04-16 20:44:01.918 [INFO]     doris_mcp_server.utils.db:1146 - 🔥 Warming up connection pool with 3 connections
2026-04-16 20:44:02.082 [INFO]     doris_mcp_server.utils.db:1167 - ✅ Pool warmup completed, 3 connections created
2026-04-16 21:10:09.067 [INFO]     doris_mcp_server.utils.db:1288 - 🔄 Attempting pool recovery (attempt 1/3)
2026-04-16 21:10:09.437 [INFO]     doris_mcp_server.utils.db:1329 - ✅ Pool recovery successful on attempt 1
2026-04-16 21:10:09.437 [INFO]     doris_mcp_server.utils.db:1146 - 🔥 Warming up connection pool with 3 connections
2026-04-16 21:10:09.623 [INFO]     doris_mcp_server.utils.db:1167 - ✅ Pool warmup completed, 3 connections created
2026-04-16 21:42:18.670 [INFO]     doris_mcp_server.utils.db:1288 - 🔄 Attempting pool recovery (attempt 1/3)
2026-04-16 21:42:21.796 [INFO]     doris_mcp_server.utils.db:1329 - ✅ Pool recovery successful on attempt 1
2026-04-16 21:42:21.797 [INFO]     doris_mcp_server.utils.db:1146 - 🔥 Warming up connection pool with 3 connections
2026-04-16 21:42:21.983 [INFO]     doris_mcp_server.utils.db:1167 - ✅ Pool warmup completed, 3 connections created
2026-04-16 22:01:31.047 [INFO]     doris_mcp_server.utils.db:1288 - 🔄 Attempting pool recovery (attempt 1/3)
2026-04-16 22:01:34.140 [INFO]     doris_mcp_server.utils.db:1329 - ✅ Pool recovery successful on attempt 1
2026-04-16 22:01:34.140 [INFO]     doris_mcp_server.utils.db:1146 - 🔥 Warming up connection pool with 3 connections
2026-04-16 22:01:34.301 [INFO]     doris_mcp_server.utils.db:1167 - ✅ Pool warmup completed, 3 connections created
2026-04-16 22:11:35.873 [INFO]     doris_mcp_server.utils.db:1288 - 🔄 Attempting pool recovery (attempt 1/3)
2026-04-16 22:11:35.979 [INFO]     doris_mcp_server.utils.db:1329 - ✅ Pool recovery successful on attempt 1
2026-04-16 22:11:35.979 [INFO]     doris_mcp_server.utils.db:1146 - 🔥 Warming up connection pool with 3 connections
2026-04-16 22:11:36.156 [INFO]     doris_mcp_server.utils.db:1167 - ✅ Pool warmup completed, 3 connections created
2026-04-16 22:27:58.372 [INFO]     doris_mcp_server.utils.db:1288 - 🔄 Attempting pool recovery (attempt 1/3)
2026-04-16 22:27:58.478 [INFO]     doris_mcp_server.utils.db:1329 - ✅ Pool recovery successful on attempt 1
2026-04-16 22:27:58.479 [INFO]     doris_mcp_server.utils.db:1146 - 🔥 Warming up connection pool with 3 connections
2026-04-16 22:27:58.660 [INFO]     doris_mcp_server.utils.db:1167 - ✅ Pool warmup completed, 3 connections created
2026-04-16 22:44:52.152 [INFO]     doris_mcp_server.utils.db:1288 - 🔄 Attempting pool recovery (attempt 1/3)
2026-04-16 22:44:52.262 [INFO]     doris_mcp_server.utils.db:1329 - ✅ Pool recovery successful on attempt 1
2026-04-16 22:44:52.262 [INFO]     doris_mcp_server.utils.db:1146 - 🔥 Warming up connection pool with 3 connections
2026-04-16 22:44:52.425 [INFO]     doris_mcp_server.utils.db:1167 - ✅ Pool warmup completed, 3 connections created
2026-04-16 23:01:01.530 [INFO]     doris_mcp_server.utils.db:1288 - 🔄 Attempting pool recovery (attempt 1/3)
2026-04-16 23:01:04.660 [INFO]     doris_mcp_server.utils.db:1329 - ✅ Pool recovery successful on attempt 1
2026-04-16 23:01:04.660 [INFO]     doris_mcp_server.utils.db:1146 - 🔥 Warming up connection pool with 3 connections
2026-04-16 23:01:04.816 [INFO]     doris_mcp_server.utils.db:1167 - ✅ Pool warmup completed, 3 connections created
2026-04-16 23:17:14.723 [INFO]     doris_mcp_server.utils.db:1288 - 🔄 Attempting pool recovery (attempt 1/3)
2026-04-16 23:17:17.854 [INFO]     doris_mcp_server.utils.db:1329 - ✅ Pool recovery successful on attempt 1
2026-04-16 23:17:17.854 [INFO]     doris_mcp_server.utils.db:1146 - 🔥 Warming up connection pool with 3 connections
2026-04-16 23:17:18.028 [INFO]     doris_mcp_server.utils.db:1167 - ✅ Pool warmup completed, 3 connections created
2026-04-16 23:35:07.437 [INFO]     doris_mcp_server.utils.db:1288 - 🔄 Attempting pool recovery (attempt 1/3)
2026-04-16 23:35:07.558 [INFO]     doris_mcp_server.utils.db:1329 - ✅ Pool recovery successful on attempt 1
2026-04-16 23:35:07.558 [INFO]     doris_mcp_server.utils.db:1146 - 🔥 Warming up connection pool with 3 connections
2026-04-16 23:35:07.718 [INFO]     doris_mcp_server.utils.db:1167 - ✅ Pool warmup completed, 3 connections created
2026-04-16 23:51:40.557 [INFO]     doris_mcp_server.utils.db:1288 - 🔄 Attempting pool recovery (attempt 1/3)
2026-04-17 00:07:35.380 [INFO]     doris_mcp_server.utils.db:1288 - 🔄 Attempting pool recovery (attempt 2/3)
2026-04-17 00:07:37.471 [INFO]     doris_mcp_server.utils.db:1329 - ✅ Pool recovery successful on attempt 2
2026-04-17 00:07:37.472 [INFO]     doris_mcp_server.utils.db:1146 - 🔥 Warming up connection pool with 3 connections
2026-04-17 00:07:37.692 [INFO]     doris_mcp_server.utils.db:1167 - ✅ Pool warmup completed, 3 connections created
2026-04-17 00:25:13.646 [INFO]     doris_mcp_server.utils.db:1288 - 🔄 Attempting pool recovery (attempt 1/3)
2026-04-17 00:25:13.775 [INFO]     doris_mcp_server.utils.db:1329 - ✅ Pool recovery successful on attempt 1
2026-04-17 00:25:13.776 [INFO]     doris_mcp_server.utils.db:1146 - 🔥 Warming up connection pool with 3 connections
2026-04-17 00:25:13.951 [INFO]     doris_mcp_server.utils.db:1167 - ✅ Pool warmup completed, 3 connections created
2026-04-17 00:34:40.167 [INFO]     doris_mcp_server.utils.db:1288 - 🔄 Attempting pool recovery (attempt 1/3)
2026-04-17 00:34:43.276 [INFO]     doris_mcp_server.utils.db:1329 - ✅ Pool recovery successful on attempt 1
2026-04-17 00:34:43.276 [INFO]     doris_mcp_server.utils.db:1146 - 🔥 Warming up connection pool with 3 connections
2026-04-17 00:34:43.442 [INFO]     doris_mcp_server.utils.db:1167 - ✅ Pool warmup completed, 3 connections created
2026-04-17 00:52:47.842 [INFO]     doris_mcp_server.utils.db:1288 - 🔄 Attempting pool recovery (attempt 1/3)
2026-04-17 00:52:50.958 [INFO]     doris_mcp_server.utils.db:1329 - ✅ Pool recovery successful on attempt 1
2026-04-17 00:52:50.959 [INFO]     doris_mcp_server.utils.db:1146 - 🔥 Warming up connection pool with 3 connections
2026-04-17 00:52:51.127 [INFO]     doris_mcp_server.utils.db:1167 - ✅ Pool warmup completed, 3 connections created
2026-04-17 01:10:19.402 [INFO]     doris_mcp_server.utils.db:1288 - 🔄 Attempting pool recovery (attempt 1/3)
2026-04-17 01:10:19.506 [INFO]     doris_mcp_server.utils.db:1329 - ✅ Pool recovery successful on attempt 1
2026-04-17 01:10:19.506 [INFO]     doris_mcp_server.utils.db:1146 - 🔥 Warming up connection pool with 3 connections
2026-04-17 01:10:19.695 [INFO]     doris_mcp_server.utils.db:1167 - ✅ Pool warmup completed, 3 connections created
2026-04-17 01:26:24.605 [INFO]     doris_mcp_server.utils.db:1288 - 🔄 Attempting pool recovery (attempt 1/3)
2026-04-17 01:26:24.732 [INFO]     doris_mcp_server.utils.db:1329 - ✅ Pool recovery successful on attempt 1
2026-04-17 01:26:24.732 [INFO]     doris_mcp_server.utils.db:1146 - 🔥 Warming up connection pool with 3 connections
2026-04-17 01:26:24.915 [INFO]     doris_mcp_server.utils.db:1167 - ✅ Pool warmup completed, 3 connections created
2026-04-17 01:59:32.188 [INFO]     doris_mcp_server.utils.db:1288 - 🔄 Attempting pool recovery (attempt 1/3)
2026-04-17 01:59:35.295 [INFO]     doris_mcp_server.utils.db:1329 - ✅ Pool recovery successful on attempt 1
2026-04-17 01:59:35.296 [INFO]     doris_mcp_server.utils.db:1146 - 🔥 Warming up connection pool with 3 connections
2026-04-17 01:59:35.491 [INFO]     doris_mcp_server.utils.db:1167 - ✅ Pool warmup completed, 3 connections created
2026-04-17 02:34:03.215 [INFO]     doris_mcp_server.utils.db:1288 - 🔄 Attempting pool recovery (attempt 1/3)
2026-04-17 02:34:06.338 [INFO]     doris_mcp_server.utils.db:1329 - ✅ Pool recovery successful on attempt 1
2026-04-17 02:34:06.338 [INFO]     doris_mcp_server.utils.db:1146 - 🔥 Warming up connection pool with 3 connections
2026-04-17 02:34:06.497 [INFO]     doris_mcp_server.utils.db:1167 - ✅ Pool warmup completed, 3 connections created
2026-04-17 03:09:36.131 [INFO]     doris_mcp_server.utils.db:1288 - 🔄 Attempting pool recovery (attempt 1/3)
2026-04-17 03:09:39.228 [INFO]     doris_mcp_server.utils.db:1329 - ✅ Pool recovery successful on attempt 1
2026-04-17 03:09:39.228 [INFO]     doris_mcp_server.utils.db:1146 - 🔥 Warming up connection pool with 3 connections
2026-04-17 03:09:39.433 [INFO]     doris_mcp_server.utils.db:1167 - ✅ Pool warmup completed, 3 connections created
2026-04-17 03:26:37.322 [INFO]     doris_mcp_server.utils.db:1288 - 🔄 Attempting pool recovery (attempt 1/3)
2026-04-17 03:26:40.430 [INFO]     doris_mcp_server.utils.db:1329 - ✅ Pool recovery successful on attempt 1
2026-04-17 03:26:40.430 [INFO]     doris_mcp_server.utils.db:1146 - 🔥 Warming up connection pool with 3 connections
2026-04-17 03:26:40.624 [INFO]     doris_mcp_server.utils.db:1167 - ✅ Pool warmup completed, 3 connections created
2026-04-17 03:43:03.791 [INFO]     doris_mcp_server.utils.db:1288 - 🔄 Attempting pool recovery (attempt 1/3)
2026-04-17 03:43:06.914 [INFO]     doris_mcp_server.utils.db:1329 - ✅ Pool recovery successful on attempt 1
2026-04-17 03:43:06.914 [INFO]     doris_mcp_server.utils.db:1146 - 🔥 Warming up connection pool with 3 connections
2026-04-17 03:43:07.113 [INFO]     doris_mcp_server.utils.db:1167 - ✅ Pool warmup completed, 3 connections created
2026-04-17 03:59:30.307 [INFO]     doris_mcp_server.utils.db:1288 - 🔄 Attempting pool recovery (attempt 1/3)
2026-04-17 03:59:30.411 [INFO]     doris_mcp_server.utils.db:1329 - ✅ Pool recovery successful on attempt 1
2026-04-17 03:59:30.412 [INFO]     doris_mcp_server.utils.db:1146 - 🔥 Warming up connection pool with 3 connections
2026-04-17 03:59:30.612 [INFO]     doris_mcp_server.utils.db:1167 - ✅ Pool warmup completed, 3 connections created
2026-04-17 04:21:06.389 [INFO]     doris_mcp_server.utils.db:1288 - 🔄 Attempting pool recovery (attempt 1/3)
2026-04-17 04:21:09.512 [INFO]     doris_mcp_server.utils.db:1329 - ✅ Pool recovery successful on attempt 1
2026-04-17 04:21:09.512 [INFO]     doris_mcp_server.utils.db:1146 - 🔥 Warming up connection pool with 3 connections
2026-04-17 04:21:09.713 [INFO]     doris_mcp_server.utils.db:1167 - ✅ Pool warmup completed, 3 connections created
2026-04-17 04:38:24.026 [INFO]     doris_mcp_server.utils.db:1288 - 🔄 Attempting pool recovery (attempt 1/3)
2026-04-17 04:38:24.140 [INFO]     doris_mcp_server.utils.db:1329 - ✅ Pool recovery successful on attempt 1
2026-04-17 04:38:24.140 [INFO]     doris_mcp_server.utils.db:1146 - 🔥 Warming up connection pool with 3 connections
2026-04-17 04:38:24.304 [INFO]     doris_mcp_server.utils.db:1167 - ✅ Pool warmup completed, 3 connections created
2026-04-17 04:54:59.048 [INFO]     doris_mcp_server.utils.db:1288 - 🔄 Attempting pool recovery (attempt 1/3)
2026-04-17 05:03:24.933 [INFO]     doris_mcp_server.utils.db:1329 - ✅ Pool recovery successful on attempt 1
2026-04-17 05:03:24.933 [INFO]     doris_mcp_server.utils.db:1146 - 🔥 Warming up connection pool with 3 connections
2026-04-17 05:03:25.106 [INFO]     doris_mcp_server.utils.db:1167 - ✅ Pool warmup completed, 3 connections created
2026-04-17 05:20:12.374 [INFO]     doris_mcp_server.utils.db:1288 - 🔄 Attempting pool recovery (attempt 1/3)
2026-04-17 05:20:15.479 [INFO]     doris_mcp_server.utils.db:1329 - ✅ Pool recovery successful on attempt 1
2026-04-17 05:20:15.479 [INFO]     doris_mcp_server.utils.db:1146 - 🔥 Warming up connection pool with 3 connections
2026-04-17 05:20:15.645 [INFO]     doris_mcp_server.utils.db:1167 - ✅ Pool warmup completed, 3 connections created
2026-04-17 05:36:12.765 [INFO]     doris_mcp_server.utils.db:1288 - 🔄 Attempting pool recovery (attempt 1/3)
2026-04-17 05:36:15.882 [INFO]     doris_mcp_server.utils.db:1329 - ✅ Pool recovery successful on attempt 1
2026-04-17 05:36:15.883 [INFO]     doris_mcp_server.utils.db:1146 - 🔥 Warming up connection pool with 3 connections
2026-04-17 05:36:16.071 [INFO]     doris_mcp_server.utils.db:1167 - ✅ Pool warmup completed, 3 connections created
2026-04-17 05:52:50.070 [INFO]     doris_mcp_server.utils.db:1288 - 🔄 Attempting pool recovery (attempt 1/3)
2026-04-17 05:52:53.187 [INFO]     doris_mcp_server.utils.db:1329 - ✅ Pool recovery successful on attempt 1
2026-04-17 05:52:53.188 [INFO]     doris_mcp_server.utils.db:1146 - 🔥 Warming up connection pool with 3 connections
2026-04-17 05:52:53.353 [INFO]     doris_mcp_server.utils.db:1167 - ✅ Pool warmup completed, 3 connections created
2026-04-17 06:04:44.933 [INFO]     doris_mcp_server.utils.db:1288 - 🔄 Attempting pool recovery (attempt 1/3)
2026-04-17 06:04:45.043 [INFO]     doris_mcp_server.utils.db:1329 - ✅ Pool recovery successful on attempt 1
2026-04-17 06:04:45.044 [INFO]     doris_mcp_server.utils.db:1146 - 🔥 Warming up connection pool with 3 connections
2026-04-17 06:04:45.201 [INFO]     doris_mcp_server.utils.db:1167 - ✅ Pool warmup completed, 3 connections created
2026-04-17 06:20:54.148 [INFO]     doris_mcp_server.utils.db:1288 - 🔄 Attempting pool recovery (attempt 1/3)
2026-04-17 06:20:54.248 [INFO]     doris_mcp_server.utils.db:1329 - ✅ Pool recovery successful on attempt 1
2026-04-17 06:20:54.248 [INFO]     doris_mcp_server.utils.db:1146 - 🔥 Warming up connection pool with 3 connections
2026-04-17 06:20:54.448 [INFO]     doris_mcp_server.utils.db:1167 - ✅ Pool warmup completed, 3 connections created
2026-04-17 06:37:25.814 [INFO]     doris_mcp_server.utils.db:1288 - 🔄 Attempting pool recovery (attempt 1/3)
2026-04-17 06:37:25.954 [INFO]     doris_mcp_server.utils.db:1329 - ✅ Pool recovery successful on attempt 1
2026-04-17 06:37:25.954 [INFO]     doris_mcp_server.utils.db:1146 - 🔥 Warming up connection pool with 3 connections
2026-04-17 06:37:26.153 [INFO]     doris_mcp_server.utils.db:1167 - ✅ Pool warmup completed, 3 connections created
2026-04-17 06:54:23.504 [INFO]     doris_mcp_server.utils.db:1288 - 🔄 Attempting pool recovery (attempt 1/3)
2026-04-17 06:54:23.605 [INFO]     doris_mcp_server.utils.db:1329 - ✅ Pool recovery successful on attempt 1
2026-04-17 06:54:23.605 [INFO]     doris_mcp_server.utils.db:1146 - 🔥 Warming up connection pool with 3 connections
2026-04-17 06:54:23.772 [INFO]     doris_mcp_server.utils.db:1167 - ✅ Pool warmup completed, 3 connections created
2026-04-17 07:06:08.109 [INFO]     doris_mcp_server.utils.db:1288 - 🔄 Attempting pool recovery (attempt 1/3)
2026-04-17 07:21:33.066 [INFO]     doris_mcp_server.utils.db:1329 - ✅ Pool recovery successful on attempt 1
2026-04-17 07:21:33.066 [INFO]     doris_mcp_server.utils.db:1146 - 🔥 Warming up connection pool with 3 connections
2026-04-17 07:21:33.270 [INFO]     doris_mcp_server.utils.db:1167 - ✅ Pool warmup completed, 3 connections created
2026-04-17 07:37:58.740 [INFO]     doris_mcp_server.utils.db:1288 - 🔄 Attempting pool recovery (attempt 1/3)
2026-04-17 07:37:58.887 [INFO]     doris_mcp_server.utils.db:1329 - ✅ Pool recovery successful on attempt 1
2026-04-17 07:37:58.888 [INFO]     doris_mcp_server.utils.db:1146 - 🔥 Warming up connection pool with 3 connections
2026-04-17 07:37:59.050 [INFO]     doris_mcp_server.utils.db:1167 - ✅ Pool warmup completed, 3 connections created
2026-04-17 07:54:42.821 [INFO]     doris_mcp_server.utils.db:1288 - 🔄 Attempting pool recovery (attempt 1/3)
2026-04-17 07:54:42.949 [INFO]     doris_mcp_server.utils.db:1329 - ✅ Pool recovery successful on attempt 1
2026-04-17 07:54:42.950 [INFO]     doris_mcp_server.utils.db:1146 - 🔥 Warming up connection pool with 3 connections
2026-04-17 07:54:43.124 [INFO]     doris_mcp_server.utils.db:1167 - ✅ Pool warmup completed, 3 connections created
2026-04-17 08:06:43.376 [INFO]     doris_mcp_server.utils.db:1288 - 🔄 Attempting pool recovery (attempt 1/3)
2026-04-17 08:06:43.467 [INFO]     doris_mcp_server.utils.db:1329 - ✅ Pool recovery successful on attempt 1
2026-04-17 08:06:43.467 [INFO]     doris_mcp_server.utils.db:1146 - 🔥 Warming up connection pool with 3 connections
2026-04-17 08:06:43.611 [INFO]     doris_mcp_server.utils.db:1167 - ✅ Pool warmup completed, 3 connections created
2026-04-17 08:22:33.821 [INFO]     doris_mcp_server.utils.db:1288 - 🔄 Attempting pool recovery (attempt 1/3)
2026-04-17 08:22:33.931 [INFO]     doris_mcp_server.utils.db:1329 - ✅ Pool recovery successful on attempt 1
2026-04-17 08:22:33.931 [INFO]     doris_mcp_server.utils.db:1146 - 🔥 Warming up connection pool with 3 connections
2026-04-17 08:22:34.108 [INFO]     doris_mcp_server.utils.db:1167 - ✅ Pool warmup completed, 3 connections created
2026-04-17 08:33:28.870 [INFO]     doris_mcp_server.utils.db:1288 - 🔄 Attempting pool recovery (attempt 1/3)
2026-04-17 08:33:31.982 [INFO]     doris_mcp_server.utils.db:1329 - ✅ Pool recovery successful on attempt 1
2026-04-17 08:33:31.982 [INFO]     doris_mcp_server.utils.db:1146 - 🔥 Warming up connection pool with 3 connections
2026-04-17 08:33:32.166 [INFO]     doris_mcp_server.utils.db:1167 - ✅ Pool warmup completed, 3 connections created
2026-04-17 10:08:23.632 [INFO]     doris_mcp_server.utils.db:1288 - 🔄 Attempting pool recovery (attempt 1/3)
2026-04-17 10:08:23.776 [INFO]     doris_mcp_server.utils.db:1329 - ✅ Pool recovery successful on attempt 1
2026-04-17 10:08:23.777 [INFO]     doris_mcp_server.utils.db:1146 - 🔥 Warming up connection pool with 3 connections
2026-04-17 10:08:23.987 [INFO]     doris_mcp_server.utils.db:1167 - ✅ Pool warmup completed, 3 connections created
2026-04-20 11:20:49.709 [INFO]     doris_mcp_server.utils.db:1288 - 🔄 Attempting pool recovery (attempt 1/3)
2026-04-20 11:20:52.849 [INFO]     doris_mcp_server.utils.db:1329 - ✅ Pool recovery successful on attempt 1
2026-04-20 11:20:52.850 [INFO]     doris_mcp_server.utils.db:1146 - 🔥 Warming up connection pool with 3 connections
2026-04-20 11:20:53.014 [INFO]     doris_mcp_server.utils.db:1167 - ✅ Pool warmup completed, 3 connections created
2026-04-20 11:38:09.711 [INFO]     doris_mcp_server.utils.db:1288 - 🔄 Attempting pool recovery (attempt 1/3)
2026-04-20 11:38:12.845 [INFO]     doris_mcp_server.utils.db:1329 - ✅ Pool recovery successful on attempt 1
2026-04-20 11:38:12.846 [INFO]     doris_mcp_server.utils.db:1146 - 🔥 Warming up connection pool with 3 connections
2026-04-20 11:38:13.000 [INFO]     doris_mcp_server.utils.db:1167 - ✅ Pool warmup completed, 3 connections created
2026-04-20 11:56:43.924 [INFO]     doris_mcp_server.utils.db:1288 - 🔄 Attempting pool recovery (attempt 1/3)
2026-04-20 11:56:44.052 [INFO]     doris_mcp_server.utils.db:1329 - ✅ Pool recovery successful on attempt 1
2026-04-20 11:56:44.053 [INFO]     doris_mcp_server.utils.db:1146 - 🔥 Warming up connection pool with 3 connections
2026-04-20 11:56:44.243 [INFO]     doris_mcp_server.utils.db:1167 - ✅ Pool warmup completed, 3 connections created
2026-04-20 12:18:58.982 [INFO]     doris_mcp_server.utils.db:1288 - 🔄 Attempting pool recovery (attempt 1/3)
2026-04-20 12:19:02.108 [INFO]     doris_mcp_server.utils.db:1329 - ✅ Pool recovery successful on attempt 1
2026-04-20 12:19:02.109 [INFO]     doris_mcp_server.utils.db:1146 - 🔥 Warming up connection pool with 3 connections
2026-04-20 12:19:02.270 [INFO]     doris_mcp_server.utils.db:1167 - ✅ Pool warmup completed, 3 connections created
2026-04-20 12:35:56.626 [INFO]     doris_mcp_server.utils.db:1288 - 🔄 Attempting pool recovery (attempt 1/3)
2026-04-20 12:35:56.712 [INFO]     doris_mcp_server.utils.db:1329 - ✅ Pool recovery successful on attempt 1
2026-04-20 12:35:56.713 [INFO]     doris_mcp_server.utils.db:1146 - 🔥 Warming up connection pool with 3 connections
2026-04-20 12:35:56.855 [INFO]     doris_mcp_server.utils.db:1167 - ✅ Pool warmup completed, 3 connections created
2026-04-20 12:54:00.066 [INFO]     doris_mcp_server.utils.db:1288 - 🔄 Attempting pool recovery (attempt 1/3)
2026-04-20 12:54:03.181 [INFO]     doris_mcp_server.utils.db:1329 - ✅ Pool recovery successful on attempt 1
2026-04-20 12:54:03.182 [INFO]     doris_mcp_server.utils.db:1146 - 🔥 Warming up connection pool with 3 connections
2026-04-20 12:54:03.345 [INFO]     doris_mcp_server.utils.db:1167 - ✅ Pool warmup completed, 3 connections created
2026-04-20 13:10:29.471 [INFO]     doris_mcp_server.utils.db:1288 - 🔄 Attempting pool recovery (attempt 1/3)
2026-04-20 13:10:32.564 [INFO]     doris_mcp_server.utils.db:1329 - ✅ Pool recovery successful on attempt 1
2026-04-20 13:10:32.564 [INFO]     doris_mcp_server.utils.db:1146 - 🔥 Warming up connection pool with 3 connections
2026-04-20 13:10:32.721 [INFO]     doris_mcp_server.utils.db:1167 - ✅ Pool warmup completed, 3 connections created
2026-04-20 13:28:40.538 [INFO]     doris_mcp_server.utils.db:1288 - 🔄 Attempting pool recovery (attempt 1/3)
2026-04-20 13:28:40.695 [INFO]     doris_mcp_server.utils.db:1329 - ✅ Pool recovery successful on attempt 1
2026-04-20 13:28:40.696 [INFO]     doris_mcp_server.utils.db:1146 - 🔥 Warming up connection pool with 3 connections
2026-04-20 13:28:40.877 [INFO]     doris_mcp_server.utils.db:1167 - ✅ Pool warmup completed, 3 connections created
2026-04-20 13:30:30.432 [INFO]     doris_mcp_server.utils.db:1288 - 🔄 Attempting pool recovery (attempt 1/3)
2026-04-20 13:30:30.566 [INFO]     doris_mcp_server.utils.db:1329 - ✅ Pool recovery successful on attempt 1
2026-04-20 13:30:30.567 [INFO]     doris_mcp_server.utils.db:1146 - 🔥 Warming up connection pool with 3 connections
2026-04-20 13:30:30.748 [INFO]     doris_mcp_server.utils.db:1167 - ✅ Pool warmup completed, 3 connections created
2026-04-20 15:16:17.342 [INFO]     doris_mcp_server.log_cleanup:163 - Log cleanup scheduler started - cleanup every 24h, max age 30 days
2026-04-20 15:16:17.343 [INFO]     doris_mcp_server.logger:427 - ================================================================================
2026-04-20 15:16:17.343 [INFO]     doris_mcp_server.logger:428 - Doris MCP Server Logging System Initialized
2026-04-20 15:16:17.343 [INFO]     doris_mcp_server.logger:429 - Log Level: INFO
2026-04-20 15:16:17.343 [INFO]     doris_mcp_server.logger:431 - Log Directory: /Users/a1/Documents/Office/code/ms-proj/logs
2026-04-20 15:16:17.343 [INFO]     doris_mcp_server.logger:434 - Console Logging: Disabled
2026-04-20 15:16:17.343 [INFO]     doris_mcp_server.logger:435 - File Logging: Enabled
2026-04-20 15:16:17.343 [INFO]     doris_mcp_server.logger:436 - Audit Logging: Enabled
2026-04-20 15:16:17.343 [INFO]     doris_mcp_server.logger:437 - Log Cleanup: Enabled
2026-04-20 15:16:17.343 [INFO]     doris_mcp_server.logger:439 - Cleanup Settings: Max age 30 days, interval 24h
2026-04-20 15:16:17.343 [INFO]     doris_mcp_server.logger:443 - ================================================================================
2026-04-20 15:16:17.343 [INFO]     doris_mcp_server.utils.config:948 - Enhanced logging system with cleanup initialized successfully
2026-04-20 15:16:17.343 [INFO]     doris_mcp_server.utils.config:949 - Log directory: logs
2026-04-20 15:16:17.343 [INFO]     doris_mcp_server.utils.config:950 - Log level: INFO
2026-04-20 15:16:17.343 [INFO]     doris_mcp_server.utils.config:951 - Audit logging: Enabled
2026-04-20 15:16:17.343 [INFO]     doris_mcp_server.utils.config:952 - Log cleanup: Enabled
2026-04-20 15:16:17.343 [INFO]     doris_mcp_server.utils.config:954 - Cleanup config: Max age 30 days, interval 24h
2026-04-20 15:16:17.343 [INFO]     doris_mcp_server.system:483 - System Information:
2026-04-20 15:16:17.343 [INFO]     doris_mcp_server.system:484 - Python Version: 3.12.13 (main, Mar  3 2026, 12:39:30) [Clang 17.0.0 (clang-1700.6.3.2)]
2026-04-20 15:16:17.343 [INFO]     doris_mcp_server.system:485 - Platform: darwin
2026-04-20 15:16:17.343 [INFO]     doris_mcp_server.system:486 - Working Directory: /Users/a1/Documents/Office/code/ms-proj
2026-04-20 15:16:17.343 [INFO]     doris_mcp_server.system:487 - Process ID: 40026
2026-04-20 15:16:17.343 [INFO]     doris_mcp_server.system:493 - Environment LOG_LEVEL: Not Set
2026-04-20 15:16:17.343 [INFO]     doris_mcp_server.system:493 - Environment LOG_FILE_PATH: Not Set
2026-04-20 15:16:17.343 [INFO]     doris_mcp_server.system:493 - Environment ENABLE_AUDIT: Not Set
2026-04-20 15:16:17.343 [INFO]     doris_mcp_server.system:493 - Environment AUDIT_FILE_PATH: Not Set
2026-04-20 15:16:17.343 [INFO]     doris_mcp_server.main:916 - Starting Doris MCP Server...
2026-04-20 15:16:17.343 [INFO]     doris_mcp_server.main:917 - Transport: stdio
2026-04-20 15:16:17.343 [INFO]     doris_mcp_server.main:918 - Log Level: INFO
2026-04-20 15:16:17.344 [INFO]     doris_mcp_server.utils.security:480 - All authentication methods are disabled - anonymous access allowed
2026-04-20 15:16:17.344 [INFO]     doris_mcp_server.utils.db:211 - Session  Cache initialized, save system session: False, save user session: False
2026-04-20 15:16:17.344 [INFO]     doris_mcp_server.utils.schema_extractor:105 - Loaded excluded database list: ['information_schema', 'mysql', 'performance_schema', 'sys', 'doris_metadata']
2026-04-20 15:16:17.344 [INFO]     doris_mcp_server.utils.data_governance_tools:45 - DataGovernanceTools initialized
2026-04-20 15:16:17.344 [INFO]     doris_mcp_server.utils.data_exploration_tools:45 - DataExplorationTools initialized
2026-04-20 15:16:17.344 [INFO]     doris_mcp_server.utils.data_quality_tools:50 - DataQualityTools initialized with atomic tools
2026-04-20 15:16:17.344 [INFO]     doris_mcp_server.utils.security_analytics_tools:39 - SecurityAnalyticsTools initialized
2026-04-20 15:16:17.344 [INFO]     doris_mcp_server.utils.dependency_analysis_tools:46 - DependencyAnalysisTools initialized
2026-04-20 15:16:17.344 [INFO]     doris_mcp_server.utils.performance_analytics_tools:46 - PerformanceAnalyticsTools initialized
2026-04-20 15:16:17.344 [INFO]     doris_mcp_server.tools.tools_manager:72 - DorisToolsManager initialized with business logic processors, v0.5.0 analytics tools, and ADBC query tools
2026-04-20 15:16:17.344 [INFO]     doris_mcp_server.main.DorisServer:428 - Starting Doris MCP Server (stdio mode)
2026-04-20 15:16:17.344 [INFO]     doris_mcp_server.utils.security:127 - DorisSecurityManager initialized successfully
2026-04-20 15:16:17.344 [INFO]     doris_mcp_server.main.DorisServer:433 - Security manager initialization completed
2026-04-20 15:16:17.344 [INFO]     doris_mcp_server.utils.db:950 - stdio mode database config validated: 124.71.61.163:19030
2026-04-20 15:16:17.344 [INFO]     doris_mcp_server.utils.db:960 - Testing database connectivity for stdio mode...
2026-04-20 15:16:17.607 [INFO]     doris_mcp_server.utils.db:1146 - 🔥 Warming up connection pool with 3 connections
2026-04-20 15:16:17.608 [INFO]     doris_mcp_server.utils.db:1180 - 🩺 Starting pool health monitor
2026-04-20 15:16:17.608 [INFO]     doris_mcp_server.utils.db:1194 - 🧹 Starting pool cleanup monitor
2026-04-20 15:16:17.834 [INFO]     doris_mcp_server.utils.db:1167 - ✅ Pool warmup completed, 3 connections created
2026-04-20 15:16:17.834 [INFO]     doris_mcp_server.utils.db:986 - Database connection established successfully for stdio mode
2026-04-20 15:16:17.834 [INFO]     doris_mcp_server.main.DorisServer:450 - Creating stdio_server transport...
2026-04-20 15:16:17.841 [INFO]     doris_mcp_server.main.DorisServer:456 - stdio_server streams created successfully
2026-04-20 15:16:17.841 [INFO]     doris_mcp_server.main.DorisServer:466 - Initialization options created successfully
2026-04-20 15:16:17.841 [INFO]     doris_mcp_server.main.DorisServer:469 - Starting to run MCP server...
2026-04-20 15:16:17.847 [INFO]     mcp.server.lowlevel.server:727 - Processing request of type ListToolsRequest
2026-04-20 15:16:17.848 [INFO]     doris_mcp_server.main.DorisServer:362 - Handling tool list request
2026-04-20 15:16:17.848 [INFO]     doris_mcp_server.main.DorisServer:364 - Returning 25 tools
2026-04-20 15:19:16.909 [INFO]     doris_mcp_server.log_cleanup:163 - Log cleanup scheduler started - cleanup every 24h, max age 30 days
2026-04-20 15:19:16.909 [INFO]     doris_mcp_server.logger:427 - ================================================================================
2026-04-20 15:19:16.910 [INFO]     doris_mcp_server.logger:428 - Doris MCP Server Logging System Initialized
2026-04-20 15:19:16.910 [INFO]     doris_mcp_server.logger:429 - Log Level: INFO
2026-04-20 15:19:16.910 [INFO]     doris_mcp_server.logger:431 - Log Directory: /Users/a1/Documents/Office/code/ms-proj/logs
2026-04-20 15:19:16.910 [INFO]     doris_mcp_server.logger:434 - Console Logging: Disabled
2026-04-20 15:19:16.910 [INFO]     doris_mcp_server.logger:435 - File Logging: Enabled
2026-04-20 15:19:16.910 [INFO]     doris_mcp_server.logger:436 - Audit Logging: Enabled
2026-04-20 15:19:16.910 [INFO]     doris_mcp_server.logger:437 - Log Cleanup: Enabled
2026-04-20 15:19:16.910 [INFO]     doris_mcp_server.logger:439 - Cleanup Settings: Max age 30 days, interval 24h
2026-04-20 15:19:16.910 [INFO]     doris_mcp_server.logger:443 - ================================================================================
2026-04-20 15:19:16.910 [INFO]     doris_mcp_server.utils.config:948 - Enhanced logging system with cleanup initialized successfully
2026-04-20 15:19:16.910 [INFO]     doris_mcp_server.utils.config:949 - Log directory: logs
2026-04-20 15:19:16.910 [INFO]     doris_mcp_server.utils.config:950 - Log level: INFO
2026-04-20 15:19:16.910 [INFO]     doris_mcp_server.utils.config:951 - Audit logging: Enabled
2026-04-20 15:19:16.910 [INFO]     doris_mcp_server.utils.config:952 - Log cleanup: Enabled
2026-04-20 15:19:16.910 [INFO]     doris_mcp_server.utils.config:954 - Cleanup config: Max age 30 days, interval 24h
2026-04-20 15:19:16.910 [INFO]     doris_mcp_server.system:483 - System Information:
2026-04-20 15:19:16.910 [INFO]     doris_mcp_server.system:484 - Python Version: 3.12.13 (main, Mar  3 2026, 12:39:30) [Clang 17.0.0 (clang-1700.6.3.2)]
2026-04-20 15:19:16.910 [INFO]     doris_mcp_server.system:485 - Platform: darwin
2026-04-20 15:19:16.910 [INFO]     doris_mcp_server.system:486 - Working Directory: /Users/a1/Documents/Office/code/ms-proj
2026-04-20 15:19:16.910 [INFO]     doris_mcp_server.system:487 - Process ID: 40385
2026-04-20 15:19:16.910 [INFO]     doris_mcp_server.system:493 - Environment LOG_LEVEL: Not Set
2026-04-20 15:19:16.910 [INFO]     doris_mcp_server.system:493 - Environment LOG_FILE_PATH: Not Set
2026-04-20 15:19:16.910 [INFO]     doris_mcp_server.system:493 - Environment ENABLE_AUDIT: Not Set
2026-04-20 15:19:16.910 [INFO]     doris_mcp_server.system:493 - Environment AUDIT_FILE_PATH: Not Set
2026-04-20 15:19:16.910 [INFO]     doris_mcp_server.main:916 - Starting Doris MCP Server...
2026-04-20 15:19:16.910 [INFO]     doris_mcp_server.main:917 - Transport: stdio
2026-04-20 15:19:16.910 [INFO]     doris_mcp_server.main:918 - Log Level: INFO
2026-04-20 15:19:16.910 [INFO]     doris_mcp_server.utils.security:480 - All authentication methods are disabled - anonymous access allowed
2026-04-20 15:19:16.911 [INFO]     doris_mcp_server.utils.db:211 - Session  Cache initialized, save system session: False, save user session: False
2026-04-20 15:19:16.911 [INFO]     doris_mcp_server.utils.schema_extractor:105 - Loaded excluded database list: ['information_schema', 'mysql', 'performance_schema', 'sys', 'doris_metadata']
2026-04-20 15:19:16.911 [INFO]     doris_mcp_server.utils.data_governance_tools:45 - DataGovernanceTools initialized
2026-04-20 15:19:16.911 [INFO]     doris_mcp_server.utils.data_exploration_tools:45 - DataExplorationTools initialized
2026-04-20 15:19:16.911 [INFO]     doris_mcp_server.utils.data_quality_tools:50 - DataQualityTools initialized with atomic tools
2026-04-20 15:19:16.911 [INFO]     doris_mcp_server.utils.security_analytics_tools:39 - SecurityAnalyticsTools initialized
2026-04-20 15:19:16.911 [INFO]     doris_mcp_server.utils.dependency_analysis_tools:46 - DependencyAnalysisTools initialized
2026-04-20 15:19:16.911 [INFO]     doris_mcp_server.utils.performance_analytics_tools:46 - PerformanceAnalyticsTools initialized
2026-04-20 15:19:16.911 [INFO]     doris_mcp_server.tools.tools_manager:72 - DorisToolsManager initialized with business logic processors, v0.5.0 analytics tools, and ADBC query tools
2026-04-20 15:19:16.911 [INFO]     doris_mcp_server.main.DorisServer:428 - Starting Doris MCP Server (stdio mode)
2026-04-20 15:19:16.911 [INFO]     doris_mcp_server.utils.security:127 - DorisSecurityManager initialized successfully
2026-04-20 15:19:16.911 [INFO]     doris_mcp_server.main.DorisServer:433 - Security manager initialization completed
2026-04-20 15:19:16.911 [INFO]     doris_mcp_server.utils.db:950 - stdio mode database config validated: 124.71.61.163:19030
2026-04-20 15:19:16.911 [INFO]     doris_mcp_server.utils.db:960 - Testing database connectivity for stdio mode...
2026-04-20 15:19:17.166 [INFO]     doris_mcp_server.utils.db:1146 - 🔥 Warming up connection pool with 3 connections
2026-04-20 15:19:17.166 [INFO]     doris_mcp_server.utils.db:1180 - 🩺 Starting pool health monitor
2026-04-20 15:19:17.167 [INFO]     doris_mcp_server.utils.db:1194 - 🧹 Starting pool cleanup monitor
2026-04-20 15:19:17.417 [INFO]     doris_mcp_server.utils.db:1167 - ✅ Pool warmup completed, 3 connections created
2026-04-20 15:19:17.417 [INFO]     doris_mcp_server.utils.db:986 - Database connection established successfully for stdio mode
2026-04-20 15:19:17.417 [INFO]     doris_mcp_server.main.DorisServer:450 - Creating stdio_server transport...
2026-04-20 15:19:17.422 [INFO]     doris_mcp_server.main.DorisServer:456 - stdio_server streams created successfully
2026-04-20 15:19:17.423 [INFO]     doris_mcp_server.main.DorisServer:466 - Initialization options created successfully
2026-04-20 15:19:17.423 [INFO]     doris_mcp_server.main.DorisServer:469 - Starting to run MCP server...
2026-04-20 15:19:17.425 [INFO]     mcp.server.lowlevel.server:727 - Processing request of type ListToolsRequest
2026-04-20 15:19:17.426 [INFO]     doris_mcp_server.main.DorisServer:362 - Handling tool list request
2026-04-20 15:19:17.426 [INFO]     doris_mcp_server.main.DorisServer:364 - Returning 25 tools
2026-04-20 16:32:23.395 [INFO]     doris_mcp_server.log_cleanup:163 - Log cleanup scheduler started - cleanup every 24h, max age 30 days
2026-04-20 16:32:23.395 [INFO]     doris_mcp_server.logger:427 - ================================================================================
2026-04-20 16:32:23.395 [INFO]     doris_mcp_server.logger:428 - Doris MCP Server Logging System Initialized
2026-04-20 16:32:23.395 [INFO]     doris_mcp_server.logger:429 - Log Level: INFO
2026-04-20 16:32:23.396 [INFO]     doris_mcp_server.logger:431 - Log Directory: /Users/a1/Documents/Office/code/ms-proj/logs
2026-04-20 16:32:23.396 [INFO]     doris_mcp_server.logger:434 - Console Logging: Disabled
2026-04-20 16:32:23.396 [INFO]     doris_mcp_server.logger:435 - File Logging: Enabled
2026-04-20 16:32:23.396 [INFO]     doris_mcp_server.logger:436 - Audit Logging: Enabled
2026-04-20 16:32:23.396 [INFO]     doris_mcp_server.logger:437 - Log Cleanup: Enabled
2026-04-20 16:32:23.396 [INFO]     doris_mcp_server.logger:439 - Cleanup Settings: Max age 30 days, interval 24h
2026-04-20 16:32:23.396 [INFO]     doris_mcp_server.logger:443 - ================================================================================
2026-04-20 16:32:23.396 [INFO]     doris_mcp_server.utils.config:948 - Enhanced logging system with cleanup initialized successfully
2026-04-20 16:32:23.396 [INFO]     doris_mcp_server.utils.config:949 - Log directory: logs
2026-04-20 16:32:23.396 [INFO]     doris_mcp_server.utils.config:950 - Log level: INFO
2026-04-20 16:32:23.396 [INFO]     doris_mcp_server.utils.config:951 - Audit logging: Enabled
2026-04-20 16:32:23.396 [INFO]     doris_mcp_server.utils.config:952 - Log cleanup: Enabled
2026-04-20 16:32:23.396 [INFO]     doris_mcp_server.utils.config:954 - Cleanup config: Max age 30 days, interval 24h
2026-04-20 16:32:23.396 [INFO]     doris_mcp_server.system:483 - System Information:
2026-04-20 16:32:23.396 [INFO]     doris_mcp_server.system:484 - Python Version: 3.12.13 (main, Mar  3 2026, 12:39:30) [Clang 17.0.0 (clang-1700.6.3.2)]
2026-04-20 16:32:23.396 [INFO]     doris_mcp_server.system:485 - Platform: darwin
2026-04-20 16:32:23.396 [INFO]     doris_mcp_server.system:486 - Working Directory: /Users/a1/Documents/Office/code/ms-proj
2026-04-20 16:32:23.396 [INFO]     doris_mcp_server.system:487 - Process ID: 46948
2026-04-20 16:32:23.396 [INFO]     doris_mcp_server.system:493 - Environment LOG_LEVEL: Not Set
2026-04-20 16:32:23.396 [INFO]     doris_mcp_server.system:493 - Environment LOG_FILE_PATH: Not Set
2026-04-20 16:32:23.396 [INFO]     doris_mcp_server.system:493 - Environment ENABLE_AUDIT: Not Set
2026-04-20 16:32:23.396 [INFO]     doris_mcp_server.system:493 - Environment AUDIT_FILE_PATH: Not Set
2026-04-20 16:32:23.396 [INFO]     doris_mcp_server.main:916 - Starting Doris MCP Server...
2026-04-20 16:32:23.396 [INFO]     doris_mcp_server.main:917 - Transport: stdio
2026-04-20 16:32:23.396 [INFO]     doris_mcp_server.main:918 - Log Level: INFO
2026-04-20 16:32:23.396 [INFO]     doris_mcp_server.utils.security:480 - All authentication methods are disabled - anonymous access allowed
2026-04-20 16:32:23.396 [INFO]     doris_mcp_server.utils.db:211 - Session  Cache initialized, save system session: False, save user session: False
2026-04-20 16:32:23.397 [INFO]     doris_mcp_server.utils.schema_extractor:105 - Loaded excluded database list: ['information_schema', 'mysql', 'performance_schema', 'sys', 'doris_metadata']
2026-04-20 16:32:23.397 [INFO]     doris_mcp_server.utils.data_governance_tools:45 - DataGovernanceTools initialized
2026-04-20 16:32:23.397 [INFO]     doris_mcp_server.utils.data_exploration_tools:45 - DataExplorationTools initialized
2026-04-20 16:32:23.397 [INFO]     doris_mcp_server.utils.data_quality_tools:50 - DataQualityTools initialized with atomic tools
2026-04-20 16:32:23.397 [INFO]     doris_mcp_server.utils.security_analytics_tools:39 - SecurityAnalyticsTools initialized
2026-04-20 16:32:23.397 [INFO]     doris_mcp_server.utils.dependency_analysis_tools:46 - DependencyAnalysisTools initialized
2026-04-20 16:32:23.397 [INFO]     doris_mcp_server.utils.performance_analytics_tools:46 - PerformanceAnalyticsTools initialized
2026-04-20 16:32:23.397 [INFO]     doris_mcp_server.tools.tools_manager:72 - DorisToolsManager initialized with business logic processors, v0.5.0 analytics tools, and ADBC query tools
2026-04-20 16:32:23.397 [INFO]     doris_mcp_server.main.DorisServer:428 - Starting Doris MCP Server (stdio mode)
2026-04-20 16:32:23.397 [INFO]     doris_mcp_server.utils.security:127 - DorisSecurityManager initialized successfully
2026-04-20 16:32:23.397 [INFO]     doris_mcp_server.main.DorisServer:433 - Security manager initialization completed
2026-04-20 16:32:23.397 [INFO]     doris_mcp_server.utils.db:950 - stdio mode database config validated: 124.71.61.163:19030
2026-04-20 16:32:23.397 [INFO]     doris_mcp_server.utils.db:960 - Testing database connectivity for stdio mode...
2026-04-20 16:32:23.615 [INFO]     doris_mcp_server.utils.db:1146 - 🔥 Warming up connection pool with 3 connections
2026-04-20 16:32:23.616 [INFO]     doris_mcp_server.utils.db:1180 - 🩺 Starting pool health monitor
2026-04-20 16:32:23.616 [INFO]     doris_mcp_server.utils.db:1194 - 🧹 Starting pool cleanup monitor
2026-04-20 16:32:23.812 [INFO]     doris_mcp_server.utils.db:1167 - ✅ Pool warmup completed, 3 connections created
2026-04-20 16:32:23.812 [INFO]     doris_mcp_server.utils.db:986 - Database connection established successfully for stdio mode
2026-04-20 16:32:23.812 [INFO]     doris_mcp_server.main.DorisServer:450 - Creating stdio_server transport...
2026-04-20 16:32:23.816 [INFO]     doris_mcp_server.main.DorisServer:456 - stdio_server streams created successfully
2026-04-20 16:32:23.816 [INFO]     doris_mcp_server.main.DorisServer:466 - Initialization options created successfully
2026-04-20 16:32:23.816 [INFO]     doris_mcp_server.main.DorisServer:469 - Starting to run MCP server...
2026-04-20 16:32:23.820 [INFO]     mcp.server.lowlevel.server:727 - Processing request of type ListToolsRequest
2026-04-20 16:32:23.820 [INFO]     doris_mcp_server.main.DorisServer:362 - Handling tool list request
2026-04-20 16:32:23.820 [INFO]     doris_mcp_server.main.DorisServer:364 - Returning 25 tools
2026-04-20 17:23:19.757 [INFO]     doris_mcp_server.utils.db:1288 - 🔄 Attempting pool recovery (attempt 1/3)
2026-04-20 17:23:22.922 [INFO]     doris_mcp_server.utils.db:1329 - ✅ Pool recovery successful on attempt 1
2026-04-20 17:23:22.922 [INFO]     doris_mcp_server.utils.db:1146 - 🔥 Warming up connection pool with 3 connections
2026-04-20 17:23:23.081 [INFO]     doris_mcp_server.utils.db:1167 - ✅ Pool warmup completed, 3 connections created
2026-04-20 18:25:23.377 [INFO]     doris_mcp_server.utils.db:1288 - 🔄 Attempting pool recovery (attempt 1/3)
2026-04-20 18:25:26.489 [INFO]     doris_mcp_server.utils.db:1329 - ✅ Pool recovery successful on attempt 1
2026-04-20 18:25:26.490 [INFO]     doris_mcp_server.utils.db:1146 - 🔥 Warming up connection pool with 3 connections
2026-04-20 18:25:26.722 [INFO]     doris_mcp_server.utils.db:1167 - ✅ Pool warmup completed, 3 connections created
2026-04-20 18:42:32.130 [INFO]     doris_mcp_server.utils.db:1288 - 🔄 Attempting pool recovery (attempt 1/3)
2026-04-20 18:42:35.233 [INFO]     doris_mcp_server.utils.db:1329 - ✅ Pool recovery successful on attempt 1
2026-04-20 18:42:35.233 [INFO]     doris_mcp_server.utils.db:1146 - 🔥 Warming up connection pool with 3 connections
2026-04-20 18:42:35.398 [INFO]     doris_mcp_server.utils.db:1167 - ✅ Pool warmup completed, 3 connections created
2026-04-20 18:59:42.123 [INFO]     doris_mcp_server.utils.db:1288 - 🔄 Attempting pool recovery (attempt 1/3)
2026-04-20 18:59:42.213 [INFO]     doris_mcp_server.utils.db:1329 - ✅ Pool recovery successful on attempt 1
2026-04-20 18:59:42.214 [INFO]     doris_mcp_server.utils.db:1146 - 🔥 Warming up connection pool with 3 connections
2026-04-20 18:59:42.384 [INFO]     doris_mcp_server.utils.db:1167 - ✅ Pool warmup completed, 3 connections created
2026-04-20 19:17:18.309 [INFO]     doris_mcp_server.utils.db:1288 - 🔄 Attempting pool recovery (attempt 1/3)
2026-04-20 19:33:01.098 [INFO]     doris_mcp_server.utils.db:1329 - ✅ Pool recovery successful on attempt 1
2026-04-20 19:33:01.098 [INFO]     doris_mcp_server.utils.db:1146 - 🔥 Warming up connection pool with 3 connections
2026-04-20 19:33:01.242 [INFO]     doris_mcp_server.utils.db:1167 - ✅ Pool warmup completed, 3 connections created
2026-04-20 19:52:59.523 [INFO]     doris_mcp_server.utils.db:1288 - 🔄 Attempting pool recovery (attempt 1/3)
2026-04-20 19:53:02.639 [INFO]     doris_mcp_server.utils.db:1329 - ✅ Pool recovery successful on attempt 1
2026-04-20 19:53:02.640 [INFO]     doris_mcp_server.utils.db:1146 - 🔥 Warming up connection pool with 3 connections
2026-04-20 19:53:02.824 [INFO]     doris_mcp_server.utils.db:1167 - ✅ Pool warmup completed, 3 connections created
2026-04-20 20:08:21.206 [INFO]     doris_mcp_server.utils.db:1288 - 🔄 Attempting pool recovery (attempt 1/3)
2026-04-20 20:08:21.310 [INFO]     doris_mcp_server.utils.db:1329 - ✅ Pool recovery successful on attempt 1
2026-04-20 20:08:21.310 [INFO]     doris_mcp_server.utils.db:1146 - 🔥 Warming up connection pool with 3 connections
2026-04-20 20:08:21.477 [INFO]     doris_mcp_server.utils.db:1167 - ✅ Pool warmup completed, 3 connections created
2026-04-20 20:41:40.532 [INFO]     doris_mcp_server.utils.db:1288 - 🔄 Attempting pool recovery (attempt 1/3)
2026-04-20 20:41:43.661 [INFO]     doris_mcp_server.utils.db:1329 - ✅ Pool recovery successful on attempt 1
2026-04-20 20:41:43.661 [INFO]     doris_mcp_server.utils.db:1146 - 🔥 Warming up connection pool with 3 connections
2026-04-20 20:41:44.089 [INFO]     doris_mcp_server.utils.db:1167 - ✅ Pool warmup completed, 3 connections created
2026-04-20 21:04:09.148 [INFO]     doris_mcp_server.utils.db:1288 - 🔄 Attempting pool recovery (attempt 1/3)
2026-04-20 21:04:09.234 [INFO]     doris_mcp_server.utils.db:1329 - ✅ Pool recovery successful on attempt 1
2026-04-20 21:04:09.235 [INFO]     doris_mcp_server.utils.db:1146 - 🔥 Warming up connection pool with 3 connections
2026-04-20 21:04:09.414 [INFO]     doris_mcp_server.utils.db:1167 - ✅ Pool warmup completed, 3 connections created
2026-04-20 21:09:05.539 [INFO]     doris_mcp_server.utils.db:1288 - 🔄 Attempting pool recovery (attempt 1/3)
2026-04-20 21:09:05.635 [INFO]     doris_mcp_server.utils.db:1329 - ✅ Pool recovery successful on attempt 1
2026-04-20 21:09:05.636 [INFO]     doris_mcp_server.utils.db:1146 - 🔥 Warming up connection pool with 3 connections
2026-04-20 21:09:05.826 [INFO]     doris_mcp_server.utils.db:1167 - ✅ Pool warmup completed, 3 connections created
2026-04-20 21:26:25.993 [INFO]     doris_mcp_server.utils.db:1288 - 🔄 Attempting pool recovery (attempt 1/3)
2026-04-20 21:26:29.099 [INFO]     doris_mcp_server.utils.db:1329 - ✅ Pool recovery successful on attempt 1
2026-04-20 21:26:29.100 [INFO]     doris_mcp_server.utils.db:1146 - 🔥 Warming up connection pool with 3 connections
2026-04-20 21:26:29.265 [INFO]     doris_mcp_server.utils.db:1167 - ✅ Pool warmup completed, 3 connections created
2026-04-20 21:43:56.883 [INFO]     doris_mcp_server.utils.db:1288 - 🔄 Attempting pool recovery (attempt 1/3)
2026-04-20 21:43:59.984 [INFO]     doris_mcp_server.utils.db:1329 - ✅ Pool recovery successful on attempt 1
2026-04-20 21:43:59.984 [INFO]     doris_mcp_server.utils.db:1146 - 🔥 Warming up connection pool with 3 connections
2026-04-20 21:44:00.154 [INFO]     doris_mcp_server.utils.db:1167 - ✅ Pool warmup completed, 3 connections created
2026-04-20 22:01:54.243 [INFO]     doris_mcp_server.utils.db:1288 - 🔄 Attempting pool recovery (attempt 1/3)
2026-04-20 22:01:54.333 [INFO]     doris_mcp_server.utils.db:1329 - ✅ Pool recovery successful on attempt 1
2026-04-20 22:01:54.333 [INFO]     doris_mcp_server.utils.db:1146 - 🔥 Warming up connection pool with 3 connections
2026-04-20 22:01:54.521 [INFO]     doris_mcp_server.utils.db:1167 - ✅ Pool warmup completed, 3 connections created
2026-04-20 22:10:00.780 [INFO]     doris_mcp_server.utils.db:1288 - 🔄 Attempting pool recovery (attempt 1/3)
2026-04-20 22:10:00.908 [INFO]     doris_mcp_server.utils.db:1329 - ✅ Pool recovery successful on attempt 1
2026-04-20 22:10:00.908 [INFO]     doris_mcp_server.utils.db:1146 - 🔥 Warming up connection pool with 3 connections
2026-04-20 22:10:01.078 [INFO]     doris_mcp_server.utils.db:1167 - ✅ Pool warmup completed, 3 connections created
2026-04-20 22:25:52.287 [INFO]     doris_mcp_server.utils.db:1288 - 🔄 Attempting pool recovery (attempt 1/3)
2026-04-20 22:25:52.404 [INFO]     doris_mcp_server.utils.db:1329 - ✅ Pool recovery successful on attempt 1
2026-04-20 22:25:52.404 [INFO]     doris_mcp_server.utils.db:1146 - 🔥 Warming up connection pool with 3 connections
2026-04-20 22:25:52.623 [INFO]     doris_mcp_server.utils.db:1167 - ✅ Pool warmup completed, 3 connections created
2026-04-20 22:43:17.742 [INFO]     doris_mcp_server.utils.db:1288 - 🔄 Attempting pool recovery (attempt 1/3)
2026-04-20 22:43:17.863 [INFO]     doris_mcp_server.utils.db:1329 - ✅ Pool recovery successful on attempt 1
2026-04-20 22:43:17.863 [INFO]     doris_mcp_server.utils.db:1146 - 🔥 Warming up connection pool with 3 connections
2026-04-20 22:43:18.062 [INFO]     doris_mcp_server.utils.db:1167 - ✅ Pool warmup completed, 3 connections created
2026-04-20 23:10:37.187 [INFO]     doris_mcp_server.utils.db:1288 - 🔄 Attempting pool recovery (attempt 1/3)
2026-04-20 23:10:40.288 [INFO]     doris_mcp_server.utils.db:1329 - ✅ Pool recovery successful on attempt 1
2026-04-20 23:10:40.289 [INFO]     doris_mcp_server.utils.db:1146 - 🔥 Warming up connection pool with 3 connections
2026-04-20 23:10:40.496 [INFO]     doris_mcp_server.utils.db:1167 - ✅ Pool warmup completed, 3 connections created
2026-04-20 23:28:06.556 [INFO]     doris_mcp_server.utils.db:1288 - 🔄 Attempting pool recovery (attempt 1/3)
2026-04-20 23:28:06.717 [INFO]     doris_mcp_server.utils.db:1329 - ✅ Pool recovery successful on attempt 1
2026-04-20 23:28:06.717 [INFO]     doris_mcp_server.utils.db:1146 - 🔥 Warming up connection pool with 3 connections
2026-04-20 23:28:06.897 [INFO]     doris_mcp_server.utils.db:1167 - ✅ Pool warmup completed, 3 connections created
2026-04-20 23:45:16.854 [INFO]     doris_mcp_server.utils.db:1288 - 🔄 Attempting pool recovery (attempt 1/3)
2026-04-20 23:45:16.973 [INFO]     doris_mcp_server.utils.db:1329 - ✅ Pool recovery successful on attempt 1
2026-04-20 23:45:16.973 [INFO]     doris_mcp_server.utils.db:1146 - 🔥 Warming up connection pool with 3 connections
2026-04-20 23:45:17.145 [INFO]     doris_mcp_server.utils.db:1167 - ✅ Pool warmup completed, 3 connections created
2026-04-21 00:01:13.706 [INFO]     doris_mcp_server.utils.db:1288 - 🔄 Attempting pool recovery (attempt 1/3)
2026-04-21 00:01:13.845 [INFO]     doris_mcp_server.utils.db:1329 - ✅ Pool recovery successful on attempt 1
2026-04-21 00:01:13.846 [INFO]     doris_mcp_server.utils.db:1146 - 🔥 Warming up connection pool with 3 connections
2026-04-21 00:01:14.004 [INFO]     doris_mcp_server.utils.db:1167 - ✅ Pool warmup completed, 3 connections created
2026-04-21 00:12:02.015 [INFO]     doris_mcp_server.utils.db:1288 - 🔄 Attempting pool recovery (attempt 1/3)
2026-04-21 00:12:05.140 [INFO]     doris_mcp_server.utils.db:1329 - ✅ Pool recovery successful on attempt 1
2026-04-21 00:12:05.140 [INFO]     doris_mcp_server.utils.db:1146 - 🔥 Warming up connection pool with 3 connections
2026-04-21 00:12:05.315 [INFO]     doris_mcp_server.utils.db:1167 - ✅ Pool warmup completed, 3 connections created
2026-04-21 00:28:42.441 [INFO]     doris_mcp_server.utils.db:1288 - 🔄 Attempting pool recovery (attempt 1/3)
2026-04-21 00:28:45.573 [INFO]     doris_mcp_server.utils.db:1329 - ✅ Pool recovery successful on attempt 1
2026-04-21 00:28:45.574 [INFO]     doris_mcp_server.utils.db:1146 - 🔥 Warming up connection pool with 3 connections
2026-04-21 00:28:45.746 [INFO]     doris_mcp_server.utils.db:1167 - ✅ Pool warmup completed, 3 connections created
2026-04-21 00:44:47.436 [INFO]     doris_mcp_server.utils.db:1288 - 🔄 Attempting pool recovery (attempt 1/3)
2026-04-21 00:44:47.572 [INFO]     doris_mcp_server.utils.db:1329 - ✅ Pool recovery successful on attempt 1
2026-04-21 00:44:47.573 [INFO]     doris_mcp_server.utils.db:1146 - 🔥 Warming up connection pool with 3 connections
2026-04-21 00:44:47.785 [INFO]     doris_mcp_server.utils.db:1167 - ✅ Pool warmup completed, 3 connections created
2026-04-21 01:00:45.527 [INFO]     doris_mcp_server.utils.db:1288 - 🔄 Attempting pool recovery (attempt 1/3)
2026-04-21 01:00:45.634 [INFO]     doris_mcp_server.utils.db:1329 - ✅ Pool recovery successful on attempt 1
2026-04-21 01:00:45.634 [INFO]     doris_mcp_server.utils.db:1146 - 🔥 Warming up connection pool with 3 connections
2026-04-21 01:00:45.834 [INFO]     doris_mcp_server.utils.db:1167 - ✅ Pool warmup completed, 3 connections created
2026-04-21 01:16:40.813 [INFO]     doris_mcp_server.utils.db:1288 - 🔄 Attempting pool recovery (attempt 1/3)
2026-04-21 01:16:40.917 [INFO]     doris_mcp_server.utils.db:1329 - ✅ Pool recovery successful on attempt 1
2026-04-21 01:16:40.918 [INFO]     doris_mcp_server.utils.db:1146 - 🔥 Warming up connection pool with 3 connections
2026-04-21 01:16:41.092 [INFO]     doris_mcp_server.utils.db:1167 - ✅ Pool warmup completed, 3 connections created
2026-04-21 01:34:09.377 [INFO]     doris_mcp_server.utils.db:1288 - 🔄 Attempting pool recovery (attempt 1/3)
2026-04-21 01:34:12.488 [INFO]     doris_mcp_server.utils.db:1329 - ✅ Pool recovery successful on attempt 1
2026-04-21 01:34:12.488 [INFO]     doris_mcp_server.utils.db:1146 - 🔥 Warming up connection pool with 3 connections
2026-04-21 01:34:12.682 [INFO]     doris_mcp_server.utils.db:1167 - ✅ Pool warmup completed, 3 connections created
2026-04-21 01:51:16.369 [INFO]     doris_mcp_server.utils.db:1288 - 🔄 Attempting pool recovery (attempt 1/3)
2026-04-21 01:51:19.506 [INFO]     doris_mcp_server.utils.db:1329 - ✅ Pool recovery successful on attempt 1
2026-04-21 01:51:19.507 [INFO]     doris_mcp_server.utils.db:1146 - 🔥 Warming up connection pool with 3 connections
2026-04-21 01:51:19.683 [INFO]     doris_mcp_server.utils.db:1167 - ✅ Pool warmup completed, 3 connections created
2026-04-21 02:25:29.617 [INFO]     doris_mcp_server.utils.db:1288 - 🔄 Attempting pool recovery (attempt 1/3)
2026-04-21 02:25:32.741 [INFO]     doris_mcp_server.utils.db:1329 - ✅ Pool recovery successful on attempt 1
2026-04-21 02:25:32.742 [INFO]     doris_mcp_server.utils.db:1146 - 🔥 Warming up connection pool with 3 connections
2026-04-21 02:25:32.909 [INFO]     doris_mcp_server.utils.db:1167 - ✅ Pool warmup completed, 3 connections created
2026-04-21 02:43:26.221 [INFO]     doris_mcp_server.utils.db:1288 - 🔄 Attempting pool recovery (attempt 1/3)
2026-04-21 02:43:26.337 [INFO]     doris_mcp_server.utils.db:1329 - ✅ Pool recovery successful on attempt 1
2026-04-21 02:43:26.338 [INFO]     doris_mcp_server.utils.db:1146 - 🔥 Warming up connection pool with 3 connections
2026-04-21 02:43:26.513 [INFO]     doris_mcp_server.utils.db:1167 - ✅ Pool warmup completed, 3 connections created
2026-04-21 02:59:24.656 [INFO]     doris_mcp_server.utils.db:1288 - 🔄 Attempting pool recovery (attempt 1/3)
2026-04-21 02:59:27.764 [INFO]     doris_mcp_server.utils.db:1329 - ✅ Pool recovery successful on attempt 1
2026-04-21 02:59:27.765 [INFO]     doris_mcp_server.utils.db:1146 - 🔥 Warming up connection pool with 3 connections
2026-04-21 02:59:27.964 [INFO]     doris_mcp_server.utils.db:1167 - ✅ Pool warmup completed, 3 connections created
2026-04-21 03:17:44.834 [INFO]     doris_mcp_server.utils.db:1288 - 🔄 Attempting pool recovery (attempt 1/3)
2026-04-21 03:17:47.961 [INFO]     doris_mcp_server.utils.db:1329 - ✅ Pool recovery successful on attempt 1
2026-04-21 03:17:47.961 [INFO]     doris_mcp_server.utils.db:1146 - 🔥 Warming up connection pool with 3 connections
2026-04-21 03:17:48.140 [INFO]     doris_mcp_server.utils.db:1167 - ✅ Pool warmup completed, 3 connections created
2026-04-21 03:34:11.305 [INFO]     doris_mcp_server.utils.db:1288 - 🔄 Attempting pool recovery (attempt 1/3)
2026-04-21 03:34:14.429 [INFO]     doris_mcp_server.utils.db:1329 - ✅ Pool recovery successful on attempt 1
2026-04-21 03:34:14.430 [INFO]     doris_mcp_server.utils.db:1146 - 🔥 Warming up connection pool with 3 connections
2026-04-21 03:34:14.622 [INFO]     doris_mcp_server.utils.db:1167 - ✅ Pool warmup completed, 3 connections created
2026-04-21 03:50:58.152 [INFO]     doris_mcp_server.utils.db:1288 - 🔄 Attempting pool recovery (attempt 1/3)
2026-04-21 03:50:58.258 [INFO]     doris_mcp_server.utils.db:1329 - ✅ Pool recovery successful on attempt 1
2026-04-21 03:50:58.259 [INFO]     doris_mcp_server.utils.db:1146 - 🔥 Warming up connection pool with 3 connections
2026-04-21 03:50:58.410 [INFO]     doris_mcp_server.utils.db:1167 - ✅ Pool warmup completed, 3 connections created
2026-04-21 04:03:47.441 [INFO]     doris_mcp_server.utils.db:1288 - 🔄 Attempting pool recovery (attempt 1/3)
2026-04-21 04:03:47.567 [INFO]     doris_mcp_server.utils.db:1329 - ✅ Pool recovery successful on attempt 1
2026-04-21 04:03:47.568 [INFO]     doris_mcp_server.utils.db:1146 - 🔥 Warming up connection pool with 3 connections
2026-04-21 04:03:47.748 [INFO]     doris_mcp_server.utils.db:1167 - ✅ Pool warmup completed, 3 connections created
2026-04-21 04:20:52.550 [INFO]     doris_mcp_server.utils.db:1288 - 🔄 Attempting pool recovery (attempt 1/3)
2026-04-21 04:20:55.712 [INFO]     doris_mcp_server.utils.db:1329 - ✅ Pool recovery successful on attempt 1
2026-04-21 04:20:55.713 [INFO]     doris_mcp_server.utils.db:1146 - 🔥 Warming up connection pool with 3 connections
2026-04-21 04:20:55.896 [INFO]     doris_mcp_server.utils.db:1167 - ✅ Pool warmup completed, 3 connections created
2026-04-21 04:37:17.394 [INFO]     doris_mcp_server.utils.db:1288 - 🔄 Attempting pool recovery (attempt 1/3)
2026-04-21 04:37:20.501 [INFO]     doris_mcp_server.utils.db:1329 - ✅ Pool recovery successful on attempt 1
2026-04-21 04:37:20.501 [INFO]     doris_mcp_server.utils.db:1146 - 🔥 Warming up connection pool with 3 connections
2026-04-21 04:37:20.685 [INFO]     doris_mcp_server.utils.db:1167 - ✅ Pool warmup completed, 3 connections created
2026-04-21 04:53:41.013 [INFO]     doris_mcp_server.utils.db:1288 - 🔄 Attempting pool recovery (attempt 1/3)
2026-04-21 04:53:44.115 [INFO]     doris_mcp_server.utils.db:1329 - ✅ Pool recovery successful on attempt 1
2026-04-21 04:53:44.116 [INFO]     doris_mcp_server.utils.db:1146 - 🔥 Warming up connection pool with 3 connections
2026-04-21 04:53:44.297 [INFO]     doris_mcp_server.utils.db:1167 - ✅ Pool warmup completed, 3 connections created
2026-04-21 05:10:56.137 [INFO]     doris_mcp_server.utils.db:1288 - 🔄 Attempting pool recovery (attempt 1/3)
2026-04-21 05:10:56.236 [INFO]     doris_mcp_server.utils.db:1329 - ✅ Pool recovery successful on attempt 1
2026-04-21 05:10:56.237 [INFO]     doris_mcp_server.utils.db:1146 - 🔥 Warming up connection pool with 3 connections
2026-04-21 05:10:56.402 [INFO]     doris_mcp_server.utils.db:1167 - ✅ Pool warmup completed, 3 connections created
2026-04-21 05:28:16.370 [INFO]     doris_mcp_server.utils.db:1288 - 🔄 Attempting pool recovery (attempt 1/3)
2026-04-21 05:28:16.487 [INFO]     doris_mcp_server.utils.db:1329 - ✅ Pool recovery successful on attempt 1
2026-04-21 05:28:16.487 [INFO]     doris_mcp_server.utils.db:1146 - 🔥 Warming up connection pool with 3 connections
2026-04-21 05:28:16.671 [INFO]     doris_mcp_server.utils.db:1167 - ✅ Pool warmup completed, 3 connections created
2026-04-21 05:44:58.994 [INFO]     doris_mcp_server.utils.db:1288 - 🔄 Attempting pool recovery (attempt 1/3)
2026-04-21 05:45:03.100 [INFO]     doris_mcp_server.utils.db:1329 - ✅ Pool recovery successful on attempt 1
2026-04-21 05:45:03.101 [INFO]     doris_mcp_server.utils.db:1146 - 🔥 Warming up connection pool with 3 connections
2026-04-21 06:01:34.053 [INFO]     doris_mcp_server.utils.db:1167 - ✅ Pool warmup completed, 3 connections created
2026-04-21 06:22:22.910 [INFO]     doris_mcp_server.utils.db:1288 - 🔄 Attempting pool recovery (attempt 1/3)
2026-04-21 06:38:52.650 [INFO]     doris_mcp_server.utils.db:1329 - ✅ Pool recovery successful on attempt 1
2026-04-21 06:38:52.651 [INFO]     doris_mcp_server.utils.db:1146 - 🔥 Warming up connection pool with 3 connections
2026-04-21 06:38:52.849 [INFO]     doris_mcp_server.utils.db:1167 - ✅ Pool warmup completed, 3 connections created
2026-04-21 06:57:05.196 [INFO]     doris_mcp_server.utils.db:1288 - 🔄 Attempting pool recovery (attempt 1/3)
2026-04-21 07:05:13.989 [INFO]     doris_mcp_server.utils.db:1329 - ✅ Pool recovery successful on attempt 1
2026-04-21 07:05:13.989 [INFO]     doris_mcp_server.utils.db:1146 - 🔥 Warming up connection pool with 3 connections
2026-04-21 07:05:14.172 [INFO]     doris_mcp_server.utils.db:1167 - ✅ Pool warmup completed, 3 connections created
2026-04-21 07:21:49.428 [INFO]     doris_mcp_server.utils.db:1288 - 🔄 Attempting pool recovery (attempt 1/3)
2026-04-21 07:21:49.554 [INFO]     doris_mcp_server.utils.db:1329 - ✅ Pool recovery successful on attempt 1
2026-04-21 07:21:49.555 [INFO]     doris_mcp_server.utils.db:1146 - 🔥 Warming up connection pool with 3 connections
2026-04-21 07:21:49.730 [INFO]     doris_mcp_server.utils.db:1167 - ✅ Pool warmup completed, 3 connections created
2026-04-21 07:37:40.003 [INFO]     doris_mcp_server.utils.db:1288 - 🔄 Attempting pool recovery (attempt 1/3)
2026-04-21 07:37:40.134 [INFO]     doris_mcp_server.utils.db:1329 - ✅ Pool recovery successful on attempt 1
2026-04-21 07:37:40.135 [INFO]     doris_mcp_server.utils.db:1146 - 🔥 Warming up connection pool with 3 connections
2026-04-21 07:37:40.318 [INFO]     doris_mcp_server.utils.db:1167 - ✅ Pool warmup completed, 3 connections created
2026-04-21 07:54:23.781 [INFO]     doris_mcp_server.utils.db:1288 - 🔄 Attempting pool recovery (attempt 1/3)
2026-04-21 07:54:23.863 [INFO]     doris_mcp_server.utils.db:1329 - ✅ Pool recovery successful on attempt 1
2026-04-21 07:54:23.863 [INFO]     doris_mcp_server.utils.db:1146 - 🔥 Warming up connection pool with 3 connections
2026-04-21 07:54:24.060 [INFO]     doris_mcp_server.utils.db:1167 - ✅ Pool warmup completed, 3 connections created
2026-04-21 08:06:36.740 [INFO]     doris_mcp_server.utils.db:1288 - 🔄 Attempting pool recovery (attempt 1/3)
2026-04-21 08:06:39.854 [INFO]     doris_mcp_server.utils.db:1329 - ✅ Pool recovery successful on attempt 1
2026-04-21 08:06:39.855 [INFO]     doris_mcp_server.utils.db:1146 - 🔥 Warming up connection pool with 3 connections
2026-04-21 08:06:40.065 [INFO]     doris_mcp_server.utils.db:1167 - ✅ Pool warmup completed, 3 connections created
2026-04-21 08:23:12.231 [INFO]     doris_mcp_server.utils.db:1288 - 🔄 Attempting pool recovery (attempt 1/3)
2026-04-21 08:23:15.357 [INFO]     doris_mcp_server.utils.db:1329 - ✅ Pool recovery successful on attempt 1
2026-04-21 08:23:15.357 [INFO]     doris_mcp_server.utils.db:1146 - 🔥 Warming up connection pool with 3 connections
2026-04-21 08:23:15.495 [INFO]     doris_mcp_server.utils.db:1167 - ✅ Pool warmup completed, 3 connections created
2026-04-21 08:36:41.168 [INFO]     doris_mcp_server.utils.db:1288 - 🔄 Attempting pool recovery (attempt 1/3)
2026-04-21 08:36:41.275 [INFO]     doris_mcp_server.utils.db:1329 - ✅ Pool recovery successful on attempt 1
2026-04-21 08:36:41.276 [INFO]     doris_mcp_server.utils.db:1146 - 🔥 Warming up connection pool with 3 connections
2026-04-21 08:36:41.485 [INFO]     doris_mcp_server.utils.db:1167 - ✅ Pool warmup completed, 3 connections created
2026-04-21 09:13:55.573 [INFO]     doris_mcp_server.utils.db:1288 - 🔄 Attempting pool recovery (attempt 1/3)
2026-04-21 09:13:58.703 [INFO]     doris_mcp_server.utils.db:1329 - ✅ Pool recovery successful on attempt 1
2026-04-21 09:13:58.704 [INFO]     doris_mcp_server.utils.db:1146 - 🔥 Warming up connection pool with 3 connections
2026-04-21 09:13:58.865 [INFO]     doris_mcp_server.utils.db:1167 - ✅ Pool warmup completed, 3 connections created
2026-04-21 10:02:29.191 [INFO]     doris_mcp_server.utils.db:1288 - 🔄 Attempting pool recovery (attempt 1/3)
2026-04-21 10:02:32.291 [INFO]     doris_mcp_server.utils.db:1329 - ✅ Pool recovery successful on attempt 1
2026-04-21 10:02:32.291 [INFO]     doris_mcp_server.utils.db:1146 - 🔥 Warming up connection pool with 3 connections
2026-04-21 10:02:32.465 [INFO]     doris_mcp_server.utils.db:1167 - ✅ Pool warmup completed, 3 connections created
2026-04-21 10:27:32.052 [INFO]     doris_mcp_server.utils.db:1288 - 🔄 Attempting pool recovery (attempt 1/3)
2026-04-21 10:27:32.580 [INFO]     doris_mcp_server.utils.db:1329 - ✅ Pool recovery successful on attempt 1
2026-04-21 10:27:32.581 [INFO]     doris_mcp_server.utils.db:1146 - 🔥 Warming up connection pool with 3 connections
2026-04-21 10:27:33.403 [INFO]     doris_mcp_server.utils.db:1167 - ✅ Pool warmup completed, 3 connections created
2026-04-21 14:27:45.006 [INFO]     doris_mcp_server.utils.db:1288 - 🔄 Attempting pool recovery (attempt 1/3)
2026-04-21 14:27:45.129 [INFO]     doris_mcp_server.utils.db:1329 - ✅ Pool recovery successful on attempt 1
2026-04-21 14:27:45.130 [INFO]     doris_mcp_server.utils.db:1146 - 🔥 Warming up connection pool with 3 connections
2026-04-21 14:27:45.303 [INFO]     doris_mcp_server.utils.db:1167 - ✅ Pool warmup completed, 3 connections created
2026-04-21 17:25:57.079 [INFO]     doris_mcp_server.log_cleanup:163 - Log cleanup scheduler started - cleanup every 24h, max age 30 days
2026-04-21 17:25:57.079 [INFO]     doris_mcp_server.logger:427 - ================================================================================
2026-04-21 17:25:57.079 [INFO]     doris_mcp_server.logger:428 - Doris MCP Server Logging System Initialized
2026-04-21 17:25:57.079 [INFO]     doris_mcp_server.logger:429 - Log Level: INFO
2026-04-21 17:25:57.079 [INFO]     doris_mcp_server.logger:431 - Log Directory: /Users/a1/Documents/Office/code/ms-proj/logs
2026-04-21 17:25:57.079 [INFO]     doris_mcp_server.logger:434 - Console Logging: Disabled
2026-04-21 17:25:57.079 [INFO]     doris_mcp_server.logger:435 - File Logging: Enabled
2026-04-21 17:25:57.079 [INFO]     doris_mcp_server.logger:436 - Audit Logging: Enabled
2026-04-21 17:25:57.079 [INFO]     doris_mcp_server.logger:437 - Log Cleanup: Enabled
2026-04-21 17:25:57.079 [INFO]     doris_mcp_server.logger:439 - Cleanup Settings: Max age 30 days, interval 24h
2026-04-21 17:25:57.079 [INFO]     doris_mcp_server.logger:443 - ================================================================================
2026-04-21 17:25:57.079 [INFO]     doris_mcp_server.utils.config:948 - Enhanced logging system with cleanup initialized successfully
2026-04-21 17:25:57.079 [INFO]     doris_mcp_server.utils.config:949 - Log directory: logs
2026-04-21 17:25:57.080 [INFO]     doris_mcp_server.utils.config:950 - Log level: INFO
2026-04-21 17:25:57.080 [INFO]     doris_mcp_server.utils.config:951 - Audit logging: Enabled
2026-04-21 17:25:57.080 [INFO]     doris_mcp_server.utils.config:952 - Log cleanup: Enabled
2026-04-21 17:25:57.080 [INFO]     doris_mcp_server.utils.config:954 - Cleanup config: Max age 30 days, interval 24h
2026-04-21 17:25:57.080 [INFO]     doris_mcp_server.system:483 - System Information:
2026-04-21 17:25:57.080 [INFO]     doris_mcp_server.system:484 - Python Version: 3.12.13 (main, Mar  3 2026, 12:39:30) [Clang 17.0.0 (clang-1700.6.3.2)]
2026-04-21 17:25:57.080 [INFO]     doris_mcp_server.system:485 - Platform: darwin
2026-04-21 17:25:57.080 [INFO]     doris_mcp_server.system:486 - Working Directory: /Users/a1/Documents/Office/code/ms-proj
2026-04-21 17:25:57.080 [INFO]     doris_mcp_server.system:487 - Process ID: 72413
2026-04-21 17:25:57.080 [INFO]     doris_mcp_server.system:493 - Environment LOG_LEVEL: Not Set
2026-04-21 17:25:57.080 [INFO]     doris_mcp_server.system:493 - Environment LOG_FILE_PATH: Not Set
2026-04-21 17:25:57.080 [INFO]     doris_mcp_server.system:493 - Environment ENABLE_AUDIT: Not Set
2026-04-21 17:25:57.080 [INFO]     doris_mcp_server.system:493 - Environment AUDIT_FILE_PATH: Not Set
2026-04-21 17:25:57.080 [INFO]     doris_mcp_server.main:916 - Starting Doris MCP Server...
2026-04-21 17:25:57.080 [INFO]     doris_mcp_server.main:917 - Transport: stdio
2026-04-21 17:25:57.080 [INFO]     doris_mcp_server.main:918 - Log Level: INFO
2026-04-21 17:25:57.080 [INFO]     doris_mcp_server.utils.security:480 - All authentication methods are disabled - anonymous access allowed
2026-04-21 17:25:57.080 [INFO]     doris_mcp_server.utils.db:211 - Session  Cache initialized, save system session: False, save user session: False
2026-04-21 17:25:57.080 [INFO]     doris_mcp_server.utils.schema_extractor:105 - Loaded excluded database list: ['information_schema', 'mysql', 'performance_schema', 'sys', 'doris_metadata']
2026-04-21 17:25:57.080 [INFO]     doris_mcp_server.utils.data_governance_tools:45 - DataGovernanceTools initialized
2026-04-21 17:25:57.080 [INFO]     doris_mcp_server.utils.data_exploration_tools:45 - DataExplorationTools initialized
2026-04-21 17:25:57.080 [INFO]     doris_mcp_server.utils.data_quality_tools:50 - DataQualityTools initialized with atomic tools
2026-04-21 17:25:57.080 [INFO]     doris_mcp_server.utils.security_analytics_tools:39 - SecurityAnalyticsTools initialized
2026-04-21 17:25:57.081 [INFO]     doris_mcp_server.utils.dependency_analysis_tools:46 - DependencyAnalysisTools initialized
2026-04-21 17:25:57.081 [INFO]     doris_mcp_server.utils.performance_analytics_tools:46 - PerformanceAnalyticsTools initialized
2026-04-21 17:25:57.081 [INFO]     doris_mcp_server.tools.tools_manager:72 - DorisToolsManager initialized with business logic processors, v0.5.0 analytics tools, and ADBC query tools
2026-04-21 17:25:57.081 [INFO]     doris_mcp_server.main.DorisServer:428 - Starting Doris MCP Server (stdio mode)
2026-04-21 17:25:57.081 [INFO]     doris_mcp_server.utils.security:127 - DorisSecurityManager initialized successfully
2026-04-21 17:25:57.081 [INFO]     doris_mcp_server.main.DorisServer:433 - Security manager initialization completed
2026-04-21 17:25:57.081 [INFO]     doris_mcp_server.utils.db:950 - stdio mode database config validated: 124.71.61.163:19030
2026-04-21 17:25:57.081 [INFO]     doris_mcp_server.utils.db:960 - Testing database connectivity for stdio mode...
2026-04-21 17:25:57.330 [INFO]     doris_mcp_server.utils.db:1146 - 🔥 Warming up connection pool with 3 connections
2026-04-21 17:25:57.331 [INFO]     doris_mcp_server.utils.db:1180 - 🩺 Starting pool health monitor
2026-04-21 17:25:57.331 [INFO]     doris_mcp_server.utils.db:1194 - 🧹 Starting pool cleanup monitor
2026-04-21 17:25:57.493 [INFO]     doris_mcp_server.utils.db:1167 - ✅ Pool warmup completed, 3 connections created
2026-04-21 17:25:57.493 [INFO]     doris_mcp_server.utils.db:986 - Database connection established successfully for stdio mode
2026-04-21 17:25:57.493 [INFO]     doris_mcp_server.main.DorisServer:450 - Creating stdio_server transport...
2026-04-21 17:25:57.498 [INFO]     doris_mcp_server.main.DorisServer:456 - stdio_server streams created successfully
2026-04-21 17:25:57.498 [INFO]     doris_mcp_server.main.DorisServer:466 - Initialization options created successfully
2026-04-21 17:25:57.499 [INFO]     doris_mcp_server.main.DorisServer:469 - Starting to run MCP server...
2026-04-21 17:25:57.505 [INFO]     mcp.server.lowlevel.server:727 - Processing request of type ListToolsRequest
2026-04-21 17:25:57.505 [INFO]     doris_mcp_server.main.DorisServer:362 - Handling tool list request
2026-04-21 17:25:57.505 [INFO]     doris_mcp_server.main.DorisServer:364 - Returning 25 tools
2026-04-21 17:36:14.315 [INFO]     doris_mcp_server.utils.db:1288 - 🔄 Attempting pool recovery (attempt 1/3)
2026-04-21 17:36:17.437 [INFO]     doris_mcp_server.utils.db:1329 - ✅ Pool recovery successful on attempt 1
2026-04-21 17:36:17.437 [INFO]     doris_mcp_server.utils.db:1146 - 🔥 Warming up connection pool with 3 connections
2026-04-21 17:36:17.612 [INFO]     doris_mcp_server.utils.db:1167 - ✅ Pool warmup completed, 3 connections created
2026-04-21 18:23:12.385 [INFO]     doris_mcp_server.utils.db:1288 - 🔄 Attempting pool recovery (attempt 1/3)
2026-04-21 18:23:15.481 [INFO]     doris_mcp_server.utils.db:1329 - ✅ Pool recovery successful on attempt 1
2026-04-21 18:23:15.481 [INFO]     doris_mcp_server.utils.db:1146 - 🔥 Warming up connection pool with 3 connections
2026-04-21 18:23:15.677 [INFO]     doris_mcp_server.utils.db:1167 - ✅ Pool warmup completed, 3 connections created
2026-04-21 18:41:47.340 [INFO]     doris_mcp_server.utils.db:1288 - 🔄 Attempting pool recovery (attempt 1/3)
2026-04-21 18:41:50.437 [INFO]     doris_mcp_server.utils.db:1329 - ✅ Pool recovery successful on attempt 1
2026-04-21 18:41:50.438 [INFO]     doris_mcp_server.utils.db:1146 - 🔥 Warming up connection pool with 3 connections
2026-04-21 18:41:50.668 [INFO]     doris_mcp_server.utils.db:1167 - ✅ Pool warmup completed, 3 connections created
2026-04-21 18:57:54.720 [INFO]     doris_mcp_server.utils.db:1288 - 🔄 Attempting pool recovery (attempt 1/3)
2026-04-21 18:57:58.080 [INFO]     doris_mcp_server.utils.db:1329 - ✅ Pool recovery successful on attempt 1
2026-04-21 18:57:58.081 [INFO]     doris_mcp_server.utils.db:1146 - 🔥 Warming up connection pool with 3 connections
2026-04-21 18:57:58.299 [INFO]     doris_mcp_server.utils.db:1167 - ✅ Pool warmup completed, 3 connections created
2026-04-21 19:15:55.479 [INFO]     doris_mcp_server.utils.db:1288 - 🔄 Attempting pool recovery (attempt 1/3)
2026-04-21 19:15:55.598 [INFO]     doris_mcp_server.utils.db:1329 - ✅ Pool recovery successful on attempt 1
2026-04-21 19:15:55.598 [INFO]     doris_mcp_server.utils.db:1146 - 🔥 Warming up connection pool with 3 connections
2026-04-21 19:15:55.785 [INFO]     doris_mcp_server.utils.db:1167 - ✅ Pool warmup completed, 3 connections created
2026-04-21 19:31:50.438 [INFO]     doris_mcp_server.utils.db:1288 - 🔄 Attempting pool recovery (attempt 1/3)
2026-04-21 19:31:50.540 [INFO]     doris_mcp_server.utils.db:1329 - ✅ Pool recovery successful on attempt 1
2026-04-21 19:31:50.540 [INFO]     doris_mcp_server.utils.db:1146 - 🔥 Warming up connection pool with 3 connections
2026-04-21 19:31:50.723 [INFO]     doris_mcp_server.utils.db:1167 - ✅ Pool warmup completed, 3 connections created
2026-04-21 19:50:05.312 [INFO]     doris_mcp_server.utils.db:1288 - 🔄 Attempting pool recovery (attempt 1/3)
2026-04-21 19:50:05.404 [INFO]     doris_mcp_server.utils.db:1329 - ✅ Pool recovery successful on attempt 1
2026-04-21 19:50:05.405 [INFO]     doris_mcp_server.utils.db:1146 - 🔥 Warming up connection pool with 3 connections
2026-04-21 19:50:05.614 [INFO]     doris_mcp_server.utils.db:1167 - ✅ Pool warmup completed, 3 connections created
2026-04-21 20:05:45.504 [INFO]     doris_mcp_server.utils.db:1288 - 🔄 Attempting pool recovery (attempt 1/3)
2026-04-21 20:05:48.603 [INFO]     doris_mcp_server.utils.db:1329 - ✅ Pool recovery successful on attempt 1
2026-04-21 20:05:48.603 [INFO]     doris_mcp_server.utils.db:1146 - 🔥 Warming up connection pool with 3 connections
2026-04-21 20:05:48.796 [INFO]     doris_mcp_server.utils.db:1167 - ✅ Pool warmup completed, 3 connections created
2026-04-21 20:25:37.457 [INFO]     doris_mcp_server.utils.db:1288 - 🔄 Attempting pool recovery (attempt 1/3)
2026-04-21 20:25:40.587 [INFO]     doris_mcp_server.utils.db:1329 - ✅ Pool recovery successful on attempt 1
2026-04-21 20:25:40.587 [INFO]     doris_mcp_server.utils.db:1146 - 🔥 Warming up connection pool with 3 connections
2026-04-21 20:25:40.760 [INFO]     doris_mcp_server.utils.db:1167 - ✅ Pool warmup completed, 3 connections created
2026-04-21 20:41:34.977 [INFO]     doris_mcp_server.utils.db:1288 - 🔄 Attempting pool recovery (attempt 1/3)
2026-04-21 20:41:35.067 [INFO]     doris_mcp_server.utils.db:1329 - ✅ Pool recovery successful on attempt 1
2026-04-21 20:41:35.067 [INFO]     doris_mcp_server.utils.db:1146 - 🔥 Warming up connection pool with 3 connections
2026-04-21 20:41:35.250 [INFO]     doris_mcp_server.utils.db:1167 - ✅ Pool warmup completed, 3 connections created
2026-04-21 20:58:28.186 [INFO]     doris_mcp_server.utils.db:1288 - 🔄 Attempting pool recovery (attempt 1/3)
2026-04-21 20:58:28.322 [INFO]     doris_mcp_server.utils.db:1329 - ✅ Pool recovery successful on attempt 1
2026-04-21 20:58:28.323 [INFO]     doris_mcp_server.utils.db:1146 - 🔥 Warming up connection pool with 3 connections
2026-04-21 20:58:28.520 [INFO]     doris_mcp_server.utils.db:1167 - ✅ Pool warmup completed, 3 connections created
2026-04-21 21:07:00.023 [INFO]     doris_mcp_server.utils.db:1288 - 🔄 Attempting pool recovery (attempt 1/3)
2026-04-21 21:07:00.124 [INFO]     doris_mcp_server.utils.db:1329 - ✅ Pool recovery successful on attempt 1
2026-04-21 21:07:00.125 [INFO]     doris_mcp_server.utils.db:1146 - 🔥 Warming up connection pool with 3 connections
2026-04-21 21:07:00.298 [INFO]     doris_mcp_server.utils.db:1167 - ✅ Pool warmup completed, 3 connections created
2026-04-21 21:23:47.430 [INFO]     doris_mcp_server.utils.db:1288 - 🔄 Attempting pool recovery (attempt 1/3)
2026-04-21 21:23:50.549 [INFO]     doris_mcp_server.utils.db:1329 - ✅ Pool recovery successful on attempt 1
2026-04-21 21:23:50.549 [INFO]     doris_mcp_server.utils.db:1146 - 🔥 Warming up connection pool with 3 connections
2026-04-21 21:23:50.746 [INFO]     doris_mcp_server.utils.db:1167 - ✅ Pool warmup completed, 3 connections created
2026-04-21 21:40:36.986 [INFO]     doris_mcp_server.utils.db:1288 - 🔄 Attempting pool recovery (attempt 1/3)
2026-04-21 21:40:40.088 [INFO]     doris_mcp_server.utils.db:1329 - ✅ Pool recovery successful on attempt 1
2026-04-21 21:40:40.088 [INFO]     doris_mcp_server.utils.db:1146 - 🔥 Warming up connection pool with 3 connections
2026-04-21 21:40:40.295 [INFO]     doris_mcp_server.utils.db:1167 - ✅ Pool warmup completed, 3 connections created
2026-04-21 21:57:23.252 [INFO]     doris_mcp_server.utils.db:1288 - 🔄 Attempting pool recovery (attempt 1/3)
2026-04-21 21:57:23.358 [INFO]     doris_mcp_server.utils.db:1329 - ✅ Pool recovery successful on attempt 1
2026-04-21 21:57:23.358 [INFO]     doris_mcp_server.utils.db:1146 - 🔥 Warming up connection pool with 3 connections
2026-04-21 21:57:23.542 [INFO]     doris_mcp_server.utils.db:1167 - ✅ Pool warmup completed, 3 connections created
2026-04-21 22:08:00.980 [INFO]     doris_mcp_server.utils.db:1288 - 🔄 Attempting pool recovery (attempt 1/3)
2026-04-21 22:08:01.066 [INFO]     doris_mcp_server.utils.db:1329 - ✅ Pool recovery successful on attempt 1
2026-04-21 22:08:01.067 [INFO]     doris_mcp_server.utils.db:1146 - 🔥 Warming up connection pool with 3 connections
2026-04-21 22:08:01.258 [INFO]     doris_mcp_server.utils.db:1167 - ✅ Pool warmup completed, 3 connections created
2026-04-21 22:25:34.749 [INFO]     doris_mcp_server.utils.db:1288 - 🔄 Attempting pool recovery (attempt 1/3)
2026-04-21 22:25:34.906 [INFO]     doris_mcp_server.utils.db:1329 - ✅ Pool recovery successful on attempt 1
2026-04-21 22:25:34.907 [INFO]     doris_mcp_server.utils.db:1146 - 🔥 Warming up connection pool with 3 connections
2026-04-21 22:25:35.099 [INFO]     doris_mcp_server.utils.db:1167 - ✅ Pool warmup completed, 3 connections created
2026-04-21 22:43:24.504 [INFO]     doris_mcp_server.utils.db:1288 - 🔄 Attempting pool recovery (attempt 1/3)
2026-04-21 22:43:24.598 [INFO]     doris_mcp_server.utils.db:1329 - ✅ Pool recovery successful on attempt 1
2026-04-21 22:43:24.598 [INFO]     doris_mcp_server.utils.db:1146 - 🔥 Warming up connection pool with 3 connections
2026-04-21 22:43:24.812 [INFO]     doris_mcp_server.utils.db:1167 - ✅ Pool warmup completed, 3 connections created
2026-04-21 22:59:20.439 [INFO]     doris_mcp_server.utils.db:1288 - 🔄 Attempting pool recovery (attempt 1/3)
2026-04-21 22:59:23.561 [INFO]     doris_mcp_server.utils.db:1329 - ✅ Pool recovery successful on attempt 1
2026-04-21 22:59:23.561 [INFO]     doris_mcp_server.utils.db:1146 - 🔥 Warming up connection pool with 3 connections
2026-04-21 22:59:23.749 [INFO]     doris_mcp_server.utils.db:1167 - ✅ Pool warmup completed, 3 connections created
2026-04-21 23:15:52.524 [INFO]     doris_mcp_server.utils.db:1288 - 🔄 Attempting pool recovery (attempt 1/3)
2026-04-21 23:15:55.647 [INFO]     doris_mcp_server.utils.db:1329 - ✅ Pool recovery successful on attempt 1
2026-04-21 23:15:55.648 [INFO]     doris_mcp_server.utils.db:1146 - 🔥 Warming up connection pool with 3 connections
2026-04-21 23:15:55.829 [INFO]     doris_mcp_server.utils.db:1167 - ✅ Pool warmup completed, 3 connections created
2026-04-21 23:31:58.034 [INFO]     doris_mcp_server.utils.db:1288 - 🔄 Attempting pool recovery (attempt 1/3)
2026-04-21 23:31:58.150 [INFO]     doris_mcp_server.utils.db:1329 - ✅ Pool recovery successful on attempt 1
2026-04-21 23:31:58.151 [INFO]     doris_mcp_server.utils.db:1146 - 🔥 Warming up connection pool with 3 connections
2026-04-21 23:31:58.313 [INFO]     doris_mcp_server.utils.db:1167 - ✅ Pool warmup completed, 3 connections created
2026-04-21 23:48:04.735 [INFO]     doris_mcp_server.utils.db:1288 - 🔄 Attempting pool recovery (attempt 1/3)
2026-04-21 23:48:04.867 [INFO]     doris_mcp_server.utils.db:1329 - ✅ Pool recovery successful on attempt 1
2026-04-21 23:48:04.868 [INFO]     doris_mcp_server.utils.db:1146 - 🔥 Warming up connection pool with 3 connections
2026-04-21 23:48:05.050 [INFO]     doris_mcp_server.utils.db:1167 - ✅ Pool warmup completed, 3 connections created
2026-04-22 00:04:24.035 [INFO]     doris_mcp_server.utils.db:1288 - 🔄 Attempting pool recovery (attempt 1/3)
2026-04-22 00:04:24.145 [INFO]     doris_mcp_server.utils.db:1329 - ✅ Pool recovery successful on attempt 1
2026-04-22 00:04:24.146 [INFO]     doris_mcp_server.utils.db:1146 - 🔥 Warming up connection pool with 3 connections
2026-04-22 00:04:24.321 [INFO]     doris_mcp_server.utils.db:1167 - ✅ Pool warmup completed, 3 connections created
2026-04-22 00:20:51.651 [INFO]     doris_mcp_server.utils.db:1288 - 🔄 Attempting pool recovery (attempt 1/3)
2026-04-22 00:20:54.752 [INFO]     doris_mcp_server.utils.db:1329 - ✅ Pool recovery successful on attempt 1
2026-04-22 00:20:54.752 [INFO]     doris_mcp_server.utils.db:1146 - 🔥 Warming up connection pool with 3 connections
2026-04-22 00:20:54.951 [INFO]     doris_mcp_server.utils.db:1167 - ✅ Pool warmup completed, 3 connections created
2026-04-22 00:36:48.086 [INFO]     doris_mcp_server.utils.db:1288 - 🔄 Attempting pool recovery (attempt 1/3)
2026-04-22 00:36:51.207 [INFO]     doris_mcp_server.utils.db:1329 - ✅ Pool recovery successful on attempt 1
2026-04-22 00:36:51.208 [INFO]     doris_mcp_server.utils.db:1146 - 🔥 Warming up connection pool with 3 connections
2026-04-22 00:36:51.338 [INFO]     doris_mcp_server.utils.db:1167 - ✅ Pool warmup completed, 3 connections created
2026-04-22 00:53:42.922 [INFO]     doris_mcp_server.utils.db:1288 - 🔄 Attempting pool recovery (attempt 1/3)
2026-04-22 00:53:43.027 [INFO]     doris_mcp_server.utils.db:1329 - ✅ Pool recovery successful on attempt 1
2026-04-22 00:53:43.027 [INFO]     doris_mcp_server.utils.db:1146 - 🔥 Warming up connection pool with 3 connections
2026-04-22 00:53:43.178 [INFO]     doris_mcp_server.utils.db:1167 - ✅ Pool warmup completed, 3 connections created
2026-04-22 01:11:20.155 [INFO]     doris_mcp_server.utils.db:1288 - 🔄 Attempting pool recovery (attempt 1/3)
2026-04-22 01:11:20.252 [INFO]     doris_mcp_server.utils.db:1329 - ✅ Pool recovery successful on attempt 1
2026-04-22 01:11:20.252 [INFO]     doris_mcp_server.utils.db:1146 - 🔥 Warming up connection pool with 3 connections
2026-04-22 01:11:20.417 [INFO]     doris_mcp_server.utils.db:1167 - ✅ Pool warmup completed, 3 connections created
2026-04-22 01:27:52.584 [INFO]     doris_mcp_server.utils.db:1288 - 🔄 Attempting pool recovery (attempt 1/3)
2026-04-22 01:27:52.706 [INFO]     doris_mcp_server.utils.db:1329 - ✅ Pool recovery successful on attempt 1
2026-04-22 01:27:52.707 [INFO]     doris_mcp_server.utils.db:1146 - 🔥 Warming up connection pool with 3 connections
2026-04-22 01:27:52.900 [INFO]     doris_mcp_server.utils.db:1167 - ✅ Pool warmup completed, 3 connections created
2026-04-22 01:40:39.973 [INFO]     doris_mcp_server.utils.db:1288 - 🔄 Attempting pool recovery (attempt 1/3)
2026-04-22 01:40:43.082 [INFO]     doris_mcp_server.utils.db:1329 - ✅ Pool recovery successful on attempt 1
2026-04-22 01:40:43.082 [INFO]     doris_mcp_server.utils.db:1146 - 🔥 Warming up connection pool with 3 connections
2026-04-22 01:40:43.295 [INFO]     doris_mcp_server.utils.db:1167 - ✅ Pool warmup completed, 3 connections created
2026-04-22 01:57:01.819 [INFO]     doris_mcp_server.utils.db:1288 - 🔄 Attempting pool recovery (attempt 1/3)
2026-04-22 01:57:04.929 [INFO]     doris_mcp_server.utils.db:1329 - ✅ Pool recovery successful on attempt 1
2026-04-22 01:57:04.929 [INFO]     doris_mcp_server.utils.db:1146 - 🔥 Warming up connection pool with 3 connections
2026-04-22 01:57:05.123 [INFO]     doris_mcp_server.utils.db:1167 - ✅ Pool warmup completed, 3 connections created
2026-04-22 02:13:18.252 [INFO]     doris_mcp_server.utils.db:1288 - 🔄 Attempting pool recovery (attempt 1/3)
2026-04-22 02:13:18.362 [INFO]     doris_mcp_server.utils.db:1329 - ✅ Pool recovery successful on attempt 1
2026-04-22 02:13:18.362 [INFO]     doris_mcp_server.utils.db:1146 - 🔥 Warming up connection pool with 3 connections
2026-04-22 02:13:18.521 [INFO]     doris_mcp_server.utils.db:1167 - ✅ Pool warmup completed, 3 connections created
2026-04-22 02:30:45.743 [INFO]     doris_mcp_server.utils.db:1288 - 🔄 Attempting pool recovery (attempt 1/3)
2026-04-22 02:30:45.850 [INFO]     doris_mcp_server.utils.db:1329 - ✅ Pool recovery successful on attempt 1
2026-04-22 02:30:45.851 [INFO]     doris_mcp_server.utils.db:1146 - 🔥 Warming up connection pool with 3 connections
2026-04-22 02:30:46.019 [INFO]     doris_mcp_server.utils.db:1167 - ✅ Pool warmup completed, 3 connections created
2026-04-22 02:47:23.868 [INFO]     doris_mcp_server.utils.db:1288 - 🔄 Attempting pool recovery (attempt 1/3)
2026-04-22 02:47:23.988 [INFO]     doris_mcp_server.utils.db:1329 - ✅ Pool recovery successful on attempt 1
2026-04-22 02:47:23.989 [INFO]     doris_mcp_server.utils.db:1146 - 🔥 Warming up connection pool with 3 connections
2026-04-22 02:47:24.139 [INFO]     doris_mcp_server.utils.db:1167 - ✅ Pool warmup completed, 3 connections created
2026-04-22 03:03:44.194 [INFO]     doris_mcp_server.utils.db:1288 - 🔄 Attempting pool recovery (attempt 1/3)
2026-04-22 03:03:47.310 [INFO]     doris_mcp_server.utils.db:1329 - ✅ Pool recovery successful on attempt 1
2026-04-22 03:03:47.311 [INFO]     doris_mcp_server.utils.db:1146 - 🔥 Warming up connection pool with 3 connections
2026-04-22 03:03:47.463 [INFO]     doris_mcp_server.utils.db:1167 - ✅ Pool warmup completed, 3 connections created
2026-04-22 03:21:33.318 [INFO]     doris_mcp_server.utils.db:1288 - 🔄 Attempting pool recovery (attempt 1/3)
2026-04-22 03:21:36.429 [INFO]     doris_mcp_server.utils.db:1329 - ✅ Pool recovery successful on attempt 1
2026-04-22 03:21:36.429 [INFO]     doris_mcp_server.utils.db:1146 - 🔥 Warming up connection pool with 3 connections
2026-04-22 03:21:36.635 [INFO]     doris_mcp_server.utils.db:1167 - ✅ Pool warmup completed, 3 connections created
2026-04-22 03:39:07.821 [INFO]     doris_mcp_server.utils.db:1288 - 🔄 Attempting pool recovery (attempt 1/3)
2026-04-22 03:39:07.946 [INFO]     doris_mcp_server.utils.db:1329 - ✅ Pool recovery successful on attempt 1
2026-04-22 03:39:07.946 [INFO]     doris_mcp_server.utils.db:1146 - 🔥 Warming up connection pool with 3 connections
2026-04-22 03:39:08.103 [INFO]     doris_mcp_server.utils.db:1167 - ✅ Pool warmup completed, 3 connections created
2026-04-22 03:56:15.592 [INFO]     doris_mcp_server.utils.db:1288 - 🔄 Attempting pool recovery (attempt 1/3)
2026-04-22 03:57:35.419 [INFO]     doris_mcp_server.utils.db:1329 - ✅ Pool recovery successful on attempt 1
2026-04-22 03:57:35.420 [INFO]     doris_mcp_server.utils.db:1146 - 🔥 Warming up connection pool with 3 connections
2026-04-22 03:57:35.629 [INFO]     doris_mcp_server.utils.db:1167 - ✅ Pool warmup completed, 3 connections created
2026-04-22 04:14:10.815 [INFO]     doris_mcp_server.utils.db:1288 - 🔄 Attempting pool recovery (attempt 1/3)
2026-04-22 04:14:13.923 [INFO]     doris_mcp_server.utils.db:1329 - ✅ Pool recovery successful on attempt 1
2026-04-22 04:14:13.924 [INFO]     doris_mcp_server.utils.db:1146 - 🔥 Warming up connection pool with 3 connections
2026-04-22 04:14:14.111 [INFO]     doris_mcp_server.utils.db:1167 - ✅ Pool warmup completed, 3 connections created
2026-04-22 04:32:56.845 [INFO]     doris_mcp_server.utils.db:1288 - 🔄 Attempting pool recovery (attempt 1/3)
2026-04-22 04:32:59.955 [INFO]     doris_mcp_server.utils.db:1329 - ✅ Pool recovery successful on attempt 1
2026-04-22 04:32:59.955 [INFO]     doris_mcp_server.utils.db:1146 - 🔥 Warming up connection pool with 3 connections
2026-04-22 04:33:00.134 [INFO]     doris_mcp_server.utils.db:1167 - ✅ Pool warmup completed, 3 connections created
2026-04-22 04:50:32.157 [INFO]     doris_mcp_server.utils.db:1288 - 🔄 Attempting pool recovery (attempt 1/3)
2026-04-22 04:50:35.273 [INFO]     doris_mcp_server.utils.db:1329 - ✅ Pool recovery successful on attempt 1
2026-04-22 04:50:35.273 [INFO]     doris_mcp_server.utils.db:1146 - 🔥 Warming up connection pool with 3 connections
2026-04-22 04:50:35.438 [INFO]     doris_mcp_server.utils.db:1167 - ✅ Pool warmup completed, 3 connections created
2026-04-22 05:15:55.017 [INFO]     doris_mcp_server.utils.db:1288 - 🔄 Attempting pool recovery (attempt 1/3)
2026-04-22 05:15:55.386 [INFO]     doris_mcp_server.utils.db:1329 - ✅ Pool recovery successful on attempt 1
2026-04-22 05:15:55.387 [INFO]     doris_mcp_server.utils.db:1146 - 🔥 Warming up connection pool with 3 connections
2026-04-22 05:15:56.553 [INFO]     doris_mcp_server.utils.db:1167 - ✅ Pool warmup completed, 3 connections created
2026-04-22 05:48:43.718 [INFO]     doris_mcp_server.utils.db:1288 - 🔄 Attempting pool recovery (attempt 1/3)
2026-04-22 05:48:46.835 [INFO]     doris_mcp_server.utils.db:1329 - ✅ Pool recovery successful on attempt 1
2026-04-22 05:48:46.835 [INFO]     doris_mcp_server.utils.db:1146 - 🔥 Warming up connection pool with 3 connections
2026-04-22 05:48:47.026 [INFO]     doris_mcp_server.utils.db:1167 - ✅ Pool warmup completed, 3 connections created
2026-04-22 06:00:12.095 [INFO]     doris_mcp_server.utils.db:1288 - 🔄 Attempting pool recovery (attempt 1/3)
2026-04-22 06:00:12.199 [INFO]     doris_mcp_server.utils.db:1329 - ✅ Pool recovery successful on attempt 1
2026-04-22 06:00:12.199 [INFO]     doris_mcp_server.utils.db:1146 - 🔥 Warming up connection pool with 3 connections
2026-04-22 06:00:12.365 [INFO]     doris_mcp_server.utils.db:1167 - ✅ Pool warmup completed, 3 connections created
2026-04-22 06:17:07.447 [INFO]     doris_mcp_server.utils.db:1288 - 🔄 Attempting pool recovery (attempt 1/3)
2026-04-22 06:17:07.541 [INFO]     doris_mcp_server.utils.db:1329 - ✅ Pool recovery successful on attempt 1
2026-04-22 06:17:07.541 [INFO]     doris_mcp_server.utils.db:1146 - 🔥 Warming up connection pool with 3 connections
2026-04-22 06:17:07.757 [INFO]     doris_mcp_server.utils.db:1167 - ✅ Pool warmup completed, 3 connections created
2026-04-22 06:33:36.511 [INFO]     doris_mcp_server.utils.db:1288 - 🔄 Attempting pool recovery (attempt 1/3)
2026-04-22 06:33:39.617 [INFO]     doris_mcp_server.utils.db:1329 - ✅ Pool recovery successful on attempt 1
2026-04-22 06:33:39.617 [INFO]     doris_mcp_server.utils.db:1146 - 🔥 Warming up connection pool with 3 connections
2026-04-22 06:33:39.821 [INFO]     doris_mcp_server.utils.db:1167 - ✅ Pool warmup completed, 3 connections created
2026-04-22 06:50:52.076 [INFO]     doris_mcp_server.utils.db:1288 - 🔄 Attempting pool recovery (attempt 1/3)
2026-04-22 06:50:55.186 [INFO]     doris_mcp_server.utils.db:1329 - ✅ Pool recovery successful on attempt 1
2026-04-22 06:50:55.187 [INFO]     doris_mcp_server.utils.db:1146 - 🔥 Warming up connection pool with 3 connections
2026-04-22 06:50:55.348 [INFO]     doris_mcp_server.utils.db:1167 - ✅ Pool warmup completed, 3 connections created
2026-04-22 07:01:09.383 [INFO]     doris_mcp_server.utils.db:1288 - 🔄 Attempting pool recovery (attempt 1/3)
2026-04-22 07:01:12.501 [INFO]     doris_mcp_server.utils.db:1329 - ✅ Pool recovery successful on attempt 1
2026-04-22 07:01:12.501 [INFO]     doris_mcp_server.utils.db:1146 - 🔥 Warming up connection pool with 3 connections
2026-04-22 07:01:12.691 [INFO]     doris_mcp_server.utils.db:1167 - ✅ Pool warmup completed, 3 connections created
2026-04-22 07:18:21.803 [INFO]     doris_mcp_server.utils.db:1288 - 🔄 Attempting pool recovery (attempt 1/3)
2026-04-22 07:18:21.912 [INFO]     doris_mcp_server.utils.db:1329 - ✅ Pool recovery successful on attempt 1
2026-04-22 07:18:21.913 [INFO]     doris_mcp_server.utils.db:1146 - 🔥 Warming up connection pool with 3 connections
2026-04-22 07:18:22.087 [INFO]     doris_mcp_server.utils.db:1167 - ✅ Pool warmup completed, 3 connections created
2026-04-22 07:34:49.240 [INFO]     doris_mcp_server.utils.db:1288 - 🔄 Attempting pool recovery (attempt 1/3)
2026-04-22 07:34:49.347 [INFO]     doris_mcp_server.utils.db:1329 - ✅ Pool recovery successful on attempt 1
2026-04-22 07:34:49.347 [INFO]     doris_mcp_server.utils.db:1146 - 🔥 Warming up connection pool with 3 connections
2026-04-22 07:34:49.499 [INFO]     doris_mcp_server.utils.db:1167 - ✅ Pool warmup completed, 3 connections created
2026-04-22 07:51:57.089 [INFO]     doris_mcp_server.utils.db:1288 - 🔄 Attempting pool recovery (attempt 1/3)
2026-04-22 07:51:57.201 [INFO]     doris_mcp_server.utils.db:1329 - ✅ Pool recovery successful on attempt 1
2026-04-22 07:51:57.201 [INFO]     doris_mcp_server.utils.db:1146 - 🔥 Warming up connection pool with 3 connections
2026-04-22 07:51:57.380 [INFO]     doris_mcp_server.utils.db:1167 - ✅ Pool warmup completed, 3 connections created
2026-04-22 08:02:03.680 [INFO]     doris_mcp_server.utils.db:1288 - 🔄 Attempting pool recovery (attempt 1/3)
2026-04-22 08:02:06.781 [INFO]     doris_mcp_server.utils.db:1329 - ✅ Pool recovery successful on attempt 1
2026-04-22 08:02:06.781 [INFO]     doris_mcp_server.utils.db:1146 - 🔥 Warming up connection pool with 3 connections
2026-04-22 08:02:06.957 [INFO]     doris_mcp_server.utils.db:1167 - ✅ Pool warmup completed, 3 connections created
2026-04-22 08:19:13.055 [INFO]     doris_mcp_server.utils.db:1288 - 🔄 Attempting pool recovery (attempt 1/3)
2026-04-22 08:19:16.164 [INFO]     doris_mcp_server.utils.db:1329 - ✅ Pool recovery successful on attempt 1
2026-04-22 08:19:16.164 [INFO]     doris_mcp_server.utils.db:1146 - 🔥 Warming up connection pool with 3 connections
2026-04-22 08:19:16.370 [INFO]     doris_mcp_server.utils.db:1167 - ✅ Pool warmup completed, 3 connections created
2026-04-22 08:35:09.378 [INFO]     doris_mcp_server.utils.db:1288 - 🔄 Attempting pool recovery (attempt 1/3)
2026-04-22 08:35:09.507 [INFO]     doris_mcp_server.utils.db:1329 - ✅ Pool recovery successful on attempt 1
2026-04-22 08:35:09.507 [INFO]     doris_mcp_server.utils.db:1146 - 🔥 Warming up connection pool with 3 connections
2026-04-22 08:35:09.726 [INFO]     doris_mcp_server.utils.db:1167 - ✅ Pool warmup completed, 3 connections created
2026-04-22 08:41:45.643 [INFO]     doris_mcp_server.utils.db:1288 - 🔄 Attempting pool recovery (attempt 1/3)
2026-04-22 08:41:45.760 [INFO]     doris_mcp_server.utils.db:1329 - ✅ Pool recovery successful on attempt 1
2026-04-22 08:41:45.760 [INFO]     doris_mcp_server.utils.db:1146 - 🔥 Warming up connection pool with 3 connections
2026-04-22 08:41:45.963 [INFO]     doris_mcp_server.utils.db:1167 - ✅ Pool warmup completed, 3 connections created
2026-04-22 09:26:36.653 [INFO]     doris_mcp_server.utils.db:1288 - 🔄 Attempting pool recovery (attempt 1/3)
2026-04-22 09:26:36.832 [INFO]     doris_mcp_server.utils.db:1329 - ✅ Pool recovery successful on attempt 1
2026-04-22 09:26:36.832 [INFO]     doris_mcp_server.utils.db:1146 - 🔥 Warming up connection pool with 3 connections
2026-04-22 09:26:37.129 [INFO]     doris_mcp_server.utils.db:1167 - ✅ Pool warmup completed, 3 connections created
2026-04-22 11:56:55.985 [INFO]     doris_mcp_server.log_cleanup:163 - Log cleanup scheduler started - cleanup every 24h, max age 30 days
2026-04-22 11:56:55.986 [INFO]     doris_mcp_server.logger:427 - ================================================================================
2026-04-22 11:56:55.986 [INFO]     doris_mcp_server.logger:428 - Doris MCP Server Logging System Initialized
2026-04-22 11:56:55.986 [INFO]     doris_mcp_server.logger:429 - Log Level: INFO
2026-04-22 11:56:55.986 [INFO]     doris_mcp_server.logger:431 - Log Directory: /Users/a1/Documents/Office/code/ms-proj/logs
2026-04-22 11:56:55.986 [INFO]     doris_mcp_server.logger:434 - Console Logging: Disabled
2026-04-22 11:56:55.986 [INFO]     doris_mcp_server.logger:435 - File Logging: Enabled
2026-04-22 11:56:55.986 [INFO]     doris_mcp_server.logger:436 - Audit Logging: Enabled
2026-04-22 11:56:55.986 [INFO]     doris_mcp_server.logger:437 - Log Cleanup: Enabled
2026-04-22 11:56:55.986 [INFO]     doris_mcp_server.logger:439 - Cleanup Settings: Max age 30 days, interval 24h
2026-04-22 11:56:55.986 [INFO]     doris_mcp_server.logger:443 - ================================================================================
2026-04-22 11:56:55.986 [INFO]     doris_mcp_server.utils.config:948 - Enhanced logging system with cleanup initialized successfully
2026-04-22 11:56:55.986 [INFO]     doris_mcp_server.utils.config:949 - Log directory: logs
2026-04-22 11:56:55.986 [INFO]     doris_mcp_server.utils.config:950 - Log level: INFO
2026-04-22 11:56:55.986 [INFO]     doris_mcp_server.utils.config:951 - Audit logging: Enabled
2026-04-22 11:56:55.986 [INFO]     doris_mcp_server.utils.config:952 - Log cleanup: Enabled
2026-04-22 11:56:55.986 [INFO]     doris_mcp_server.utils.config:954 - Cleanup config: Max age 30 days, interval 24h
2026-04-22 11:56:55.986 [INFO]     doris_mcp_server.system:483 - System Information:
2026-04-22 11:56:55.986 [INFO]     doris_mcp_server.system:484 - Python Version: 3.12.13 (main, Mar  3 2026, 12:39:30) [Clang 17.0.0 (clang-1700.6.3.2)]
2026-04-22 11:56:55.986 [INFO]     doris_mcp_server.system:485 - Platform: darwin
2026-04-22 11:56:55.986 [INFO]     doris_mcp_server.system:486 - Working Directory: /Users/a1/Documents/Office/code/ms-proj
2026-04-22 11:56:55.986 [INFO]     doris_mcp_server.system:487 - Process ID: 85379
2026-04-22 11:56:55.986 [INFO]     doris_mcp_server.system:493 - Environment LOG_LEVEL: Not Set
2026-04-22 11:56:55.986 [INFO]     doris_mcp_server.system:493 - Environment LOG_FILE_PATH: Not Set
2026-04-22 11:56:55.986 [INFO]     doris_mcp_server.system:493 - Environment ENABLE_AUDIT: Not Set
2026-04-22 11:56:55.986 [INFO]     doris_mcp_server.system:493 - Environment AUDIT_FILE_PATH: Not Set
2026-04-22 11:56:55.986 [INFO]     doris_mcp_server.main:916 - Starting Doris MCP Server...
2026-04-22 11:56:55.986 [INFO]     doris_mcp_server.main:917 - Transport: stdio
2026-04-22 11:56:55.986 [INFO]     doris_mcp_server.main:918 - Log Level: INFO
2026-04-22 11:56:55.987 [INFO]     doris_mcp_server.utils.security:480 - All authentication methods are disabled - anonymous access allowed
2026-04-22 11:56:55.987 [INFO]     doris_mcp_server.utils.db:211 - Session  Cache initialized, save system session: False, save user session: False
2026-04-22 11:56:55.987 [INFO]     doris_mcp_server.utils.schema_extractor:105 - Loaded excluded database list: ['information_schema', 'mysql', 'performance_schema', 'sys', 'doris_metadata']
2026-04-22 11:56:55.987 [INFO]     doris_mcp_server.utils.data_governance_tools:45 - DataGovernanceTools initialized
2026-04-22 11:56:55.987 [INFO]     doris_mcp_server.utils.data_exploration_tools:45 - DataExplorationTools initialized
2026-04-22 11:56:55.987 [INFO]     doris_mcp_server.utils.data_quality_tools:50 - DataQualityTools initialized with atomic tools
2026-04-22 11:56:55.987 [INFO]     doris_mcp_server.utils.security_analytics_tools:39 - SecurityAnalyticsTools initialized
2026-04-22 11:56:55.987 [INFO]     doris_mcp_server.utils.dependency_analysis_tools:46 - DependencyAnalysisTools initialized
2026-04-22 11:56:55.987 [INFO]     doris_mcp_server.utils.performance_analytics_tools:46 - PerformanceAnalyticsTools initialized
2026-04-22 11:56:55.987 [INFO]     doris_mcp_server.tools.tools_manager:72 - DorisToolsManager initialized with business logic processors, v0.5.0 analytics tools, and ADBC query tools
2026-04-22 11:56:55.987 [INFO]     doris_mcp_server.main.DorisServer:428 - Starting Doris MCP Server (stdio mode)
2026-04-22 11:56:55.987 [INFO]     doris_mcp_server.utils.security:127 - DorisSecurityManager initialized successfully
2026-04-22 11:56:55.987 [INFO]     doris_mcp_server.main.DorisServer:433 - Security manager initialization completed
2026-04-22 11:56:55.987 [INFO]     doris_mcp_server.utils.db:950 - stdio mode database config validated: 124.71.61.163:19030
2026-04-22 11:56:55.987 [INFO]     doris_mcp_server.utils.db:960 - Testing database connectivity for stdio mode...
2026-04-22 11:56:56.188 [INFO]     doris_mcp_server.utils.db:1146 - 🔥 Warming up connection pool with 3 connections
2026-04-22 11:56:56.189 [INFO]     doris_mcp_server.utils.db:1180 - 🩺 Starting pool health monitor
2026-04-22 11:56:56.189 [INFO]     doris_mcp_server.utils.db:1194 - 🧹 Starting pool cleanup monitor
2026-04-22 11:56:56.342 [INFO]     doris_mcp_server.utils.db:1167 - ✅ Pool warmup completed, 3 connections created
2026-04-22 11:56:56.342 [INFO]     doris_mcp_server.utils.db:986 - Database connection established successfully for stdio mode
2026-04-22 11:56:56.342 [INFO]     doris_mcp_server.main.DorisServer:450 - Creating stdio_server transport...
2026-04-22 11:56:56.348 [INFO]     doris_mcp_server.main.DorisServer:456 - stdio_server streams created successfully
2026-04-22 11:56:56.348 [INFO]     doris_mcp_server.main.DorisServer:466 - Initialization options created successfully
2026-04-22 11:56:56.348 [INFO]     doris_mcp_server.main.DorisServer:469 - Starting to run MCP server...
2026-04-22 11:56:56.351 [INFO]     mcp.server.lowlevel.server:727 - Processing request of type ListToolsRequest
2026-04-22 11:56:56.352 [INFO]     doris_mcp_server.main.DorisServer:362 - Handling tool list request
2026-04-22 11:56:56.352 [INFO]     doris_mcp_server.main.DorisServer:364 - Returning 25 tools
2026-04-22 12:17:53.486 [INFO]     doris_mcp_server.utils.db:1288 - 🔄 Attempting pool recovery (attempt 1/3)
2026-04-22 12:17:56.580 [INFO]     doris_mcp_server.utils.db:1329 - ✅ Pool recovery successful on attempt 1
2026-04-22 12:17:56.581 [INFO]     doris_mcp_server.utils.db:1146 - 🔥 Warming up connection pool with 3 connections
2026-04-22 12:17:56.801 [INFO]     doris_mcp_server.utils.db:1167 - ✅ Pool warmup completed, 3 connections created
2026-04-22 12:34:15.490 [INFO]     doris_mcp_server.utils.db:1288 - 🔄 Attempting pool recovery (attempt 1/3)
2026-04-22 12:34:18.629 [INFO]     doris_mcp_server.utils.db:1329 - ✅ Pool recovery successful on attempt 1
2026-04-22 12:34:18.630 [INFO]     doris_mcp_server.utils.db:1146 - 🔥 Warming up connection pool with 3 connections
2026-04-22 12:34:18.863 [INFO]     doris_mcp_server.utils.db:1167 - ✅ Pool warmup completed, 3 connections created
2026-04-22 14:04:18.725 [INFO]     doris_mcp_server.utils.db:1288 - 🔄 Attempting pool recovery (attempt 1/3)
2026-04-22 14:04:18.871 [INFO]     doris_mcp_server.utils.db:1329 - ✅ Pool recovery successful on attempt 1
2026-04-22 14:04:18.871 [INFO]     doris_mcp_server.utils.db:1146 - 🔥 Warming up connection pool with 3 connections
2026-04-22 14:04:19.036 [INFO]     doris_mcp_server.utils.db:1167 - ✅ Pool warmup completed, 3 connections created
2026-04-22 14:57:10.838 [INFO]     doris_mcp_server.utils.db:1288 - 🔄 Attempting pool recovery (attempt 1/3)
2026-04-22 14:57:13.932 [INFO]     doris_mcp_server.utils.db:1329 - ✅ Pool recovery successful on attempt 1
2026-04-22 14:57:13.933 [INFO]     doris_mcp_server.utils.db:1146 - 🔥 Warming up connection pool with 3 connections
2026-04-22 14:57:14.090 [INFO]     doris_mcp_server.utils.db:1167 - ✅ Pool warmup completed, 3 connections created
2026-04-22 18:22:05.426 [INFO]     doris_mcp_server.utils.db:1288 - 🔄 Attempting pool recovery (attempt 1/3)
2026-04-22 18:22:08.571 [INFO]     doris_mcp_server.utils.db:1329 - ✅ Pool recovery successful on attempt 1
2026-04-22 18:22:08.572 [INFO]     doris_mcp_server.utils.db:1146 - 🔥 Warming up connection pool with 3 connections
2026-04-22 18:22:09.731 [INFO]     doris_mcp_server.utils.db:1167 - ✅ Pool warmup completed, 3 connections created
2026-04-22 18:38:29.561 [INFO]     doris_mcp_server.utils.db:1288 - 🔄 Attempting pool recovery (attempt 1/3)
2026-04-22 18:38:32.682 [INFO]     doris_mcp_server.utils.db:1329 - ✅ Pool recovery successful on attempt 1
2026-04-22 18:38:32.682 [INFO]     doris_mcp_server.utils.db:1146 - 🔥 Warming up connection pool with 3 connections
2026-04-22 18:38:32.878 [INFO]     doris_mcp_server.utils.db:1167 - ✅ Pool warmup completed, 3 connections created
2026-04-22 18:57:57.406 [INFO]     doris_mcp_server.utils.db:1288 - 🔄 Attempting pool recovery (attempt 1/3)
2026-04-22 18:58:00.518 [INFO]     doris_mcp_server.utils.db:1329 - ✅ Pool recovery successful on attempt 1
2026-04-22 18:58:00.519 [INFO]     doris_mcp_server.utils.db:1146 - 🔥 Warming up connection pool with 3 connections
2026-04-22 18:58:00.710 [INFO]     doris_mcp_server.utils.db:1167 - ✅ Pool warmup completed, 3 connections created
2026-04-22 19:14:27.812 [INFO]     doris_mcp_server.utils.db:1288 - 🔄 Attempting pool recovery (attempt 1/3)
2026-04-22 19:14:30.949 [INFO]     doris_mcp_server.utils.db:1329 - ✅ Pool recovery successful on attempt 1
2026-04-22 19:14:30.949 [INFO]     doris_mcp_server.utils.db:1146 - 🔥 Warming up connection pool with 3 connections
2026-04-22 19:14:31.117 [INFO]     doris_mcp_server.utils.db:1167 - ✅ Pool warmup completed, 3 connections created
2026-04-22 19:36:43.490 [INFO]     doris_mcp_server.utils.db:1288 - 🔄 Attempting pool recovery (attempt 1/3)
2026-04-22 19:36:46.598 [INFO]     doris_mcp_server.utils.db:1329 - ✅ Pool recovery successful on attempt 1
2026-04-22 19:36:46.598 [INFO]     doris_mcp_server.utils.db:1146 - 🔥 Warming up connection pool with 3 connections
2026-04-22 19:36:46.783 [INFO]     doris_mcp_server.utils.db:1167 - ✅ Pool warmup completed, 3 connections created
2026-04-22 19:53:55.192 [INFO]     doris_mcp_server.utils.db:1288 - 🔄 Attempting pool recovery (attempt 1/3)
2026-04-22 19:53:55.313 [INFO]     doris_mcp_server.utils.db:1329 - ✅ Pool recovery successful on attempt 1
2026-04-22 19:53:55.313 [INFO]     doris_mcp_server.utils.db:1146 - 🔥 Warming up connection pool with 3 connections
2026-04-22 19:53:55.480 [INFO]     doris_mcp_server.utils.db:1167 - ✅ Pool warmup completed, 3 connections created
2026-04-22 20:05:26.711 [INFO]     doris_mcp_server.utils.db:1288 - 🔄 Attempting pool recovery (attempt 1/3)
2026-04-22 20:05:26.835 [INFO]     doris_mcp_server.utils.db:1329 - ✅ Pool recovery successful on attempt 1
2026-04-22 20:05:26.836 [INFO]     doris_mcp_server.utils.db:1146 - 🔥 Warming up connection pool with 3 connections
2026-04-22 20:05:27.000 [INFO]     doris_mcp_server.utils.db:1167 - ✅ Pool warmup completed, 3 connections created
2026-04-22 20:21:16.872 [INFO]     doris_mcp_server.utils.db:1288 - 🔄 Attempting pool recovery (attempt 1/3)
2026-04-22 20:21:20.010 [INFO]     doris_mcp_server.utils.db:1329 - ✅ Pool recovery successful on attempt 1
2026-04-22 20:21:20.011 [INFO]     doris_mcp_server.utils.db:1146 - 🔥 Warming up connection pool with 3 connections
2026-04-22 20:21:20.183 [INFO]     doris_mcp_server.utils.db:1167 - ✅ Pool warmup completed, 3 connections created
2026-04-22 20:38:00.381 [INFO]     doris_mcp_server.utils.db:1288 - 🔄 Attempting pool recovery (attempt 1/3)
2026-04-22 20:38:03.482 [INFO]     doris_mcp_server.utils.db:1329 - ✅ Pool recovery successful on attempt 1
2026-04-22 20:38:03.482 [INFO]     doris_mcp_server.utils.db:1146 - 🔥 Warming up connection pool with 3 connections
2026-04-22 20:38:03.670 [INFO]     doris_mcp_server.utils.db:1167 - ✅ Pool warmup completed, 3 connections created
2026-04-22 20:54:46.749 [INFO]     doris_mcp_server.utils.db:1288 - 🔄 Attempting pool recovery (attempt 1/3)
2026-04-22 20:54:46.885 [INFO]     doris_mcp_server.utils.db:1329 - ✅ Pool recovery successful on attempt 1
2026-04-22 20:54:46.885 [INFO]     doris_mcp_server.utils.db:1146 - 🔥 Warming up connection pool with 3 connections
2026-04-22 20:54:47.058 [INFO]     doris_mcp_server.utils.db:1167 - ✅ Pool warmup completed, 3 connections created
2026-04-22 21:06:19.949 [INFO]     doris_mcp_server.utils.db:1288 - 🔄 Attempting pool recovery (attempt 1/3)
2026-04-22 21:06:20.059 [INFO]     doris_mcp_server.utils.db:1329 - ✅ Pool recovery successful on attempt 1
2026-04-22 21:06:20.059 [INFO]     doris_mcp_server.utils.db:1146 - 🔥 Warming up connection pool with 3 connections
2026-04-22 21:06:20.238 [INFO]     doris_mcp_server.utils.db:1167 - ✅ Pool warmup completed, 3 connections created
2026-04-22 21:22:35.037 [INFO]     doris_mcp_server.utils.db:1288 - 🔄 Attempting pool recovery (attempt 1/3)
2026-04-22 21:22:35.155 [INFO]     doris_mcp_server.utils.db:1329 - ✅ Pool recovery successful on attempt 1
2026-04-22 21:22:35.155 [INFO]     doris_mcp_server.utils.db:1146 - 🔥 Warming up connection pool with 3 connections
2026-04-22 21:22:35.355 [INFO]     doris_mcp_server.utils.db:1167 - ✅ Pool warmup completed, 3 connections created
2026-04-22 21:39:46.848 [INFO]     doris_mcp_server.utils.db:1288 - 🔄 Attempting pool recovery (attempt 1/3)
2026-04-22 21:39:49.940 [INFO]     doris_mcp_server.utils.db:1329 - ✅ Pool recovery successful on attempt 1
2026-04-22 21:39:49.940 [INFO]     doris_mcp_server.utils.db:1146 - 🔥 Warming up connection pool with 3 connections
2026-04-22 21:39:50.137 [INFO]     doris_mcp_server.utils.db:1167 - ✅ Pool warmup completed, 3 connections created
2026-04-22 21:56:14.450 [INFO]     doris_mcp_server.utils.db:1288 - 🔄 Attempting pool recovery (attempt 1/3)
2026-04-22 21:56:17.587 [INFO]     doris_mcp_server.utils.db:1329 - ✅ Pool recovery successful on attempt 1
2026-04-22 21:56:17.588 [INFO]     doris_mcp_server.utils.db:1146 - 🔥 Warming up connection pool with 3 connections
2026-04-22 21:56:17.810 [INFO]     doris_mcp_server.utils.db:1167 - ✅ Pool warmup completed, 3 connections created
2026-04-22 22:07:21.087 [INFO]     doris_mcp_server.utils.db:1288 - 🔄 Attempting pool recovery (attempt 1/3)
2026-04-22 22:07:24.192 [INFO]     doris_mcp_server.utils.db:1329 - ✅ Pool recovery successful on attempt 1
2026-04-22 22:07:24.192 [INFO]     doris_mcp_server.utils.db:1146 - 🔥 Warming up connection pool with 3 connections
2026-04-22 22:07:24.365 [INFO]     doris_mcp_server.utils.db:1167 - ✅ Pool warmup completed, 3 connections created
2026-04-22 22:25:40.405 [INFO]     doris_mcp_server.utils.db:1288 - 🔄 Attempting pool recovery (attempt 1/3)
2026-04-22 22:25:40.491 [INFO]     doris_mcp_server.utils.db:1329 - ✅ Pool recovery successful on attempt 1
2026-04-22 22:25:40.492 [INFO]     doris_mcp_server.utils.db:1146 - 🔥 Warming up connection pool with 3 connections
2026-04-22 22:25:40.656 [INFO]     doris_mcp_server.utils.db:1167 - ✅ Pool warmup completed, 3 connections created
2026-04-22 22:43:28.942 [INFO]     doris_mcp_server.utils.db:1288 - 🔄 Attempting pool recovery (attempt 1/3)
2026-04-22 22:43:29.054 [INFO]     doris_mcp_server.utils.db:1329 - ✅ Pool recovery successful on attempt 1
2026-04-22 22:43:29.055 [INFO]     doris_mcp_server.utils.db:1146 - 🔥 Warming up connection pool with 3 connections
2026-04-22 22:43:29.211 [INFO]     doris_mcp_server.utils.db:1167 - ✅ Pool warmup completed, 3 connections created
2026-04-22 22:59:55.918 [INFO]     doris_mcp_server.utils.db:1288 - 🔄 Attempting pool recovery (attempt 1/3)
2026-04-22 22:59:59.006 [INFO]     doris_mcp_server.utils.db:1329 - ✅ Pool recovery successful on attempt 1
2026-04-22 22:59:59.006 [INFO]     doris_mcp_server.utils.db:1146 - 🔥 Warming up connection pool with 3 connections
2026-04-22 22:59:59.164 [INFO]     doris_mcp_server.utils.db:1167 - ✅ Pool warmup completed, 3 connections created
2026-04-22 23:16:58.995 [INFO]     doris_mcp_server.utils.db:1288 - 🔄 Attempting pool recovery (attempt 1/3)
2026-04-22 23:17:02.097 [INFO]     doris_mcp_server.utils.db:1329 - ✅ Pool recovery successful on attempt 1
2026-04-22 23:17:02.098 [INFO]     doris_mcp_server.utils.db:1146 - 🔥 Warming up connection pool with 3 connections
2026-04-22 23:17:02.286 [INFO]     doris_mcp_server.utils.db:1167 - ✅ Pool warmup completed, 3 connections created
2026-04-22 23:33:45.762 [INFO]     doris_mcp_server.utils.db:1288 - 🔄 Attempting pool recovery (attempt 1/3)
2026-04-22 23:33:45.881 [INFO]     doris_mcp_server.utils.db:1329 - ✅ Pool recovery successful on attempt 1
2026-04-22 23:33:45.881 [INFO]     doris_mcp_server.utils.db:1146 - 🔥 Warming up connection pool with 3 connections
2026-04-22 23:33:46.073 [INFO]     doris_mcp_server.utils.db:1167 - ✅ Pool warmup completed, 3 connections created
2026-04-22 23:50:36.153 [INFO]     doris_mcp_server.utils.db:1288 - 🔄 Attempting pool recovery (attempt 1/3)
2026-04-22 23:50:36.277 [INFO]     doris_mcp_server.utils.db:1329 - ✅ Pool recovery successful on attempt 1
2026-04-22 23:50:36.277 [INFO]     doris_mcp_server.utils.db:1146 - 🔥 Warming up connection pool with 3 connections
2026-04-22 23:50:36.452 [INFO]     doris_mcp_server.utils.db:1167 - ✅ Pool warmup completed, 3 connections created
2026-04-23 00:08:26.644 [INFO]     doris_mcp_server.utils.db:1288 - 🔄 Attempting pool recovery (attempt 1/3)
2026-04-23 00:08:26.787 [INFO]     doris_mcp_server.utils.db:1329 - ✅ Pool recovery successful on attempt 1
2026-04-23 00:08:26.787 [INFO]     doris_mcp_server.utils.db:1146 - 🔥 Warming up connection pool with 3 connections
2026-04-23 00:08:26.986 [INFO]     doris_mcp_server.utils.db:1167 - ✅ Pool warmup completed, 3 connections created
2026-04-23 00:24:48.134 [INFO]     doris_mcp_server.utils.db:1288 - 🔄 Attempting pool recovery (attempt 1/3)
2026-04-23 00:24:48.235 [INFO]     doris_mcp_server.utils.db:1329 - ✅ Pool recovery successful on attempt 1
2026-04-23 00:24:48.235 [INFO]     doris_mcp_server.utils.db:1146 - 🔥 Warming up connection pool with 3 connections
2026-04-23 00:24:48.408 [INFO]     doris_mcp_server.utils.db:1167 - ✅ Pool warmup completed, 3 connections created
2026-04-23 00:41:13.426 [INFO]     doris_mcp_server.utils.db:1288 - 🔄 Attempting pool recovery (attempt 1/3)
2026-04-23 00:41:16.542 [INFO]     doris_mcp_server.utils.db:1329 - ✅ Pool recovery successful on attempt 1
2026-04-23 00:41:16.543 [INFO]     doris_mcp_server.utils.db:1146 - 🔥 Warming up connection pool with 3 connections
2026-04-23 00:41:16.783 [INFO]     doris_mcp_server.utils.db:1167 - ✅ Pool warmup completed, 3 connections created
2026-04-23 00:58:24.780 [INFO]     doris_mcp_server.utils.db:1288 - 🔄 Attempting pool recovery (attempt 1/3)
2026-04-23 00:58:24.883 [INFO]     doris_mcp_server.utils.db:1329 - ✅ Pool recovery successful on attempt 1
2026-04-23 00:58:24.884 [INFO]     doris_mcp_server.utils.db:1146 - 🔥 Warming up connection pool with 3 connections
2026-04-23 00:58:25.081 [INFO]     doris_mcp_server.utils.db:1167 - ✅ Pool warmup completed, 3 connections created
2026-04-23 01:14:19.374 [INFO]     doris_mcp_server.utils.db:1288 - 🔄 Attempting pool recovery (attempt 1/3)
2026-04-23 01:14:19.458 [INFO]     doris_mcp_server.utils.db:1329 - ✅ Pool recovery successful on attempt 1
2026-04-23 01:14:19.459 [INFO]     doris_mcp_server.utils.db:1146 - 🔥 Warming up connection pool with 3 connections
2026-04-23 01:14:19.645 [INFO]     doris_mcp_server.utils.db:1167 - ✅ Pool warmup completed, 3 connections created
2026-04-23 01:32:19.354 [INFO]     doris_mcp_server.utils.db:1288 - 🔄 Attempting pool recovery (attempt 1/3)
2026-04-23 01:32:19.460 [INFO]     doris_mcp_server.utils.db:1329 - ✅ Pool recovery successful on attempt 1
2026-04-23 01:32:19.460 [INFO]     doris_mcp_server.utils.db:1146 - 🔥 Warming up connection pool with 3 connections
2026-04-23 01:32:19.664 [INFO]     doris_mcp_server.utils.db:1167 - ✅ Pool warmup completed, 3 connections created
2026-04-23 01:38:51.168 [INFO]     doris_mcp_server.utils.db:1288 - 🔄 Attempting pool recovery (attempt 1/3)
2026-04-23 01:38:51.281 [INFO]     doris_mcp_server.utils.db:1329 - ✅ Pool recovery successful on attempt 1
2026-04-23 01:38:51.282 [INFO]     doris_mcp_server.utils.db:1146 - 🔥 Warming up connection pool with 3 connections
2026-04-23 01:38:51.423 [INFO]     doris_mcp_server.utils.db:1167 - ✅ Pool warmup completed, 3 connections created
2026-04-23 01:55:03.855 [INFO]     doris_mcp_server.utils.db:1288 - 🔄 Attempting pool recovery (attempt 1/3)
2026-04-23 01:55:06.973 [INFO]     doris_mcp_server.utils.db:1329 - ✅ Pool recovery successful on attempt 1
2026-04-23 01:55:06.973 [INFO]     doris_mcp_server.utils.db:1146 - 🔥 Warming up connection pool with 3 connections
2026-04-23 01:55:07.165 [INFO]     doris_mcp_server.utils.db:1167 - ✅ Pool warmup completed, 3 connections created
2026-04-23 02:15:17.145 [INFO]     doris_mcp_server.utils.db:1288 - 🔄 Attempting pool recovery (attempt 1/3)
2026-04-23 02:15:20.237 [INFO]     doris_mcp_server.utils.db:1329 - ✅ Pool recovery successful on attempt 1
2026-04-23 02:15:20.238 [INFO]     doris_mcp_server.utils.db:1146 - 🔥 Warming up connection pool with 3 connections
2026-04-23 02:15:20.398 [INFO]     doris_mcp_server.utils.db:1167 - ✅ Pool warmup completed, 3 connections created
2026-04-23 02:31:52.273 [INFO]     doris_mcp_server.utils.db:1288 - 🔄 Attempting pool recovery (attempt 1/3)
2026-04-23 02:31:52.363 [INFO]     doris_mcp_server.utils.db:1329 - ✅ Pool recovery successful on attempt 1
2026-04-23 02:31:52.363 [INFO]     doris_mcp_server.utils.db:1146 - 🔥 Warming up connection pool with 3 connections
2026-04-23 02:31:52.521 [INFO]     doris_mcp_server.utils.db:1167 - ✅ Pool warmup completed, 3 connections created
2026-04-23 02:47:49.918 [INFO]     doris_mcp_server.utils.db:1288 - 🔄 Attempting pool recovery (attempt 1/3)
2026-04-23 02:47:50.050 [INFO]     doris_mcp_server.utils.db:1329 - ✅ Pool recovery successful on attempt 1
2026-04-23 02:47:50.051 [INFO]     doris_mcp_server.utils.db:1146 - 🔥 Warming up connection pool with 3 connections
2026-04-23 02:47:50.194 [INFO]     doris_mcp_server.utils.db:1167 - ✅ Pool warmup completed, 3 connections created
2026-04-23 03:04:47.134 [INFO]     doris_mcp_server.utils.db:1288 - 🔄 Attempting pool recovery (attempt 1/3)
2026-04-23 03:04:50.271 [INFO]     doris_mcp_server.utils.db:1329 - ✅ Pool recovery successful on attempt 1
2026-04-23 03:04:50.272 [INFO]     doris_mcp_server.utils.db:1146 - 🔥 Warming up connection pool with 3 connections
2026-04-23 03:04:50.450 [INFO]     doris_mcp_server.utils.db:1167 - ✅ Pool warmup completed, 3 connections created
2026-04-23 03:22:48.823 [INFO]     doris_mcp_server.utils.db:1288 - 🔄 Attempting pool recovery (attempt 1/3)
2026-04-23 03:22:51.948 [INFO]     doris_mcp_server.utils.db:1329 - ✅ Pool recovery successful on attempt 1
2026-04-23 03:22:51.948 [INFO]     doris_mcp_server.utils.db:1146 - 🔥 Warming up connection pool with 3 connections
2026-04-23 03:22:52.113 [INFO]     doris_mcp_server.utils.db:1167 - ✅ Pool warmup completed, 3 connections created
2026-04-23 03:39:52.454 [INFO]     doris_mcp_server.utils.db:1288 - 🔄 Attempting pool recovery (attempt 1/3)
2026-04-23 03:39:55.558 [INFO]     doris_mcp_server.utils.db:1329 - ✅ Pool recovery successful on attempt 1
2026-04-23 03:39:55.558 [INFO]     doris_mcp_server.utils.db:1146 - 🔥 Warming up connection pool with 3 connections
2026-04-23 03:39:55.740 [INFO]     doris_mcp_server.utils.db:1167 - ✅ Pool warmup completed, 3 connections created
2026-04-23 03:56:59.960 [INFO]     doris_mcp_server.utils.db:1288 - 🔄 Attempting pool recovery (attempt 1/3)
2026-04-23 03:57:00.048 [INFO]     doris_mcp_server.utils.db:1329 - ✅ Pool recovery successful on attempt 1
2026-04-23 03:57:00.049 [INFO]     doris_mcp_server.utils.db:1146 - 🔥 Warming up connection pool with 3 connections
2026-04-23 03:57:00.234 [INFO]     doris_mcp_server.utils.db:1167 - ✅ Pool warmup completed, 3 connections created
2026-04-23 04:16:04.752 [INFO]     doris_mcp_server.utils.db:1288 - 🔄 Attempting pool recovery (attempt 1/3)
2026-04-23 04:16:07.890 [INFO]     doris_mcp_server.utils.db:1329 - ✅ Pool recovery successful on attempt 1
2026-04-23 04:16:07.890 [INFO]     doris_mcp_server.utils.db:1146 - 🔥 Warming up connection pool with 3 connections
2026-04-23 04:16:08.074 [INFO]     doris_mcp_server.utils.db:1167 - ✅ Pool warmup completed, 3 connections created
2026-04-23 04:33:21.319 [INFO]     doris_mcp_server.utils.db:1288 - 🔄 Attempting pool recovery (attempt 1/3)
2026-04-23 04:48:58.080 [INFO]     doris_mcp_server.utils.db:1329 - ✅ Pool recovery successful on attempt 1
2026-04-23 04:48:58.081 [INFO]     doris_mcp_server.utils.db:1146 - 🔥 Warming up connection pool with 3 connections
2026-04-23 04:48:58.227 [INFO]     doris_mcp_server.utils.db:1167 - ✅ Pool warmup completed, 3 connections created
2026-04-23 05:00:39.505 [INFO]     doris_mcp_server.utils.db:1288 - 🔄 Attempting pool recovery (attempt 1/3)
2026-04-23 05:00:39.620 [INFO]     doris_mcp_server.utils.db:1329 - ✅ Pool recovery successful on attempt 1
2026-04-23 05:00:39.621 [INFO]     doris_mcp_server.utils.db:1146 - 🔥 Warming up connection pool with 3 connections
2026-04-23 05:00:39.820 [INFO]     doris_mcp_server.utils.db:1167 - ✅ Pool warmup completed, 3 connections created
2026-04-23 05:17:40.109 [INFO]     doris_mcp_server.utils.db:1288 - 🔄 Attempting pool recovery (attempt 1/3)
2026-04-23 05:17:43.224 [INFO]     doris_mcp_server.utils.db:1329 - ✅ Pool recovery successful on attempt 1
2026-04-23 05:17:43.225 [INFO]     doris_mcp_server.utils.db:1146 - 🔥 Warming up connection pool with 3 connections
2026-04-23 05:17:43.405 [INFO]     doris_mcp_server.utils.db:1167 - ✅ Pool warmup completed, 3 connections created
2026-04-23 05:33:44.538 [INFO]     doris_mcp_server.utils.db:1288 - 🔄 Attempting pool recovery (attempt 1/3)
2026-04-23 05:33:47.678 [INFO]     doris_mcp_server.utils.db:1329 - ✅ Pool recovery successful on attempt 1
2026-04-23 05:33:47.678 [INFO]     doris_mcp_server.utils.db:1146 - 🔥 Warming up connection pool with 3 connections
2026-04-23 05:33:47.898 [INFO]     doris_mcp_server.utils.db:1167 - ✅ Pool warmup completed, 3 connections created
2026-04-23 05:50:59.591 [INFO]     doris_mcp_server.utils.db:1288 - 🔄 Attempting pool recovery (attempt 1/3)
2026-04-23 05:51:03.708 [INFO]     doris_mcp_server.utils.db:1329 - ✅ Pool recovery successful on attempt 1
2026-04-23 05:51:03.709 [INFO]     doris_mcp_server.utils.db:1146 - 🔥 Warming up connection pool with 3 connections
2026-04-23 05:51:03.917 [INFO]     doris_mcp_server.utils.db:1167 - ✅ Pool warmup completed, 3 connections created
2026-04-23 06:01:44.544 [INFO]     doris_mcp_server.utils.db:1288 - 🔄 Attempting pool recovery (attempt 1/3)
2026-04-23 06:01:47.688 [INFO]     doris_mcp_server.utils.db:1329 - ✅ Pool recovery successful on attempt 1
2026-04-23 06:01:47.689 [INFO]     doris_mcp_server.utils.db:1146 - 🔥 Warming up connection pool with 3 connections
2026-04-23 06:01:47.885 [INFO]     doris_mcp_server.utils.db:1167 - ✅ Pool warmup completed, 3 connections created
2026-04-23 06:18:30.899 [INFO]     doris_mcp_server.utils.db:1288 - 🔄 Attempting pool recovery (attempt 1/3)
2026-04-23 06:34:30.721 [INFO]     doris_mcp_server.utils.db:1329 - ✅ Pool recovery successful on attempt 1
2026-04-23 06:34:30.721 [INFO]     doris_mcp_server.utils.db:1146 - 🔥 Warming up connection pool with 3 connections
2026-04-23 06:34:30.897 [INFO]     doris_mcp_server.utils.db:1167 - ✅ Pool warmup completed, 3 connections created
2026-04-23 07:02:05.698 [INFO]     doris_mcp_server.utils.db:1288 - 🔄 Attempting pool recovery (attempt 1/3)
2026-04-23 07:02:05.841 [INFO]     doris_mcp_server.utils.db:1329 - ✅ Pool recovery successful on attempt 1
2026-04-23 07:02:05.842 [INFO]     doris_mcp_server.utils.db:1146 - 🔥 Warming up connection pool with 3 connections
2026-04-23 07:02:06.009 [INFO]     doris_mcp_server.utils.db:1167 - ✅ Pool warmup completed, 3 connections created
2026-04-23 07:35:45.088 [INFO]     doris_mcp_server.utils.db:1288 - 🔄 Attempting pool recovery (attempt 1/3)
2026-04-23 07:35:48.197 [INFO]     doris_mcp_server.utils.db:1329 - ✅ Pool recovery successful on attempt 1
2026-04-23 07:35:48.198 [INFO]     doris_mcp_server.utils.db:1146 - 🔥 Warming up connection pool with 3 connections
2026-04-23 07:35:48.376 [INFO]     doris_mcp_server.utils.db:1167 - ✅ Pool warmup completed, 3 connections created
2026-04-23 07:52:53.869 [INFO]     doris_mcp_server.utils.db:1288 - 🔄 Attempting pool recovery (attempt 1/3)
2026-04-23 07:52:53.982 [INFO]     doris_mcp_server.utils.db:1329 - ✅ Pool recovery successful on attempt 1
2026-04-23 07:52:53.982 [INFO]     doris_mcp_server.utils.db:1146 - 🔥 Warming up connection pool with 3 connections
2026-04-23 07:52:54.155 [INFO]     doris_mcp_server.utils.db:1167 - ✅ Pool warmup completed, 3 connections created
2026-04-23 08:03:32.369 [INFO]     doris_mcp_server.utils.db:1288 - 🔄 Attempting pool recovery (attempt 1/3)
2026-04-23 08:03:32.467 [INFO]     doris_mcp_server.utils.db:1329 - ✅ Pool recovery successful on attempt 1
2026-04-23 08:03:32.467 [INFO]     doris_mcp_server.utils.db:1146 - 🔥 Warming up connection pool with 3 connections
2026-04-23 08:03:32.679 [INFO]     doris_mcp_server.utils.db:1167 - ✅ Pool warmup completed, 3 connections created
2026-04-23 08:20:45.849 [INFO]     doris_mcp_server.utils.db:1288 - 🔄 Attempting pool recovery (attempt 1/3)
2026-04-23 08:20:45.984 [INFO]     doris_mcp_server.utils.db:1329 - ✅ Pool recovery successful on attempt 1
2026-04-23 08:20:45.985 [INFO]     doris_mcp_server.utils.db:1146 - 🔥 Warming up connection pool with 3 connections
2026-04-23 08:20:46.142 [INFO]     doris_mcp_server.utils.db:1167 - ✅ Pool warmup completed, 3 connections created
2026-04-23 08:33:45.030 [INFO]     doris_mcp_server.utils.db:1288 - 🔄 Attempting pool recovery (attempt 1/3)
2026-04-23 08:33:48.142 [INFO]     doris_mcp_server.utils.db:1329 - ✅ Pool recovery successful on attempt 1
2026-04-23 08:33:48.143 [INFO]     doris_mcp_server.utils.db:1146 - 🔥 Warming up connection pool with 3 connections
2026-04-23 08:33:48.318 [INFO]     doris_mcp_server.utils.db:1167 - ✅ Pool warmup completed, 3 connections created
2026-04-23 11:09:11.309 [INFO]     doris_mcp_server.utils.db:1288 - 🔄 Attempting pool recovery (attempt 1/3)
2026-04-23 11:09:14.457 [INFO]     doris_mcp_server.utils.db:1329 - ✅ Pool recovery successful on attempt 1
2026-04-23 11:09:14.457 [INFO]     doris_mcp_server.utils.db:1146 - 🔥 Warming up connection pool with 3 connections
2026-04-23 11:09:14.647 [INFO]     doris_mcp_server.utils.db:1167 - ✅ Pool warmup completed, 3 connections created
2026-04-23 17:12:36.926 [INFO]     doris_mcp_server.log_cleanup:163 - Log cleanup scheduler started - cleanup every 24h, max age 30 days
2026-04-23 17:12:36.926 [INFO]     doris_mcp_server.logger:427 - ================================================================================
2026-04-23 17:12:36.926 [INFO]     doris_mcp_server.logger:428 - Doris MCP Server Logging System Initialized
2026-04-23 17:12:36.926 [INFO]     doris_mcp_server.logger:429 - Log Level: INFO
2026-04-23 17:12:36.926 [INFO]     doris_mcp_server.logger:431 - Log Directory: /Users/a1/Documents/Office/code/ms-proj/logs
2026-04-23 17:12:36.926 [INFO]     doris_mcp_server.logger:434 - Console Logging: Disabled
2026-04-23 17:12:36.926 [INFO]     doris_mcp_server.logger:435 - File Logging: Enabled
2026-04-23 17:12:36.926 [INFO]     doris_mcp_server.logger:436 - Audit Logging: Enabled
2026-04-23 17:12:36.926 [INFO]     doris_mcp_server.logger:437 - Log Cleanup: Enabled
2026-04-23 17:12:36.926 [INFO]     doris_mcp_server.logger:439 - Cleanup Settings: Max age 30 days, interval 24h
2026-04-23 17:12:36.926 [INFO]     doris_mcp_server.logger:443 - ================================================================================
2026-04-23 17:12:36.926 [INFO]     doris_mcp_server.utils.config:948 - Enhanced logging system with cleanup initialized successfully
2026-04-23 17:12:36.926 [INFO]     doris_mcp_server.utils.config:949 - Log directory: logs
2026-04-23 17:12:36.926 [INFO]     doris_mcp_server.utils.config:950 - Log level: INFO
2026-04-23 17:12:36.926 [INFO]     doris_mcp_server.utils.config:951 - Audit logging: Enabled
2026-04-23 17:12:36.926 [INFO]     doris_mcp_server.utils.config:952 - Log cleanup: Enabled
2026-04-23 17:12:36.926 [INFO]     doris_mcp_server.utils.config:954 - Cleanup config: Max age 30 days, interval 24h
2026-04-23 17:12:36.927 [INFO]     doris_mcp_server.system:483 - System Information:
2026-04-23 17:12:36.927 [INFO]     doris_mcp_server.system:484 - Python Version: 3.12.13 (main, Mar  3 2026, 12:39:30) [Clang 17.0.0 (clang-1700.6.3.2)]
2026-04-23 17:12:36.927 [INFO]     doris_mcp_server.system:485 - Platform: darwin
2026-04-23 17:12:36.927 [INFO]     doris_mcp_server.system:486 - Working Directory: /Users/a1/Documents/Office/code/ms-proj
2026-04-23 17:12:36.927 [INFO]     doris_mcp_server.system:487 - Process ID: 12915
2026-04-23 17:12:36.927 [INFO]     doris_mcp_server.system:493 - Environment LOG_LEVEL: Not Set
2026-04-23 17:12:36.927 [INFO]     doris_mcp_server.system:493 - Environment LOG_FILE_PATH: Not Set
2026-04-23 17:12:36.927 [INFO]     doris_mcp_server.system:493 - Environment ENABLE_AUDIT: Not Set
2026-04-23 17:12:36.927 [INFO]     doris_mcp_server.system:493 - Environment AUDIT_FILE_PATH: Not Set
2026-04-23 17:12:36.927 [INFO]     doris_mcp_server.main:916 - Starting Doris MCP Server...
2026-04-23 17:12:36.927 [INFO]     doris_mcp_server.main:917 - Transport: stdio
2026-04-23 17:12:36.927 [INFO]     doris_mcp_server.main:918 - Log Level: INFO
2026-04-23 17:12:36.927 [INFO]     doris_mcp_server.utils.security:480 - All authentication methods are disabled - anonymous access allowed
2026-04-23 17:12:36.927 [INFO]     doris_mcp_server.utils.db:211 - Session  Cache initialized, save system session: False, save user session: False
2026-04-23 17:12:36.927 [INFO]     doris_mcp_server.utils.schema_extractor:105 - Loaded excluded database list: ['information_schema', 'mysql', 'performance_schema', 'sys', 'doris_metadata']
2026-04-23 17:12:36.927 [INFO]     doris_mcp_server.utils.data_governance_tools:45 - DataGovernanceTools initialized
2026-04-23 17:12:36.927 [INFO]     doris_mcp_server.utils.data_exploration_tools:45 - DataExplorationTools initialized
2026-04-23 17:12:36.927 [INFO]     doris_mcp_server.utils.data_quality_tools:50 - DataQualityTools initialized with atomic tools
2026-04-23 17:12:36.927 [INFO]     doris_mcp_server.utils.security_analytics_tools:39 - SecurityAnalyticsTools initialized
2026-04-23 17:12:36.927 [INFO]     doris_mcp_server.utils.dependency_analysis_tools:46 - DependencyAnalysisTools initialized
2026-04-23 17:12:36.927 [INFO]     doris_mcp_server.utils.performance_analytics_tools:46 - PerformanceAnalyticsTools initialized
2026-04-23 17:12:36.927 [INFO]     doris_mcp_server.tools.tools_manager:72 - DorisToolsManager initialized with business logic processors, v0.5.0 analytics tools, and ADBC query tools
2026-04-23 17:12:36.928 [INFO]     doris_mcp_server.main.DorisServer:428 - Starting Doris MCP Server (stdio mode)
2026-04-23 17:12:36.928 [INFO]     doris_mcp_server.utils.security:127 - DorisSecurityManager initialized successfully
2026-04-23 17:12:36.928 [INFO]     doris_mcp_server.main.DorisServer:433 - Security manager initialization completed
2026-04-23 17:12:36.928 [INFO]     doris_mcp_server.utils.db:950 - stdio mode database config validated: 124.71.61.163:19030
2026-04-23 17:12:36.928 [INFO]     doris_mcp_server.utils.db:960 - Testing database connectivity for stdio mode...
2026-04-23 17:12:37.199 [INFO]     doris_mcp_server.utils.db:1146 - 🔥 Warming up connection pool with 3 connections
2026-04-23 17:12:37.199 [INFO]     doris_mcp_server.utils.db:1180 - 🩺 Starting pool health monitor
2026-04-23 17:12:37.199 [INFO]     doris_mcp_server.utils.db:1194 - 🧹 Starting pool cleanup monitor
2026-04-23 17:12:37.400 [INFO]     doris_mcp_server.utils.db:1167 - ✅ Pool warmup completed, 3 connections created
2026-04-23 17:12:37.400 [INFO]     doris_mcp_server.utils.db:986 - Database connection established successfully for stdio mode
2026-04-23 17:12:37.400 [INFO]     doris_mcp_server.main.DorisServer:450 - Creating stdio_server transport...
2026-04-23 17:12:37.405 [INFO]     doris_mcp_server.main.DorisServer:456 - stdio_server streams created successfully
2026-04-23 17:12:37.405 [INFO]     doris_mcp_server.main.DorisServer:466 - Initialization options created successfully
2026-04-23 17:12:37.405 [INFO]     doris_mcp_server.main.DorisServer:469 - Starting to run MCP server...
2026-04-23 17:12:37.411 [INFO]     mcp.server.lowlevel.server:727 - Processing request of type ListToolsRequest
2026-04-23 17:12:37.412 [INFO]     doris_mcp_server.main.DorisServer:362 - Handling tool list request
2026-04-23 17:12:37.412 [INFO]     doris_mcp_server.main.DorisServer:364 - Returning 25 tools
2026-04-23 17:26:39.978 [INFO]     doris_mcp_server.utils.db:1288 - 🔄 Attempting pool recovery (attempt 1/3)
2026-04-23 17:26:43.127 [INFO]     doris_mcp_server.utils.db:1329 - ✅ Pool recovery successful on attempt 1
2026-04-23 17:26:43.128 [INFO]     doris_mcp_server.utils.db:1146 - 🔥 Warming up connection pool with 3 connections
2026-04-23 17:26:43.338 [INFO]     doris_mcp_server.utils.db:1167 - ✅ Pool warmup completed, 3 connections created
2026-04-23 21:48:23.054 [INFO]     doris_mcp_server.utils.db:1288 - 🔄 Attempting pool recovery (attempt 1/3)
2026-04-23 21:48:23.057 [INFO]     doris_mcp_server.utils.db:1288 - 🔄 Attempting pool recovery (attempt 2/3)
2026-04-23 21:48:25.061 [INFO]     doris_mcp_server.utils.db:1288 - 🔄 Attempting pool recovery (attempt 3/3)
2026-04-23 22:04:40.129 [INFO]     doris_mcp_server.utils.db:1329 - ✅ Pool recovery successful on attempt 3
2026-04-23 22:04:40.130 [INFO]     doris_mcp_server.utils.db:1146 - 🔥 Warming up connection pool with 3 connections
2026-04-23 22:04:40.309 [INFO]     doris_mcp_server.utils.db:1167 - ✅ Pool warmup completed, 3 connections created
2026-04-28 14:18:00.965 [INFO]     doris_mcp_server.log_cleanup:163 - Log cleanup scheduler started - cleanup every 24h, max age 30 days
2026-04-28 14:18:00.965 [INFO]     doris_mcp_server.logger:427 - ================================================================================
2026-04-28 14:18:00.965 [INFO]     doris_mcp_server.logger:428 - Doris MCP Server Logging System Initialized
2026-04-28 14:18:00.965 [INFO]     doris_mcp_server.logger:429 - Log Level: INFO
2026-04-28 14:18:00.965 [INFO]     doris_mcp_server.logger:431 - Log Directory: /Users/a1/Documents/Office/code/ms-proj/logs
2026-04-28 14:18:00.965 [INFO]     doris_mcp_server.logger:434 - Console Logging: Disabled
2026-04-28 14:18:00.965 [INFO]     doris_mcp_server.logger:435 - File Logging: Enabled
2026-04-28 14:18:00.965 [INFO]     doris_mcp_server.logger:436 - Audit Logging: Enabled
2026-04-28 14:18:00.965 [INFO]     doris_mcp_server.logger:437 - Log Cleanup: Enabled
2026-04-28 14:18:00.965 [INFO]     doris_mcp_server.logger:439 - Cleanup Settings: Max age 30 days, interval 24h
2026-04-28 14:18:00.965 [INFO]     doris_mcp_server.logger:443 - ================================================================================
2026-04-28 14:18:00.965 [INFO]     doris_mcp_server.utils.config:948 - Enhanced logging system with cleanup initialized successfully
2026-04-28 14:18:00.966 [INFO]     doris_mcp_server.utils.config:949 - Log directory: logs
2026-04-28 14:18:00.966 [INFO]     doris_mcp_server.utils.config:950 - Log level: INFO
2026-04-28 14:18:00.966 [INFO]     doris_mcp_server.utils.config:951 - Audit logging: Enabled
2026-04-28 14:18:00.966 [INFO]     doris_mcp_server.utils.config:952 - Log cleanup: Enabled
2026-04-28 14:18:00.966 [INFO]     doris_mcp_server.utils.config:954 - Cleanup config: Max age 30 days, interval 24h
2026-04-28 14:18:00.966 [INFO]     doris_mcp_server.system:483 - System Information:
2026-04-28 14:18:00.966 [INFO]     doris_mcp_server.system:484 - Python Version: 3.12.13 (main, Mar  3 2026, 12:39:30) [Clang 17.0.0 (clang-1700.6.3.2)]
2026-04-28 14:18:00.966 [INFO]     doris_mcp_server.system:485 - Platform: darwin
2026-04-28 14:18:00.966 [INFO]     doris_mcp_server.system:486 - Working Directory: /Users/a1/Documents/Office/code/ms-proj
2026-04-28 14:18:00.966 [INFO]     doris_mcp_server.system:487 - Process ID: 53591
2026-04-28 14:18:00.966 [INFO]     doris_mcp_server.system:493 - Environment LOG_LEVEL: Not Set
2026-04-28 14:18:00.966 [INFO]     doris_mcp_server.system:493 - Environment LOG_FILE_PATH: Not Set
2026-04-28 14:18:00.966 [INFO]     doris_mcp_server.system:493 - Environment ENABLE_AUDIT: Not Set
2026-04-28 14:18:00.966 [INFO]     doris_mcp_server.system:493 - Environment AUDIT_FILE_PATH: Not Set
2026-04-28 14:18:00.966 [INFO]     doris_mcp_server.main:916 - Starting Doris MCP Server...
2026-04-28 14:18:00.966 [INFO]     doris_mcp_server.main:917 - Transport: stdio
2026-04-28 14:18:00.966 [INFO]     doris_mcp_server.main:918 - Log Level: INFO
2026-04-28 14:18:00.966 [INFO]     doris_mcp_server.utils.security:480 - All authentication methods are disabled - anonymous access allowed
2026-04-28 14:18:00.966 [INFO]     doris_mcp_server.utils.db:211 - Session  Cache initialized, save system session: False, save user session: False
2026-04-28 14:18:00.966 [INFO]     doris_mcp_server.utils.schema_extractor:105 - Loaded excluded database list: ['information_schema', 'mysql', 'performance_schema', 'sys', 'doris_metadata']
2026-04-28 14:18:00.966 [INFO]     doris_mcp_server.utils.data_governance_tools:45 - DataGovernanceTools initialized
2026-04-28 14:18:00.966 [INFO]     doris_mcp_server.utils.data_exploration_tools:45 - DataExplorationTools initialized
2026-04-28 14:18:00.966 [INFO]     doris_mcp_server.utils.data_quality_tools:50 - DataQualityTools initialized with atomic tools
2026-04-28 14:18:00.966 [INFO]     doris_mcp_server.utils.security_analytics_tools:39 - SecurityAnalyticsTools initialized
2026-04-28 14:18:00.966 [INFO]     doris_mcp_server.utils.dependency_analysis_tools:46 - DependencyAnalysisTools initialized
2026-04-28 14:18:00.966 [INFO]     doris_mcp_server.utils.performance_analytics_tools:46 - PerformanceAnalyticsTools initialized
2026-04-28 14:18:00.966 [INFO]     doris_mcp_server.tools.tools_manager:72 - DorisToolsManager initialized with business logic processors, v0.5.0 analytics tools, and ADBC query tools
2026-04-28 14:18:00.967 [INFO]     doris_mcp_server.main.DorisServer:428 - Starting Doris MCP Server (stdio mode)
2026-04-28 14:18:00.967 [INFO]     doris_mcp_server.utils.security:127 - DorisSecurityManager initialized successfully
2026-04-28 14:18:00.967 [INFO]     doris_mcp_server.main.DorisServer:433 - Security manager initialization completed
2026-04-28 14:18:00.967 [INFO]     doris_mcp_server.utils.db:950 - stdio mode database config validated: 124.71.61.163:19030
2026-04-28 14:18:00.967 [INFO]     doris_mcp_server.utils.db:960 - Testing database connectivity for stdio mode...
2026-04-28 14:18:01.464 [INFO]     doris_mcp_server.utils.db:1146 - 🔥 Warming up connection pool with 3 connections
2026-04-28 14:18:01.464 [INFO]     doris_mcp_server.utils.db:1180 - 🩺 Starting pool health monitor
2026-04-28 14:18:01.464 [INFO]     doris_mcp_server.utils.db:1194 - 🧹 Starting pool cleanup monitor
2026-04-28 14:18:01.677 [INFO]     doris_mcp_server.utils.db:1167 - ✅ Pool warmup completed, 3 connections created
2026-04-28 14:18:01.678 [INFO]     doris_mcp_server.utils.db:986 - Database connection established successfully for stdio mode
2026-04-28 14:18:01.678 [INFO]     doris_mcp_server.main.DorisServer:450 - Creating stdio_server transport...
2026-04-28 14:18:01.684 [INFO]     doris_mcp_server.main.DorisServer:456 - stdio_server streams created successfully
2026-04-28 14:18:01.684 [INFO]     doris_mcp_server.main.DorisServer:466 - Initialization options created successfully
2026-04-28 14:18:01.684 [INFO]     doris_mcp_server.main.DorisServer:469 - Starting to run MCP server...
2026-04-28 14:18:01.693 [INFO]     mcp.server.lowlevel.server:727 - Processing request of type ListToolsRequest
2026-04-28 14:18:01.693 [INFO]     doris_mcp_server.main.DorisServer:362 - Handling tool list request
2026-04-28 14:18:01.693 [INFO]     doris_mcp_server.main.DorisServer:364 - Returning 25 tools
2026-04-29 16:42:05.219 [INFO]     doris_mcp_server.utils.db:1288 - 🔄 Attempting pool recovery (attempt 1/3)
2026-04-29 16:42:08.354 [INFO]     doris_mcp_server.utils.db:1329 - ✅ Pool recovery successful on attempt 1
2026-04-29 16:42:08.355 [INFO]     doris_mcp_server.utils.db:1146 - 🔥 Warming up connection pool with 3 connections
2026-04-29 16:42:08.553 [INFO]     doris_mcp_server.utils.db:1167 - ✅ Pool warmup completed, 3 connections created
2026-04-29 16:56:55.711 [INFO]     doris_mcp_server.utils.db:1288 - 🔄 Attempting pool recovery (attempt 1/3)
2026-04-29 16:57:03.717 [INFO]     doris_mcp_server.utils.db:1288 - 🔄 Attempting pool recovery (attempt 2/3)
2026-04-29 16:57:06.871 [INFO]     doris_mcp_server.utils.db:1329 - ✅ Pool recovery successful on attempt 2
2026-04-29 16:57:06.872 [INFO]     doris_mcp_server.utils.db:1146 - 🔥 Warming up connection pool with 3 connections
2026-04-29 16:57:10.082 [INFO]     doris_mcp_server.utils.db:1167 - ✅ Pool warmup completed, 3 connections created
2026-04-29 17:02:11.726 [INFO]     doris_mcp_server.utils.db:1288 - 🔄 Attempting pool recovery (attempt 1/3)
2026-04-29 17:02:14.838 [INFO]     doris_mcp_server.utils.db:1329 - ✅ Pool recovery successful on attempt 1
2026-04-29 17:02:14.839 [INFO]     doris_mcp_server.utils.db:1146 - 🔥 Warming up connection pool with 3 connections
2026-04-29 17:02:15.038 [INFO]     doris_mcp_server.utils.db:1167 - ✅ Pool warmup completed, 3 connections created
2026-04-29 18:21:24.605 [INFO]     doris_mcp_server.utils.db:1288 - 🔄 Attempting pool recovery (attempt 1/3)
2026-04-29 18:21:27.726 [INFO]     doris_mcp_server.utils.db:1329 - ✅ Pool recovery successful on attempt 1
2026-04-29 18:21:27.726 [INFO]     doris_mcp_server.utils.db:1146 - 🔥 Warming up connection pool with 3 connections
2026-04-29 18:21:27.958 [INFO]     doris_mcp_server.utils.db:1167 - ✅ Pool warmup completed, 3 connections created
2026-04-29 18:37:51.667 [INFO]     doris_mcp_server.utils.db:1288 - 🔄 Attempting pool recovery (attempt 1/3)
2026-04-29 18:37:54.805 [INFO]     doris_mcp_server.utils.db:1329 - ✅ Pool recovery successful on attempt 1
2026-04-29 18:37:54.806 [INFO]     doris_mcp_server.utils.db:1146 - 🔥 Warming up connection pool with 3 connections
2026-04-29 18:37:55.973 [INFO]     doris_mcp_server.utils.db:1167 - ✅ Pool warmup completed, 3 connections created
2026-04-29 18:56:24.413 [INFO]     doris_mcp_server.utils.db:1288 - 🔄 Attempting pool recovery (attempt 1/3)
2026-04-29 18:56:24.523 [INFO]     doris_mcp_server.utils.db:1329 - ✅ Pool recovery successful on attempt 1
2026-04-29 18:56:24.524 [INFO]     doris_mcp_server.utils.db:1146 - 🔥 Warming up connection pool with 3 connections
2026-04-29 18:56:24.690 [INFO]     doris_mcp_server.utils.db:1167 - ✅ Pool warmup completed, 3 connections created
2026-04-29 19:16:58.970 [INFO]     doris_mcp_server.utils.db:1288 - 🔄 Attempting pool recovery (attempt 1/3)
2026-04-29 19:16:59.080 [INFO]     doris_mcp_server.utils.db:1329 - ✅ Pool recovery successful on attempt 1
2026-04-29 19:16:59.080 [INFO]     doris_mcp_server.utils.db:1146 - 🔥 Warming up connection pool with 3 connections
2026-04-29 19:16:59.254 [INFO]     doris_mcp_server.utils.db:1167 - ✅ Pool warmup completed, 3 connections created
2026-04-29 19:33:39.619 [INFO]     doris_mcp_server.utils.db:1288 - 🔄 Attempting pool recovery (attempt 1/3)
2026-04-29 19:33:42.796 [INFO]     doris_mcp_server.utils.db:1329 - ✅ Pool recovery successful on attempt 1
2026-04-29 19:33:42.797 [INFO]     doris_mcp_server.utils.db:1146 - 🔥 Warming up connection pool with 3 connections
2026-04-29 19:33:42.958 [INFO]     doris_mcp_server.utils.db:1167 - ✅ Pool warmup completed, 3 connections created
2026-04-29 19:50:52.490 [INFO]     doris_mcp_server.utils.db:1288 - 🔄 Attempting pool recovery (attempt 1/3)
2026-04-29 19:50:55.623 [INFO]     doris_mcp_server.utils.db:1329 - ✅ Pool recovery successful on attempt 1
2026-04-29 19:50:55.624 [INFO]     doris_mcp_server.utils.db:1146 - 🔥 Warming up connection pool with 3 connections
2026-04-29 20:20:35.774 [INFO]     doris_mcp_server.utils.db:1288 - 🔄 Attempting pool recovery (attempt 1/3)
2026-04-29 20:20:38.903 [INFO]     doris_mcp_server.utils.db:1329 - ✅ Pool recovery successful on attempt 1
2026-04-29 20:20:38.903 [INFO]     doris_mcp_server.utils.db:1146 - 🔥 Warming up connection pool with 3 connections
2026-04-29 20:20:39.082 [INFO]     doris_mcp_server.utils.db:1167 - ✅ Pool warmup completed, 3 connections created
2026-04-29 20:39:05.347 [INFO]     doris_mcp_server.utils.db:1288 - 🔄 Attempting pool recovery (attempt 1/3)
2026-04-29 20:39:05.470 [INFO]     doris_mcp_server.utils.db:1329 - ✅ Pool recovery successful on attempt 1
2026-04-29 20:39:05.470 [INFO]     doris_mcp_server.utils.db:1146 - 🔥 Warming up connection pool with 3 connections
2026-04-29 20:39:05.680 [INFO]     doris_mcp_server.utils.db:1167 - ✅ Pool warmup completed, 3 connections created
2026-04-29 20:55:54.823 [INFO]     doris_mcp_server.utils.db:1288 - 🔄 Attempting pool recovery (attempt 1/3)
2026-04-29 20:55:54.924 [INFO]     doris_mcp_server.utils.db:1329 - ✅ Pool recovery successful on attempt 1
2026-04-29 20:55:54.924 [INFO]     doris_mcp_server.utils.db:1146 - 🔥 Warming up connection pool with 3 connections
2026-04-29 20:55:55.091 [INFO]     doris_mcp_server.utils.db:1167 - ✅ Pool warmup completed, 3 connections created
2026-04-29 21:05:44.343 [INFO]     doris_mcp_server.utils.db:1288 - 🔄 Attempting pool recovery (attempt 1/3)
2026-04-29 21:05:44.482 [INFO]     doris_mcp_server.utils.db:1329 - ✅ Pool recovery successful on attempt 1
2026-04-29 21:05:44.483 [INFO]     doris_mcp_server.utils.db:1146 - 🔥 Warming up connection pool with 3 connections
2026-04-29 21:05:44.688 [INFO]     doris_mcp_server.utils.db:1167 - ✅ Pool warmup completed, 3 connections created
2026-04-29 21:22:26.258 [INFO]     doris_mcp_server.utils.db:1288 - 🔄 Attempting pool recovery (attempt 1/3)
2026-04-29 21:22:29.357 [INFO]     doris_mcp_server.utils.db:1329 - ✅ Pool recovery successful on attempt 1
2026-04-29 21:22:29.358 [INFO]     doris_mcp_server.utils.db:1146 - 🔥 Warming up connection pool with 3 connections
2026-04-29 21:22:29.581 [INFO]     doris_mcp_server.utils.db:1167 - ✅ Pool warmup completed, 3 connections created
2026-04-29 21:38:26.691 [INFO]     doris_mcp_server.utils.db:1288 - 🔄 Attempting pool recovery (attempt 1/3)
2026-04-29 21:38:30.803 [INFO]     doris_mcp_server.utils.db:1329 - ✅ Pool recovery successful on attempt 1
2026-04-29 21:38:30.803 [INFO]     doris_mcp_server.utils.db:1146 - 🔥 Warming up connection pool with 3 connections
2026-04-29 21:38:30.991 [INFO]     doris_mcp_server.utils.db:1167 - ✅ Pool warmup completed, 3 connections created
2026-04-29 21:56:52.595 [INFO]     doris_mcp_server.utils.db:1288 - 🔄 Attempting pool recovery (attempt 1/3)
2026-04-29 21:56:55.732 [INFO]     doris_mcp_server.utils.db:1329 - ✅ Pool recovery successful on attempt 1
2026-04-29 21:56:55.733 [INFO]     doris_mcp_server.utils.db:1146 - 🔥 Warming up connection pool with 3 connections
2026-04-29 21:56:55.915 [INFO]     doris_mcp_server.utils.db:1167 - ✅ Pool warmup completed, 3 connections created
2026-04-29 22:06:48.186 [INFO]     doris_mcp_server.utils.db:1288 - 🔄 Attempting pool recovery (attempt 1/3)
2026-04-29 22:06:48.296 [INFO]     doris_mcp_server.utils.db:1329 - ✅ Pool recovery successful on attempt 1
2026-04-29 22:06:48.296 [INFO]     doris_mcp_server.utils.db:1146 - 🔥 Warming up connection pool with 3 connections
2026-04-29 22:06:48.497 [INFO]     doris_mcp_server.utils.db:1167 - ✅ Pool warmup completed, 3 connections created
2026-04-29 22:25:26.479 [INFO]     doris_mcp_server.utils.db:1288 - 🔄 Attempting pool recovery (attempt 1/3)
2026-04-29 22:25:26.607 [INFO]     doris_mcp_server.utils.db:1329 - ✅ Pool recovery successful on attempt 1
2026-04-29 22:25:26.608 [INFO]     doris_mcp_server.utils.db:1146 - 🔥 Warming up connection pool with 3 connections
2026-04-29 22:25:26.775 [INFO]     doris_mcp_server.utils.db:1167 - ✅ Pool warmup completed, 3 connections created
2026-04-29 22:41:16.879 [INFO]     doris_mcp_server.utils.db:1288 - 🔄 Attempting pool recovery (attempt 1/3)
2026-04-29 22:56:34.674 [INFO]     doris_mcp_server.utils.db:1329 - ✅ Pool recovery successful on attempt 1
2026-04-29 22:56:34.675 [INFO]     doris_mcp_server.utils.db:1146 - 🔥 Warming up connection pool with 3 connections
2026-04-29 22:56:34.834 [INFO]     doris_mcp_server.utils.db:1167 - ✅ Pool warmup completed, 3 connections created
2026-04-29 23:13:03.929 [INFO]     doris_mcp_server.utils.db:1288 - 🔄 Attempting pool recovery (attempt 1/3)
2026-04-29 23:13:04.043 [INFO]     doris_mcp_server.utils.db:1329 - ✅ Pool recovery successful on attempt 1
2026-04-29 23:13:04.043 [INFO]     doris_mcp_server.utils.db:1146 - 🔥 Warming up connection pool with 3 connections
2026-04-29 23:13:04.202 [INFO]     doris_mcp_server.utils.db:1167 - ✅ Pool warmup completed, 3 connections created
2026-04-29 23:29:16.248 [INFO]     doris_mcp_server.utils.db:1288 - 🔄 Attempting pool recovery (attempt 1/3)
2026-04-29 23:29:16.377 [INFO]     doris_mcp_server.utils.db:1329 - ✅ Pool recovery successful on attempt 1
2026-04-29 23:29:16.378 [INFO]     doris_mcp_server.utils.db:1146 - 🔥 Warming up connection pool with 3 connections
2026-04-29 23:29:16.564 [INFO]     doris_mcp_server.utils.db:1167 - ✅ Pool warmup completed, 3 connections created
2026-04-29 23:46:47.166 [INFO]     doris_mcp_server.utils.db:1288 - 🔄 Attempting pool recovery (attempt 1/3)
2026-04-29 23:46:47.299 [INFO]     doris_mcp_server.utils.db:1329 - ✅ Pool recovery successful on attempt 1
2026-04-29 23:46:47.299 [INFO]     doris_mcp_server.utils.db:1146 - 🔥 Warming up connection pool with 3 connections
2026-04-29 23:46:47.515 [INFO]     doris_mcp_server.utils.db:1167 - ✅ Pool warmup completed, 3 connections created
2026-04-30 00:02:41.796 [INFO]     doris_mcp_server.utils.db:1288 - 🔄 Attempting pool recovery (attempt 1/3)
2026-04-30 00:02:44.923 [INFO]     doris_mcp_server.utils.db:1329 - ✅ Pool recovery successful on attempt 1
2026-04-30 00:02:44.923 [INFO]     doris_mcp_server.utils.db:1146 - 🔥 Warming up connection pool with 3 connections
2026-04-30 00:02:45.134 [INFO]     doris_mcp_server.utils.db:1167 - ✅ Pool warmup completed, 3 connections created
2026-04-30 00:19:12.378 [INFO]     doris_mcp_server.utils.db:1288 - 🔄 Attempting pool recovery (attempt 1/3)
2026-04-30 00:19:15.506 [INFO]     doris_mcp_server.utils.db:1329 - ✅ Pool recovery successful on attempt 1
2026-04-30 00:19:15.507 [INFO]     doris_mcp_server.utils.db:1146 - 🔥 Warming up connection pool with 3 connections
2026-04-30 00:19:15.700 [INFO]     doris_mcp_server.utils.db:1167 - ✅ Pool warmup completed, 3 connections created
2026-04-30 00:35:32.107 [INFO]     doris_mcp_server.utils.db:1288 - 🔄 Attempting pool recovery (attempt 1/3)
2026-04-30 00:35:32.205 [INFO]     doris_mcp_server.utils.db:1329 - ✅ Pool recovery successful on attempt 1
2026-04-30 00:35:32.205 [INFO]     doris_mcp_server.utils.db:1146 - 🔥 Warming up connection pool with 3 connections
2026-04-30 00:35:32.349 [INFO]     doris_mcp_server.utils.db:1167 - ✅ Pool warmup completed, 3 connections created
2026-04-30 00:52:28.945 [INFO]     doris_mcp_server.utils.db:1288 - 🔄 Attempting pool recovery (attempt 1/3)
2026-04-30 01:08:12.884 [INFO]     doris_mcp_server.utils.db:1329 - ✅ Pool recovery successful on attempt 1
2026-04-30 01:08:12.884 [INFO]     doris_mcp_server.utils.db:1146 - 🔥 Warming up connection pool with 3 connections
2026-04-30 01:08:13.058 [INFO]     doris_mcp_server.utils.db:1167 - ✅ Pool warmup completed, 3 connections created
2026-04-30 01:24:51.127 [INFO]     doris_mcp_server.utils.db:1288 - 🔄 Attempting pool recovery (attempt 1/3)
2026-04-30 01:24:54.231 [INFO]     doris_mcp_server.utils.db:1329 - ✅ Pool recovery successful on attempt 1
2026-04-30 01:24:54.231 [INFO]     doris_mcp_server.utils.db:1146 - 🔥 Warming up connection pool with 3 connections
2026-04-30 01:24:54.406 [INFO]     doris_mcp_server.utils.db:1167 - ✅ Pool warmup completed, 3 connections created
2026-04-30 01:41:57.503 [INFO]     doris_mcp_server.utils.db:1288 - 🔄 Attempting pool recovery (attempt 1/3)
2026-04-30 01:42:00.625 [INFO]     doris_mcp_server.utils.db:1329 - ✅ Pool recovery successful on attempt 1
2026-04-30 01:42:00.626 [INFO]     doris_mcp_server.utils.db:1146 - 🔥 Warming up connection pool with 3 connections
2026-04-30 01:42:00.808 [INFO]     doris_mcp_server.utils.db:1167 - ✅ Pool warmup completed, 3 connections created
2026-04-30 02:01:01.052 [INFO]     doris_mcp_server.utils.db:1288 - 🔄 Attempting pool recovery (attempt 1/3)
2026-04-30 02:01:04.149 [INFO]     doris_mcp_server.utils.db:1329 - ✅ Pool recovery successful on attempt 1
2026-04-30 02:01:04.149 [INFO]     doris_mcp_server.utils.db:1146 - 🔥 Warming up connection pool with 3 connections
2026-04-30 02:01:04.308 [INFO]     doris_mcp_server.utils.db:1167 - ✅ Pool warmup completed, 3 connections created
2026-04-30 02:17:21.905 [INFO]     doris_mcp_server.utils.db:1288 - 🔄 Attempting pool recovery (attempt 1/3)
2026-04-30 02:17:25.015 [INFO]     doris_mcp_server.utils.db:1329 - ✅ Pool recovery successful on attempt 1
2026-04-30 02:17:25.015 [INFO]     doris_mcp_server.utils.db:1146 - 🔥 Warming up connection pool with 3 connections
2026-04-30 02:17:25.197 [INFO]     doris_mcp_server.utils.db:1167 - ✅ Pool warmup completed, 3 connections created
2026-04-30 02:34:01.309 [INFO]     doris_mcp_server.utils.db:1288 - 🔄 Attempting pool recovery (attempt 1/3)
2026-04-30 02:34:04.415 [INFO]     doris_mcp_server.utils.db:1329 - ✅ Pool recovery successful on attempt 1
2026-04-30 02:34:04.416 [INFO]     doris_mcp_server.utils.db:1146 - 🔥 Warming up connection pool with 3 connections
2026-04-30 02:34:04.598 [INFO]     doris_mcp_server.utils.db:1167 - ✅ Pool warmup completed, 3 connections created
2026-04-30 02:49:59.300 [INFO]     doris_mcp_server.utils.db:1288 - 🔄 Attempting pool recovery (attempt 1/3)
2026-04-30 02:49:59.447 [INFO]     doris_mcp_server.utils.db:1329 - ✅ Pool recovery successful on attempt 1
2026-04-30 02:49:59.448 [INFO]     doris_mcp_server.utils.db:1146 - 🔥 Warming up connection pool with 3 connections
2026-04-30 02:49:59.617 [INFO]     doris_mcp_server.utils.db:1167 - ✅ Pool warmup completed, 3 connections created
2026-04-30 03:06:34.035 [INFO]     doris_mcp_server.utils.db:1288 - 🔄 Attempting pool recovery (attempt 1/3)
2026-04-30 03:06:34.179 [INFO]     doris_mcp_server.utils.db:1329 - ✅ Pool recovery successful on attempt 1
2026-04-30 03:06:34.179 [INFO]     doris_mcp_server.utils.db:1146 - 🔥 Warming up connection pool with 3 connections
2026-04-30 03:06:34.336 [INFO]     doris_mcp_server.utils.db:1167 - ✅ Pool warmup completed, 3 connections created
2026-04-30 03:24:22.438 [INFO]     doris_mcp_server.utils.db:1288 - 🔄 Attempting pool recovery (attempt 1/3)
2026-04-30 03:24:25.553 [INFO]     doris_mcp_server.utils.db:1329 - ✅ Pool recovery successful on attempt 1
2026-04-30 03:24:25.553 [INFO]     doris_mcp_server.utils.db:1146 - 🔥 Warming up connection pool with 3 connections
2026-04-30 03:24:25.767 [INFO]     doris_mcp_server.utils.db:1167 - ✅ Pool warmup completed, 3 connections created
2026-04-30 03:42:05.973 [INFO]     doris_mcp_server.utils.db:1288 - 🔄 Attempting pool recovery (attempt 1/3)
2026-04-30 03:42:09.072 [INFO]     doris_mcp_server.utils.db:1329 - ✅ Pool recovery successful on attempt 1
2026-04-30 03:42:09.072 [INFO]     doris_mcp_server.utils.db:1146 - 🔥 Warming up connection pool with 3 connections
2026-04-30 03:42:09.248 [INFO]     doris_mcp_server.utils.db:1167 - ✅ Pool warmup completed, 3 connections created
2026-04-30 03:59:02.323 [INFO]     doris_mcp_server.utils.db:1288 - 🔄 Attempting pool recovery (attempt 1/3)
2026-04-30 03:59:05.426 [INFO]     doris_mcp_server.utils.db:1329 - ✅ Pool recovery successful on attempt 1
2026-04-30 03:59:05.427 [INFO]     doris_mcp_server.utils.db:1146 - 🔥 Warming up connection pool with 3 connections
2026-04-30 03:59:05.601 [INFO]     doris_mcp_server.utils.db:1167 - ✅ Pool warmup completed, 3 connections created
2026-04-30 04:15:52.443 [INFO]     doris_mcp_server.utils.db:1288 - 🔄 Attempting pool recovery (attempt 1/3)
2026-04-30 04:15:52.577 [INFO]     doris_mcp_server.utils.db:1329 - ✅ Pool recovery successful on attempt 1
2026-04-30 04:15:52.577 [INFO]     doris_mcp_server.utils.db:1146 - 🔥 Warming up connection pool with 3 connections
2026-04-30 04:15:52.746 [INFO]     doris_mcp_server.utils.db:1167 - ✅ Pool warmup completed, 3 connections created
2026-04-30 04:32:26.220 [INFO]     doris_mcp_server.utils.db:1288 - 🔄 Attempting pool recovery (attempt 1/3)
2026-04-30 04:32:29.315 [INFO]     doris_mcp_server.utils.db:1329 - ✅ Pool recovery successful on attempt 1
2026-04-30 04:32:29.315 [INFO]     doris_mcp_server.utils.db:1146 - 🔥 Warming up connection pool with 3 connections
2026-04-30 04:32:29.484 [INFO]     doris_mcp_server.utils.db:1167 - ✅ Pool warmup completed, 3 connections created
2026-04-30 04:49:59.276 [INFO]     doris_mcp_server.utils.db:1288 - 🔄 Attempting pool recovery (attempt 1/3)
2026-04-30 04:50:02.401 [INFO]     doris_mcp_server.utils.db:1329 - ✅ Pool recovery successful on attempt 1
2026-04-30 04:50:02.401 [INFO]     doris_mcp_server.utils.db:1146 - 🔥 Warming up connection pool with 3 connections
2026-04-30 04:50:02.598 [INFO]     doris_mcp_server.utils.db:1167 - ✅ Pool warmup completed, 3 connections created
2026-04-30 05:00:03.946 [INFO]     doris_mcp_server.utils.db:1288 - 🔄 Attempting pool recovery (attempt 1/3)
2026-04-30 05:00:07.068 [INFO]     doris_mcp_server.utils.db:1329 - ✅ Pool recovery successful on attempt 1
2026-04-30 05:00:07.069 [INFO]     doris_mcp_server.utils.db:1146 - 🔥 Warming up connection pool with 3 connections
2026-04-30 05:00:07.270 [INFO]     doris_mcp_server.utils.db:1167 - ✅ Pool warmup completed, 3 connections created
2026-04-30 05:18:36.485 [INFO]     doris_mcp_server.utils.db:1288 - 🔄 Attempting pool recovery (attempt 1/3)
2026-04-30 05:18:36.579 [INFO]     doris_mcp_server.utils.db:1329 - ✅ Pool recovery successful on attempt 1
2026-04-30 05:18:36.580 [INFO]     doris_mcp_server.utils.db:1146 - 🔥 Warming up connection pool with 3 connections
2026-04-30 05:18:36.741 [INFO]     doris_mcp_server.utils.db:1167 - ✅ Pool warmup completed, 3 connections created
2026-04-30 05:36:53.863 [INFO]     doris_mcp_server.utils.db:1288 - 🔄 Attempting pool recovery (attempt 1/3)
2026-04-30 05:36:54.004 [INFO]     doris_mcp_server.utils.db:1329 - ✅ Pool recovery successful on attempt 1
2026-04-30 05:36:54.005 [INFO]     doris_mcp_server.utils.db:1146 - 🔥 Warming up connection pool with 3 connections
2026-04-30 05:36:54.179 [INFO]     doris_mcp_server.utils.db:1167 - ✅ Pool warmup completed, 3 connections created
2026-04-30 05:52:55.571 [INFO]     doris_mcp_server.utils.db:1288 - 🔄 Attempting pool recovery (attempt 1/3)
2026-04-30 05:52:55.739 [INFO]     doris_mcp_server.utils.db:1329 - ✅ Pool recovery successful on attempt 1
2026-04-30 05:52:55.739 [INFO]     doris_mcp_server.utils.db:1146 - 🔥 Warming up connection pool with 3 connections
2026-04-30 05:52:55.954 [INFO]     doris_mcp_server.utils.db:1167 - ✅ Pool warmup completed, 3 connections created
2026-04-30 06:00:56.189 [INFO]     doris_mcp_server.utils.db:1288 - 🔄 Attempting pool recovery (attempt 1/3)
2026-04-30 06:00:59.289 [INFO]     doris_mcp_server.utils.db:1329 - ✅ Pool recovery successful on attempt 1
2026-04-30 06:00:59.290 [INFO]     doris_mcp_server.utils.db:1146 - 🔥 Warming up connection pool with 3 connections
2026-04-30 06:00:59.446 [INFO]     doris_mcp_server.utils.db:1167 - ✅ Pool warmup completed, 3 connections created
2026-04-30 06:17:32.477 [INFO]     doris_mcp_server.utils.db:1288 - 🔄 Attempting pool recovery (attempt 1/3)
2026-04-30 06:17:35.626 [INFO]     doris_mcp_server.utils.db:1329 - ✅ Pool recovery successful on attempt 1
2026-04-30 06:17:35.627 [INFO]     doris_mcp_server.utils.db:1146 - 🔥 Warming up connection pool with 3 connections
2026-04-30 06:17:35.817 [INFO]     doris_mcp_server.utils.db:1167 - ✅ Pool warmup completed, 3 connections created
2026-04-30 06:34:48.460 [INFO]     doris_mcp_server.utils.db:1288 - 🔄 Attempting pool recovery (attempt 1/3)
2026-04-30 06:34:51.576 [INFO]     doris_mcp_server.utils.db:1329 - ✅ Pool recovery successful on attempt 1
2026-04-30 06:34:51.576 [INFO]     doris_mcp_server.utils.db:1146 - 🔥 Warming up connection pool with 3 connections
2026-04-30 06:34:51.792 [INFO]     doris_mcp_server.utils.db:1167 - ✅ Pool warmup completed, 3 connections created
2026-04-30 06:51:32.214 [INFO]     doris_mcp_server.utils.db:1288 - 🔄 Attempting pool recovery (attempt 1/3)
2026-04-30 06:51:32.343 [INFO]     doris_mcp_server.utils.db:1329 - ✅ Pool recovery successful on attempt 1
2026-04-30 06:51:32.343 [INFO]     doris_mcp_server.utils.db:1146 - 🔥 Warming up connection pool with 3 connections
2026-04-30 06:51:32.505 [INFO]     doris_mcp_server.utils.db:1167 - ✅ Pool warmup completed, 3 connections created
2026-04-30 07:02:06.671 [INFO]     doris_mcp_server.utils.db:1288 - 🔄 Attempting pool recovery (attempt 1/3)
2026-04-30 07:02:06.778 [INFO]     doris_mcp_server.utils.db:1329 - ✅ Pool recovery successful on attempt 1
2026-04-30 07:02:06.779 [INFO]     doris_mcp_server.utils.db:1146 - 🔥 Warming up connection pool with 3 connections
2026-04-30 07:02:06.964 [INFO]     doris_mcp_server.utils.db:1167 - ✅ Pool warmup completed, 3 connections created
2026-04-30 07:19:04.724 [INFO]     doris_mcp_server.utils.db:1288 - 🔄 Attempting pool recovery (attempt 1/3)
2026-04-30 07:19:07.856 [INFO]     doris_mcp_server.utils.db:1329 - ✅ Pool recovery successful on attempt 1
2026-04-30 07:19:07.857 [INFO]     doris_mcp_server.utils.db:1146 - 🔥 Warming up connection pool with 3 connections
2026-04-30 07:19:08.020 [INFO]     doris_mcp_server.utils.db:1167 - ✅ Pool warmup completed, 3 connections created
2026-04-30 07:36:43.310 [INFO]     doris_mcp_server.utils.db:1288 - 🔄 Attempting pool recovery (attempt 1/3)
2026-04-30 07:36:46.413 [INFO]     doris_mcp_server.utils.db:1329 - ✅ Pool recovery successful on attempt 1
2026-04-30 07:36:46.413 [INFO]     doris_mcp_server.utils.db:1146 - 🔥 Warming up connection pool with 3 connections
2026-04-30 07:36:46.595 [INFO]     doris_mcp_server.utils.db:1167 - ✅ Pool warmup completed, 3 connections created
2026-04-30 07:53:32.120 [INFO]     doris_mcp_server.utils.db:1288 - 🔄 Attempting pool recovery (attempt 1/3)
2026-04-30 07:53:35.246 [INFO]     doris_mcp_server.utils.db:1329 - ✅ Pool recovery successful on attempt 1
2026-04-30 07:53:35.246 [INFO]     doris_mcp_server.utils.db:1146 - 🔥 Warming up connection pool with 3 connections
2026-04-30 07:53:35.418 [INFO]     doris_mcp_server.utils.db:1167 - ✅ Pool warmup completed, 3 connections created
2026-04-30 08:03:03.071 [INFO]     doris_mcp_server.utils.db:1288 - 🔄 Attempting pool recovery (attempt 1/3)
2026-04-30 08:03:03.161 [INFO]     doris_mcp_server.utils.db:1329 - ✅ Pool recovery successful on attempt 1
2026-04-30 08:03:03.161 [INFO]     doris_mcp_server.utils.db:1146 - 🔥 Warming up connection pool with 3 connections
2026-04-30 08:03:03.317 [INFO]     doris_mcp_server.utils.db:1167 - ✅ Pool warmup completed, 3 connections created
2026-04-30 08:20:27.318 [INFO]     doris_mcp_server.utils.db:1288 - 🔄 Attempting pool recovery (attempt 1/3)
2026-04-30 08:20:30.430 [INFO]     doris_mcp_server.utils.db:1329 - ✅ Pool recovery successful on attempt 1
2026-04-30 08:20:30.431 [INFO]     doris_mcp_server.utils.db:1146 - 🔥 Warming up connection pool with 3 connections
2026-04-30 08:20:30.614 [INFO]     doris_mcp_server.utils.db:1167 - ✅ Pool warmup completed, 3 connections created
2026-04-30 08:32:28.720 [INFO]     doris_mcp_server.utils.db:1288 - 🔄 Attempting pool recovery (attempt 1/3)
2026-04-30 08:32:31.874 [INFO]     doris_mcp_server.utils.db:1329 - ✅ Pool recovery successful on attempt 1
2026-04-30 08:32:31.874 [INFO]     doris_mcp_server.utils.db:1146 - 🔥 Warming up connection pool with 3 connections
2026-04-30 08:32:32.053 [INFO]     doris_mcp_server.utils.db:1167 - ✅ Pool warmup completed, 3 connections created
2026-04-30 08:41:19.298 [INFO]     doris_mcp_server.main.DorisServer:755 - Shutting down Doris MCP Server
2026-04-30 08:41:19.299 [INFO]     doris_mcp_server.utils.security:138 - DorisSecurityManager shutdown completed
2026-04-30 08:41:19.299 [INFO]     doris_mcp_server.main.DorisServer:759 - Security manager shutdown completed
2026-04-30 08:41:19.300 [INFO]     doris_mcp_server.utils.db:1187 - Pool health monitor stopped
2026-04-30 08:41:19.300 [INFO]     doris_mcp_server.utils.db:1201 - Pool cleanup monitor stopped
2026-04-30 08:41:19.300 [INFO]     doris_mcp_server.utils.db:1555 - Connection manager closed successfully
2026-04-30 08:41:19.300 [INFO]     doris_mcp_server.main.DorisServer:762 - Doris MCP Server has been shut down
2026-04-30 08:41:19.301 [INFO]     doris_mcp_server.logger:516 - Shutting down logging system...
2026-04-30 08:41:19.303 [INFO]     doris_mcp_server.log_cleanup:171 - Log cleanup scheduler stopped
2026-04-30 07:47:15.303 [INFO]     doris_mcp_server.log_cleanup:163 - Log cleanup scheduler started - cleanup every 24h, max age 30 days
2026-04-30 07:47:15.304 [INFO]     doris_mcp_server.logger:427 - ================================================================================
2026-04-30 07:47:15.304 [INFO]     doris_mcp_server.logger:428 - Doris MCP Server Logging System Initialized
2026-04-30 07:47:15.304 [INFO]     doris_mcp_server.logger:429 - Log Level: INFO
2026-04-30 07:47:15.304 [INFO]     doris_mcp_server.logger:431 - Log Directory: /Users/a1/Documents/Office/code/ms-proj/logs
2026-04-30 07:47:15.304 [INFO]     doris_mcp_server.logger:434 - Console Logging: Disabled
2026-04-30 07:47:15.304 [INFO]     doris_mcp_server.logger:435 - File Logging: Enabled
2026-04-30 07:47:15.304 [INFO]     doris_mcp_server.logger:436 - Audit Logging: Enabled
2026-04-30 07:47:15.304 [INFO]     doris_mcp_server.logger:437 - Log Cleanup: Enabled
2026-04-30 07:47:15.304 [INFO]     doris_mcp_server.logger:439 - Cleanup Settings: Max age 30 days, interval 24h
2026-04-30 07:47:15.304 [INFO]     doris_mcp_server.logger:443 - ================================================================================
2026-04-30 07:47:15.304 [INFO]     doris_mcp_server.utils.config:948 - Enhanced logging system with cleanup initialized successfully
2026-04-30 07:47:15.304 [INFO]     doris_mcp_server.utils.config:949 - Log directory: logs
2026-04-30 07:47:15.304 [INFO]     doris_mcp_server.utils.config:950 - Log level: INFO
2026-04-30 07:47:15.304 [INFO]     doris_mcp_server.utils.config:951 - Audit logging: Enabled
2026-04-30 07:47:15.304 [INFO]     doris_mcp_server.utils.config:952 - Log cleanup: Enabled
2026-04-30 07:47:15.304 [INFO]     doris_mcp_server.utils.config:954 - Cleanup config: Max age 30 days, interval 24h
2026-04-30 07:47:15.304 [INFO]     doris_mcp_server.system:483 - System Information:
2026-04-30 07:47:15.304 [INFO]     doris_mcp_server.system:484 - Python Version: 3.12.13 (main, Mar  3 2026, 12:39:30) [Clang 17.0.0 (clang-1700.6.3.2)]
2026-04-30 07:47:15.305 [INFO]     doris_mcp_server.system:485 - Platform: darwin
2026-04-30 07:47:15.305 [INFO]     doris_mcp_server.system:486 - Working Directory: /Users/a1/Documents/Office/code/ms-proj
2026-04-30 07:47:15.305 [INFO]     doris_mcp_server.system:487 - Process ID: 1287
2026-04-30 07:47:15.305 [INFO]     doris_mcp_server.system:493 - Environment LOG_LEVEL: Not Set
2026-04-30 07:47:15.305 [INFO]     doris_mcp_server.system:493 - Environment LOG_FILE_PATH: Not Set
2026-04-30 07:47:15.305 [INFO]     doris_mcp_server.system:493 - Environment ENABLE_AUDIT: Not Set
2026-04-30 07:47:15.305 [INFO]     doris_mcp_server.system:493 - Environment AUDIT_FILE_PATH: Not Set
2026-04-30 07:47:15.305 [INFO]     doris_mcp_server.main:916 - Starting Doris MCP Server...
2026-04-30 07:47:15.305 [INFO]     doris_mcp_server.main:917 - Transport: stdio
2026-04-30 07:47:15.305 [INFO]     doris_mcp_server.main:918 - Log Level: INFO
2026-04-30 07:47:15.305 [INFO]     doris_mcp_server.utils.security:480 - All authentication methods are disabled - anonymous access allowed
2026-04-30 07:47:15.305 [INFO]     doris_mcp_server.utils.db:211 - Session  Cache initialized, save system session: False, save user session: False
2026-04-30 07:47:15.305 [INFO]     doris_mcp_server.utils.schema_extractor:105 - Loaded excluded database list: ['information_schema', 'mysql', 'performance_schema', 'sys', 'doris_metadata']
2026-04-30 07:47:15.305 [INFO]     doris_mcp_server.utils.data_governance_tools:45 - DataGovernanceTools initialized
2026-04-30 07:47:15.305 [INFO]     doris_mcp_server.utils.data_exploration_tools:45 - DataExplorationTools initialized
2026-04-30 07:47:15.305 [INFO]     doris_mcp_server.utils.data_quality_tools:50 - DataQualityTools initialized with atomic tools
2026-04-30 07:47:15.305 [INFO]     doris_mcp_server.utils.security_analytics_tools:39 - SecurityAnalyticsTools initialized
2026-04-30 07:47:15.305 [INFO]     doris_mcp_server.utils.dependency_analysis_tools:46 - DependencyAnalysisTools initialized
2026-04-30 07:47:15.305 [INFO]     doris_mcp_server.utils.performance_analytics_tools:46 - PerformanceAnalyticsTools initialized
2026-04-30 07:47:15.305 [INFO]     doris_mcp_server.tools.tools_manager:72 - DorisToolsManager initialized with business logic processors, v0.5.0 analytics tools, and ADBC query tools
2026-04-30 07:47:15.306 [INFO]     doris_mcp_server.main.DorisServer:428 - Starting Doris MCP Server (stdio mode)
2026-04-30 07:47:15.306 [INFO]     doris_mcp_server.utils.security:127 - DorisSecurityManager initialized successfully
2026-04-30 07:47:15.306 [INFO]     doris_mcp_server.main.DorisServer:433 - Security manager initialization completed
2026-04-30 07:47:15.306 [INFO]     doris_mcp_server.utils.db:950 - stdio mode database config validated: 124.71.61.163:19030
2026-04-30 07:47:15.306 [INFO]     doris_mcp_server.utils.db:960 - Testing database connectivity for stdio mode...
2026-04-30 07:47:15.505 [INFO]     doris_mcp_server.utils.db:1146 - 🔥 Warming up connection pool with 3 connections
2026-04-30 07:47:15.505 [INFO]     doris_mcp_server.utils.db:1180 - 🩺 Starting pool health monitor
2026-04-30 07:47:15.505 [INFO]     doris_mcp_server.utils.db:1194 - 🧹 Starting pool cleanup monitor
2026-04-30 07:47:15.683 [INFO]     doris_mcp_server.utils.db:1167 - ✅ Pool warmup completed, 3 connections created
2026-04-30 07:47:15.683 [INFO]     doris_mcp_server.utils.db:986 - Database connection established successfully for stdio mode
2026-04-30 07:47:15.683 [INFO]     doris_mcp_server.main.DorisServer:450 - Creating stdio_server transport...
2026-04-30 07:47:15.694 [INFO]     doris_mcp_server.main.DorisServer:456 - stdio_server streams created successfully
2026-04-30 07:47:15.695 [INFO]     doris_mcp_server.main.DorisServer:466 - Initialization options created successfully
2026-04-30 07:47:15.695 [INFO]     doris_mcp_server.main.DorisServer:469 - Starting to run MCP server...
2026-04-30 07:47:15.707 [INFO]     mcp.server.lowlevel.server:727 - Processing request of type ListToolsRequest
2026-04-30 07:47:15.707 [INFO]     doris_mcp_server.main.DorisServer:362 - Handling tool list request
2026-04-30 07:47:15.708 [INFO]     doris_mcp_server.main.DorisServer:364 - Returning 25 tools
2026-04-30 12:06:58.555 [INFO]     doris_mcp_server.utils.db:1288 - 🔄 Attempting pool recovery (attempt 1/3)
2026-04-30 12:06:58.665 [INFO]     doris_mcp_server.utils.db:1329 - ✅ Pool recovery successful on attempt 1
2026-04-30 12:06:58.665 [INFO]     doris_mcp_server.utils.db:1146 - 🔥 Warming up connection pool with 3 connections
2026-04-30 12:06:58.860 [INFO]     doris_mcp_server.utils.db:1167 - ✅ Pool warmup completed, 3 connections created
2026-04-30 12:24:12.606 [INFO]     doris_mcp_server.utils.db:1288 - 🔄 Attempting pool recovery (attempt 1/3)
2026-04-30 12:24:12.747 [INFO]     doris_mcp_server.utils.db:1329 - ✅ Pool recovery successful on attempt 1
2026-04-30 12:24:12.748 [INFO]     doris_mcp_server.utils.db:1146 - 🔥 Warming up connection pool with 3 connections
2026-04-30 12:24:12.925 [INFO]     doris_mcp_server.utils.db:1167 - ✅ Pool warmup completed, 3 connections created
2026-04-30 12:41:47.874 [INFO]     doris_mcp_server.utils.db:1288 - 🔄 Attempting pool recovery (attempt 1/3)
2026-04-30 12:41:50.995 [INFO]     doris_mcp_server.utils.db:1329 - ✅ Pool recovery successful on attempt 1
2026-04-30 12:41:50.995 [INFO]     doris_mcp_server.utils.db:1146 - 🔥 Warming up connection pool with 3 connections
2026-04-30 12:41:51.171 [INFO]     doris_mcp_server.utils.db:1167 - ✅ Pool warmup completed, 3 connections created
2026-04-30 12:59:09.435 [INFO]     doris_mcp_server.utils.db:1288 - 🔄 Attempting pool recovery (attempt 1/3)
2026-04-30 12:59:12.569 [INFO]     doris_mcp_server.utils.db:1329 - ✅ Pool recovery successful on attempt 1
2026-04-30 12:59:12.569 [INFO]     doris_mcp_server.utils.db:1146 - 🔥 Warming up connection pool with 3 connections
2026-04-30 12:59:12.749 [INFO]     doris_mcp_server.utils.db:1167 - ✅ Pool warmup completed, 3 connections created
2026-04-30 13:16:57.156 [INFO]     doris_mcp_server.utils.db:1288 - 🔄 Attempting pool recovery (attempt 1/3)
2026-04-30 13:16:57.291 [INFO]     doris_mcp_server.utils.db:1329 - ✅ Pool recovery successful on attempt 1
2026-04-30 13:16:57.291 [INFO]     doris_mcp_server.utils.db:1146 - 🔥 Warming up connection pool with 3 connections
2026-04-30 13:16:57.474 [INFO]     doris_mcp_server.utils.db:1167 - ✅ Pool warmup completed, 3 connections created
2026-04-30 13:30:30.098 [INFO]     doris_mcp_server.utils.db:1288 - 🔄 Attempting pool recovery (attempt 1/3)
2026-04-30 13:30:33.232 [INFO]     doris_mcp_server.utils.db:1329 - ✅ Pool recovery successful on attempt 1
2026-04-30 13:30:33.233 [INFO]     doris_mcp_server.utils.db:1146 - 🔥 Warming up connection pool with 3 connections
2026-04-30 13:30:33.400 [INFO]     doris_mcp_server.utils.db:1167 - ✅ Pool warmup completed, 3 connections created
2026-04-30 13:54:03.199 [INFO]     doris_mcp_server.utils.db:1288 - 🔄 Attempting pool recovery (attempt 1/3)
2026-04-30 13:54:06.296 [INFO]     doris_mcp_server.utils.db:1329 - ✅ Pool recovery successful on attempt 1
2026-04-30 13:54:06.297 [INFO]     doris_mcp_server.utils.db:1146 - 🔥 Warming up connection pool with 3 connections
2026-04-30 13:54:06.484 [INFO]     doris_mcp_server.utils.db:1167 - ✅ Pool warmup completed, 3 connections created
2026-04-30 14:13:45.580 [INFO]     doris_mcp_server.main.DorisServer:755 - Shutting down Doris MCP Server
2026-04-30 14:13:45.581 [INFO]     doris_mcp_server.utils.security:138 - DorisSecurityManager shutdown completed
2026-04-30 14:13:45.581 [INFO]     doris_mcp_server.main.DorisServer:759 - Security manager shutdown completed
2026-04-30 14:13:45.581 [INFO]     doris_mcp_server.utils.db:1187 - Pool health monitor stopped
2026-04-30 14:13:45.581 [INFO]     doris_mcp_server.utils.db:1201 - Pool cleanup monitor stopped
2026-04-30 14:13:45.582 [INFO]     doris_mcp_server.utils.db:1555 - Connection manager closed successfully
2026-04-30 14:13:45.582 [INFO]     doris_mcp_server.main.DorisServer:762 - Doris MCP Server has been shut down
2026-04-30 14:13:45.582 [INFO]     doris_mcp_server.logger:516 - Shutting down logging system...
2026-04-30 14:13:45.582 [INFO]     doris_mcp_server.log_cleanup:171 - Log cleanup scheduler stopped
2026-05-07 08:39:55.366 [INFO]     doris_mcp_server.log_cleanup:163 - Log cleanup scheduler started - cleanup every 24h, max age 30 days
2026-05-07 08:39:55.366 [INFO]     doris_mcp_server.logger:427 - ================================================================================
2026-05-07 08:39:55.366 [INFO]     doris_mcp_server.logger:428 - Doris MCP Server Logging System Initialized
2026-05-07 08:39:55.366 [INFO]     doris_mcp_server.logger:429 - Log Level: INFO
2026-05-07 08:39:55.366 [INFO]     doris_mcp_server.logger:431 - Log Directory: /Users/a1/Documents/Office/code/ms-proj/logs
2026-05-07 08:39:55.366 [INFO]     doris_mcp_server.logger:434 - Console Logging: Disabled
2026-05-07 08:39:55.366 [INFO]     doris_mcp_server.logger:435 - File Logging: Enabled
2026-05-07 08:39:55.366 [INFO]     doris_mcp_server.logger:436 - Audit Logging: Enabled
2026-05-07 08:39:55.366 [INFO]     doris_mcp_server.logger:437 - Log Cleanup: Enabled
2026-05-07 08:39:55.366 [INFO]     doris_mcp_server.logger:439 - Cleanup Settings: Max age 30 days, interval 24h
2026-05-07 08:39:55.366 [INFO]     doris_mcp_server.logger:443 - ================================================================================
2026-05-07 08:39:55.366 [INFO]     doris_mcp_server.utils.config:948 - Enhanced logging system with cleanup initialized successfully
2026-05-07 08:39:55.366 [INFO]     doris_mcp_server.utils.config:949 - Log directory: logs
2026-05-07 08:39:55.366 [INFO]     doris_mcp_server.utils.config:950 - Log level: INFO
2026-05-07 08:39:55.366 [INFO]     doris_mcp_server.utils.config:951 - Audit logging: Enabled
2026-05-07 08:39:55.366 [INFO]     doris_mcp_server.utils.config:952 - Log cleanup: Enabled
2026-05-07 08:39:55.367 [INFO]     doris_mcp_server.utils.config:954 - Cleanup config: Max age 30 days, interval 24h
2026-05-07 08:39:55.367 [INFO]     doris_mcp_server.system:483 - System Information:
2026-05-07 08:39:55.367 [INFO]     doris_mcp_server.system:484 - Python Version: 3.12.13 (main, Mar  3 2026, 12:39:30) [Clang 17.0.0 (clang-1700.6.3.2)]
2026-05-07 08:39:55.367 [INFO]     doris_mcp_server.system:485 - Platform: darwin
2026-05-07 08:39:55.367 [INFO]     doris_mcp_server.system:486 - Working Directory: /Users/a1/Documents/Office/code/ms-proj
2026-05-07 08:39:55.367 [INFO]     doris_mcp_server.system:487 - Process ID: 33589
2026-05-07 08:39:55.367 [INFO]     doris_mcp_server.system:493 - Environment LOG_LEVEL: Not Set
2026-05-07 08:39:55.367 [INFO]     doris_mcp_server.system:493 - Environment LOG_FILE_PATH: Not Set
2026-05-07 08:39:55.367 [INFO]     doris_mcp_server.system:493 - Environment ENABLE_AUDIT: Not Set
2026-05-07 08:39:55.367 [INFO]     doris_mcp_server.system:493 - Environment AUDIT_FILE_PATH: Not Set
2026-05-07 08:39:55.367 [INFO]     doris_mcp_server.main:916 - Starting Doris MCP Server...
2026-05-07 08:39:55.367 [INFO]     doris_mcp_server.main:917 - Transport: stdio
2026-05-07 08:39:55.367 [INFO]     doris_mcp_server.main:918 - Log Level: INFO
2026-05-07 08:39:55.367 [INFO]     doris_mcp_server.utils.security:480 - All authentication methods are disabled - anonymous access allowed
2026-05-07 08:39:55.367 [INFO]     doris_mcp_server.utils.db:211 - Session  Cache initialized, save system session: False, save user session: False
2026-05-07 08:39:55.367 [INFO]     doris_mcp_server.utils.schema_extractor:105 - Loaded excluded database list: ['information_schema', 'mysql', 'performance_schema', 'sys', 'doris_metadata']
2026-05-07 08:39:55.367 [INFO]     doris_mcp_server.utils.data_governance_tools:45 - DataGovernanceTools initialized
2026-05-07 08:39:55.368 [INFO]     doris_mcp_server.utils.data_exploration_tools:45 - DataExplorationTools initialized
2026-05-07 08:39:55.368 [INFO]     doris_mcp_server.utils.data_quality_tools:50 - DataQualityTools initialized with atomic tools
2026-05-07 08:39:55.368 [INFO]     doris_mcp_server.utils.security_analytics_tools:39 - SecurityAnalyticsTools initialized
2026-05-07 08:39:55.368 [INFO]     doris_mcp_server.utils.dependency_analysis_tools:46 - DependencyAnalysisTools initialized
2026-05-07 08:39:55.368 [INFO]     doris_mcp_server.utils.performance_analytics_tools:46 - PerformanceAnalyticsTools initialized
2026-05-07 08:39:55.368 [INFO]     doris_mcp_server.tools.tools_manager:72 - DorisToolsManager initialized with business logic processors, v0.5.0 analytics tools, and ADBC query tools
2026-05-07 08:39:55.368 [INFO]     doris_mcp_server.main.DorisServer:428 - Starting Doris MCP Server (stdio mode)
2026-05-07 08:39:55.368 [INFO]     doris_mcp_server.utils.security:127 - DorisSecurityManager initialized successfully
2026-05-07 08:39:55.368 [INFO]     doris_mcp_server.main.DorisServer:433 - Security manager initialization completed
2026-05-07 08:39:55.368 [INFO]     doris_mcp_server.utils.db:950 - stdio mode database config validated: 124.71.61.163:19030
2026-05-07 08:39:55.368 [INFO]     doris_mcp_server.utils.db:960 - Testing database connectivity for stdio mode...
2026-05-07 08:39:55.587 [INFO]     doris_mcp_server.utils.db:1146 - 🔥 Warming up connection pool with 3 connections
2026-05-07 08:39:55.587 [INFO]     doris_mcp_server.utils.db:1180 - 🩺 Starting pool health monitor
2026-05-07 08:39:55.588 [INFO]     doris_mcp_server.utils.db:1194 - 🧹 Starting pool cleanup monitor
2026-05-07 08:39:55.794 [INFO]     doris_mcp_server.utils.db:1167 - ✅ Pool warmup completed, 3 connections created
2026-05-07 08:39:55.794 [INFO]     doris_mcp_server.utils.db:986 - Database connection established successfully for stdio mode
2026-05-07 08:39:55.795 [INFO]     doris_mcp_server.main.DorisServer:450 - Creating stdio_server transport...
2026-05-07 08:39:55.797 [INFO]     doris_mcp_server.main.DorisServer:456 - stdio_server streams created successfully
2026-05-07 08:39:55.798 [INFO]     doris_mcp_server.main.DorisServer:466 - Initialization options created successfully
2026-05-07 08:39:55.798 [INFO]     doris_mcp_server.main.DorisServer:469 - Starting to run MCP server...
2026-05-07 08:39:55.803 [INFO]     mcp.server.lowlevel.server:727 - Processing request of type ListToolsRequest
2026-05-07 08:39:55.803 [INFO]     doris_mcp_server.main.DorisServer:362 - Handling tool list request
2026-05-07 08:39:55.803 [INFO]     doris_mcp_server.main.DorisServer:364 - Returning 25 tools
2026-05-07 12:20:23.661 [INFO]     doris_mcp_server.utils.db:1288 - 🔄 Attempting pool recovery (attempt 1/3)
2026-05-07 12:20:26.754 [INFO]     doris_mcp_server.utils.db:1329 - ✅ Pool recovery successful on attempt 1
2026-05-07 12:20:26.755 [INFO]     doris_mcp_server.utils.db:1146 - 🔥 Warming up connection pool with 3 connections
2026-05-07 12:20:26.927 [INFO]     doris_mcp_server.utils.db:1167 - ✅ Pool warmup completed, 3 connections created
2026-05-07 12:36:31.727 [INFO]     doris_mcp_server.utils.db:1288 - 🔄 Attempting pool recovery (attempt 1/3)
2026-05-07 12:36:34.855 [INFO]     doris_mcp_server.utils.db:1329 - ✅ Pool recovery successful on attempt 1
2026-05-07 12:36:34.856 [INFO]     doris_mcp_server.utils.db:1146 - 🔥 Warming up connection pool with 3 connections
2026-05-07 12:36:35.049 [INFO]     doris_mcp_server.utils.db:1167 - ✅ Pool warmup completed, 3 connections created
2026-05-07 12:53:16.479 [INFO]     doris_mcp_server.utils.db:1288 - 🔄 Attempting pool recovery (attempt 1/3)
2026-05-07 12:53:16.604 [INFO]     doris_mcp_server.utils.db:1329 - ✅ Pool recovery successful on attempt 1
2026-05-07 12:53:16.605 [INFO]     doris_mcp_server.utils.db:1146 - 🔥 Warming up connection pool with 3 connections
2026-05-07 12:53:16.797 [INFO]     doris_mcp_server.utils.db:1167 - ✅ Pool warmup completed, 3 connections created
2026-05-07 13:10:59.324 [INFO]     doris_mcp_server.utils.db:1288 - 🔄 Attempting pool recovery (attempt 1/3)
2026-05-07 13:10:59.411 [INFO]     doris_mcp_server.utils.db:1329 - ✅ Pool recovery successful on attempt 1
2026-05-07 13:10:59.411 [INFO]     doris_mcp_server.utils.db:1146 - 🔥 Warming up connection pool with 3 connections
2026-05-07 13:10:59.599 [INFO]     doris_mcp_server.utils.db:1167 - ✅ Pool warmup completed, 3 connections created
2026-05-07 13:26:49.879 [INFO]     doris_mcp_server.utils.db:1288 - 🔄 Attempting pool recovery (attempt 1/3)
2026-05-07 13:26:49.969 [INFO]     doris_mcp_server.utils.db:1329 - ✅ Pool recovery successful on attempt 1
2026-05-07 13:26:49.969 [INFO]     doris_mcp_server.utils.db:1146 - 🔥 Warming up connection pool with 3 connections
2026-05-07 13:26:50.143 [INFO]     doris_mcp_server.utils.db:1167 - ✅ Pool warmup completed, 3 connections created
2026-05-07 14:14:57.300 [INFO]     doris_mcp_server.utils.db:1288 - 🔄 Attempting pool recovery (attempt 1/3)
2026-05-07 14:15:00.437 [INFO]     doris_mcp_server.utils.db:1329 - ✅ Pool recovery successful on attempt 1
2026-05-07 14:15:00.437 [INFO]     doris_mcp_server.utils.db:1146 - 🔥 Warming up connection pool with 3 connections
2026-05-07 14:15:00.624 [INFO]     doris_mcp_server.utils.db:1167 - ✅ Pool warmup completed, 3 connections created
2026-05-07 16:40:30.007 [INFO]     doris_mcp_server.utils.db:1288 - 🔄 Attempting pool recovery (attempt 1/3)
2026-05-07 16:40:33.128 [INFO]     doris_mcp_server.utils.db:1329 - ✅ Pool recovery successful on attempt 1
2026-05-07 16:40:33.129 [INFO]     doris_mcp_server.utils.db:1146 - 🔥 Warming up connection pool with 3 connections
2026-05-07 16:40:33.317 [INFO]     doris_mcp_server.utils.db:1167 - ✅ Pool warmup completed, 3 connections created
2026-05-07 16:53:27.204 [INFO]     doris_mcp_server.main.DorisServer:755 - Shutting down Doris MCP Server
2026-05-07 16:53:27.205 [INFO]     doris_mcp_server.utils.security:138 - DorisSecurityManager shutdown completed
2026-05-07 16:53:27.205 [INFO]     doris_mcp_server.main.DorisServer:759 - Security manager shutdown completed
2026-05-07 16:53:27.205 [INFO]     doris_mcp_server.utils.db:1187 - Pool health monitor stopped
2026-05-07 16:53:27.205 [INFO]     doris_mcp_server.utils.db:1201 - Pool cleanup monitor stopped
2026-05-07 16:53:27.205 [INFO]     doris_mcp_server.utils.db:1555 - Connection manager closed successfully
2026-05-07 16:53:27.205 [INFO]     doris_mcp_server.main.DorisServer:762 - Doris MCP Server has been shut down
2026-05-07 16:53:27.205 [INFO]     doris_mcp_server.logger:516 - Shutting down logging system...
2026-05-07 16:53:27.205 [INFO]     doris_mcp_server.log_cleanup:171 - Log cleanup scheduler stopped
2026-05-09 09:25:56.602 [INFO]     doris_mcp_server.log_cleanup:163 - Log cleanup scheduler started - cleanup every 24h, max age 30 days
2026-05-09 09:25:56.602 [INFO]     doris_mcp_server.logger:427 - ================================================================================
2026-05-09 09:25:56.602 [INFO]     doris_mcp_server.logger:428 - Doris MCP Server Logging System Initialized
2026-05-09 09:25:56.602 [INFO]     doris_mcp_server.logger:429 - Log Level: INFO
2026-05-09 09:25:56.602 [INFO]     doris_mcp_server.logger:431 - Log Directory: /Users/a1/Documents/Office/code/ms-proj/logs
2026-05-09 09:25:56.602 [INFO]     doris_mcp_server.logger:434 - Console Logging: Disabled
2026-05-09 09:25:56.602 [INFO]     doris_mcp_server.logger:435 - File Logging: Enabled
2026-05-09 09:25:56.602 [INFO]     doris_mcp_server.logger:436 - Audit Logging: Enabled
2026-05-09 09:25:56.603 [INFO]     doris_mcp_server.logger:437 - Log Cleanup: Enabled
2026-05-09 09:25:56.603 [INFO]     doris_mcp_server.logger:439 - Cleanup Settings: Max age 30 days, interval 24h
2026-05-09 09:25:56.603 [INFO]     doris_mcp_server.logger:443 - ================================================================================
2026-05-09 09:25:56.603 [INFO]     doris_mcp_server.utils.config:948 - Enhanced logging system with cleanup initialized successfully
2026-05-09 09:25:56.603 [INFO]     doris_mcp_server.utils.config:949 - Log directory: logs
2026-05-09 09:25:56.603 [INFO]     doris_mcp_server.utils.config:950 - Log level: INFO
2026-05-09 09:25:56.603 [INFO]     doris_mcp_server.utils.config:951 - Audit logging: Enabled
2026-05-09 09:25:56.603 [INFO]     doris_mcp_server.utils.config:952 - Log cleanup: Enabled
2026-05-09 09:25:56.603 [INFO]     doris_mcp_server.utils.config:954 - Cleanup config: Max age 30 days, interval 24h
2026-05-09 09:25:56.603 [INFO]     doris_mcp_server.system:483 - System Information:
2026-05-09 09:25:56.603 [INFO]     doris_mcp_server.system:484 - Python Version: 3.12.13 (main, Mar  3 2026, 12:39:30) [Clang 17.0.0 (clang-1700.6.3.2)]
2026-05-09 09:25:56.603 [INFO]     doris_mcp_server.system:485 - Platform: darwin
2026-05-09 09:25:56.603 [INFO]     doris_mcp_server.system:486 - Working Directory: /Users/a1/Documents/Office/code/ms-proj
2026-05-09 09:25:56.603 [INFO]     doris_mcp_server.system:487 - Process ID: 66815
2026-05-09 09:25:56.603 [INFO]     doris_mcp_server.system:493 - Environment LOG_LEVEL: Not Set
2026-05-09 09:25:56.603 [INFO]     doris_mcp_server.system:493 - Environment LOG_FILE_PATH: Not Set
2026-05-09 09:25:56.603 [INFO]     doris_mcp_server.system:493 - Environment ENABLE_AUDIT: Not Set
2026-05-09 09:25:56.603 [INFO]     doris_mcp_server.system:493 - Environment AUDIT_FILE_PATH: Not Set
2026-05-09 09:25:56.603 [INFO]     doris_mcp_server.main:916 - Starting Doris MCP Server...
2026-05-09 09:25:56.603 [INFO]     doris_mcp_server.main:917 - Transport: stdio
2026-05-09 09:25:56.603 [INFO]     doris_mcp_server.main:918 - Log Level: INFO
2026-05-09 09:25:56.603 [INFO]     doris_mcp_server.utils.security:480 - All authentication methods are disabled - anonymous access allowed
2026-05-09 09:25:56.603 [INFO]     doris_mcp_server.utils.db:211 - Session  Cache initialized, save system session: False, save user session: False
2026-05-09 09:25:56.603 [INFO]     doris_mcp_server.utils.schema_extractor:105 - Loaded excluded database list: ['information_schema', 'mysql', 'performance_schema', 'sys', 'doris_metadata']
2026-05-09 09:25:56.603 [INFO]     doris_mcp_server.utils.data_governance_tools:45 - DataGovernanceTools initialized
2026-05-09 09:25:56.604 [INFO]     doris_mcp_server.utils.data_exploration_tools:45 - DataExplorationTools initialized
2026-05-09 09:25:56.604 [INFO]     doris_mcp_server.utils.data_quality_tools:50 - DataQualityTools initialized with atomic tools
2026-05-09 09:25:56.604 [INFO]     doris_mcp_server.utils.security_analytics_tools:39 - SecurityAnalyticsTools initialized
2026-05-09 09:25:56.604 [INFO]     doris_mcp_server.utils.dependency_analysis_tools:46 - DependencyAnalysisTools initialized
2026-05-09 09:25:56.604 [INFO]     doris_mcp_server.utils.performance_analytics_tools:46 - PerformanceAnalyticsTools initialized
2026-05-09 09:25:56.604 [INFO]     doris_mcp_server.tools.tools_manager:72 - DorisToolsManager initialized with business logic processors, v0.5.0 analytics tools, and ADBC query tools
2026-05-09 09:25:56.604 [INFO]     doris_mcp_server.main.DorisServer:428 - Starting Doris MCP Server (stdio mode)
2026-05-09 09:25:56.604 [INFO]     doris_mcp_server.utils.security:127 - DorisSecurityManager initialized successfully
2026-05-09 09:25:56.604 [INFO]     doris_mcp_server.main.DorisServer:433 - Security manager initialization completed
2026-05-09 09:25:56.604 [INFO]     doris_mcp_server.utils.db:950 - stdio mode database config validated: 124.71.61.163:19030
2026-05-09 09:25:56.604 [INFO]     doris_mcp_server.utils.db:960 - Testing database connectivity for stdio mode...
2026-05-09 09:25:56.842 [INFO]     doris_mcp_server.utils.db:1146 - 🔥 Warming up connection pool with 3 connections
2026-05-09 09:25:56.843 [INFO]     doris_mcp_server.utils.db:1180 - 🩺 Starting pool health monitor
2026-05-09 09:25:56.843 [INFO]     doris_mcp_server.utils.db:1194 - 🧹 Starting pool cleanup monitor
2026-05-09 09:25:57.042 [INFO]     doris_mcp_server.utils.db:1167 - ✅ Pool warmup completed, 3 connections created
2026-05-09 09:25:57.043 [INFO]     doris_mcp_server.utils.db:986 - Database connection established successfully for stdio mode
2026-05-09 09:25:57.043 [INFO]     doris_mcp_server.main.DorisServer:450 - Creating stdio_server transport...
2026-05-09 09:25:57.049 [INFO]     doris_mcp_server.main.DorisServer:456 - stdio_server streams created successfully
2026-05-09 09:25:57.049 [INFO]     doris_mcp_server.main.DorisServer:466 - Initialization options created successfully
2026-05-09 09:25:57.049 [INFO]     doris_mcp_server.main.DorisServer:469 - Starting to run MCP server...
2026-05-09 09:25:57.053 [INFO]     mcp.server.lowlevel.server:727 - Processing request of type ListToolsRequest
2026-05-09 09:25:57.053 [INFO]     doris_mcp_server.main.DorisServer:362 - Handling tool list request
2026-05-09 09:25:57.053 [INFO]     doris_mcp_server.main.DorisServer:364 - Returning 25 tools
2026-05-09 09:46:22.511 [INFO]     doris_mcp_server.utils.db:1288 - 🔄 Attempting pool recovery (attempt 1/3)
2026-05-09 09:46:25.618 [INFO]     doris_mcp_server.utils.db:1329 - ✅ Pool recovery successful on attempt 1
2026-05-09 09:46:25.619 [INFO]     doris_mcp_server.utils.db:1146 - 🔥 Warming up connection pool with 3 connections
2026-05-09 09:46:25.817 [INFO]     doris_mcp_server.utils.db:1167 - ✅ Pool warmup completed, 3 connections created
2026-05-09 11:15:24.266 [INFO]     doris_mcp_server.utils.db:1288 - 🔄 Attempting pool recovery (attempt 1/3)
2026-05-09 11:15:27.398 [INFO]     doris_mcp_server.utils.db:1329 - ✅ Pool recovery successful on attempt 1
2026-05-09 11:15:27.398 [INFO]     doris_mcp_server.utils.db:1146 - 🔥 Warming up connection pool with 3 connections
2026-05-09 11:15:27.609 [INFO]     doris_mcp_server.utils.db:1167 - ✅ Pool warmup completed, 3 connections created
2026-05-09 11:32:21.482 [INFO]     doris_mcp_server.utils.db:1288 - 🔄 Attempting pool recovery (attempt 1/3)
2026-05-09 11:32:21.642 [INFO]     doris_mcp_server.utils.db:1329 - ✅ Pool recovery successful on attempt 1
2026-05-09 11:32:21.643 [INFO]     doris_mcp_server.utils.db:1146 - 🔥 Warming up connection pool with 3 connections
2026-05-09 11:32:21.812 [INFO]     doris_mcp_server.utils.db:1167 - ✅ Pool warmup completed, 3 connections created
2026-05-09 11:49:08.925 [INFO]     doris_mcp_server.utils.db:1288 - 🔄 Attempting pool recovery (attempt 1/3)
2026-05-09 11:49:12.012 [INFO]     doris_mcp_server.utils.db:1329 - ✅ Pool recovery successful on attempt 1
2026-05-09 11:49:12.013 [INFO]     doris_mcp_server.utils.db:1146 - 🔥 Warming up connection pool with 3 connections
2026-05-09 11:49:12.172 [INFO]     doris_mcp_server.utils.db:1167 - ✅ Pool warmup completed, 3 connections created
2026-05-09 12:05:47.280 [INFO]     doris_mcp_server.utils.db:1288 - 🔄 Attempting pool recovery (attempt 1/3)
2026-05-09 12:05:50.407 [INFO]     doris_mcp_server.utils.db:1329 - ✅ Pool recovery successful on attempt 1
2026-05-09 12:05:50.408 [INFO]     doris_mcp_server.utils.db:1146 - 🔥 Warming up connection pool with 3 connections
2026-05-09 12:05:50.601 [INFO]     doris_mcp_server.utils.db:1167 - ✅ Pool warmup completed, 3 connections created
2026-05-09 12:23:30.770 [INFO]     doris_mcp_server.utils.db:1288 - 🔄 Attempting pool recovery (attempt 1/3)
2026-05-09 12:23:33.925 [INFO]     doris_mcp_server.utils.db:1329 - ✅ Pool recovery successful on attempt 1
2026-05-09 12:23:33.926 [INFO]     doris_mcp_server.utils.db:1146 - 🔥 Warming up connection pool with 3 connections
2026-05-09 12:23:34.109 [INFO]     doris_mcp_server.utils.db:1167 - ✅ Pool warmup completed, 3 connections created
2026-05-09 12:40:22.451 [INFO]     doris_mcp_server.utils.db:1288 - 🔄 Attempting pool recovery (attempt 1/3)
2026-05-09 12:40:22.544 [INFO]     doris_mcp_server.utils.db:1329 - ✅ Pool recovery successful on attempt 1
2026-05-09 12:40:22.544 [INFO]     doris_mcp_server.utils.db:1146 - 🔥 Warming up connection pool with 3 connections
2026-05-09 12:40:22.735 [INFO]     doris_mcp_server.utils.db:1167 - ✅ Pool warmup completed, 3 connections created
2026-05-09 12:56:12.843 [INFO]     doris_mcp_server.utils.db:1288 - 🔄 Attempting pool recovery (attempt 1/3)
2026-05-09 12:56:12.962 [INFO]     doris_mcp_server.utils.db:1329 - ✅ Pool recovery successful on attempt 1
2026-05-09 12:56:12.963 [INFO]     doris_mcp_server.utils.db:1146 - 🔥 Warming up connection pool with 3 connections
2026-05-09 12:56:13.134 [INFO]     doris_mcp_server.utils.db:1167 - ✅ Pool warmup completed, 3 connections created
2026-05-09 13:17:08.270 [INFO]     doris_mcp_server.utils.db:1288 - 🔄 Attempting pool recovery (attempt 1/3)
2026-05-09 13:17:11.398 [INFO]     doris_mcp_server.utils.db:1329 - ✅ Pool recovery successful on attempt 1
2026-05-09 13:17:11.399 [INFO]     doris_mcp_server.utils.db:1146 - 🔥 Warming up connection pool with 3 connections
2026-05-09 13:17:11.566 [INFO]     doris_mcp_server.utils.db:1167 - ✅ Pool warmup completed, 3 connections created
2026-05-09 13:30:57.290 [INFO]     doris_mcp_server.utils.db:1288 - 🔄 Attempting pool recovery (attempt 1/3)
2026-05-09 13:30:57.410 [INFO]     doris_mcp_server.utils.db:1329 - ✅ Pool recovery successful on attempt 1
2026-05-09 13:30:57.412 [INFO]     doris_mcp_server.utils.db:1146 - 🔥 Warming up connection pool with 3 connections
2026-05-09 13:30:57.638 [INFO]     doris_mcp_server.utils.db:1167 - ✅ Pool warmup completed, 3 connections created
2026-05-09 15:14:12.327 [INFO]     doris_mcp_server.utils.db:1288 - 🔄 Attempting pool recovery (attempt 1/3)
2026-05-09 15:14:12.455 [INFO]     doris_mcp_server.utils.db:1329 - ✅ Pool recovery successful on attempt 1
2026-05-09 15:14:12.456 [INFO]     doris_mcp_server.utils.db:1146 - 🔥 Warming up connection pool with 3 connections
2026-05-09 15:14:12.646 [INFO]     doris_mcp_server.utils.db:1167 - ✅ Pool warmup completed, 3 connections created
2026-05-09 18:19:21.210 [INFO]     doris_mcp_server.utils.db:1288 - 🔄 Attempting pool recovery (attempt 1/3)
2026-05-09 18:19:24.334 [INFO]     doris_mcp_server.utils.db:1329 - ✅ Pool recovery successful on attempt 1
2026-05-09 18:19:24.334 [INFO]     doris_mcp_server.utils.db:1146 - 🔥 Warming up connection pool with 3 connections
2026-05-09 18:19:24.531 [INFO]     doris_mcp_server.utils.db:1167 - ✅ Pool warmup completed, 3 connections created
2026-05-09 18:35:22.804 [INFO]     doris_mcp_server.utils.db:1288 - 🔄 Attempting pool recovery (attempt 1/3)
2026-05-09 18:35:22.922 [INFO]     doris_mcp_server.utils.db:1329 - ✅ Pool recovery successful on attempt 1
2026-05-09 18:35:22.923 [INFO]     doris_mcp_server.utils.db:1146 - 🔥 Warming up connection pool with 3 connections
2026-05-09 18:35:23.113 [INFO]     doris_mcp_server.utils.db:1167 - ✅ Pool warmup completed, 3 connections created
2026-05-09 18:51:32.970 [INFO]     doris_mcp_server.utils.db:1288 - 🔄 Attempting pool recovery (attempt 1/3)
2026-05-09 18:51:33.061 [INFO]     doris_mcp_server.utils.db:1329 - ✅ Pool recovery successful on attempt 1
2026-05-09 18:51:33.061 [INFO]     doris_mcp_server.utils.db:1146 - 🔥 Warming up connection pool with 3 connections
2026-05-09 18:51:33.253 [INFO]     doris_mcp_server.utils.db:1167 - ✅ Pool warmup completed, 3 connections created
2026-05-09 19:11:32.187 [INFO]     doris_mcp_server.utils.db:1288 - 🔄 Attempting pool recovery (attempt 1/3)
2026-05-09 19:11:35.287 [INFO]     doris_mcp_server.utils.db:1329 - ✅ Pool recovery successful on attempt 1
2026-05-09 19:11:35.288 [INFO]     doris_mcp_server.utils.db:1146 - 🔥 Warming up connection pool with 3 connections
2026-05-09 19:11:35.464 [INFO]     doris_mcp_server.utils.db:1167 - ✅ Pool warmup completed, 3 connections created
2026-05-09 19:32:48.355 [INFO]     doris_mcp_server.utils.db:1288 - 🔄 Attempting pool recovery (attempt 1/3)
2026-05-09 19:32:48.459 [INFO]     doris_mcp_server.utils.db:1329 - ✅ Pool recovery successful on attempt 1
2026-05-09 19:32:48.460 [INFO]     doris_mcp_server.utils.db:1146 - 🔥 Warming up connection pool with 3 connections
2026-05-09 19:32:48.662 [INFO]     doris_mcp_server.utils.db:1167 - ✅ Pool warmup completed, 3 connections created
2026-05-09 19:49:00.511 [INFO]     doris_mcp_server.utils.db:1288 - 🔄 Attempting pool recovery (attempt 1/3)
2026-05-09 19:49:00.636 [INFO]     doris_mcp_server.utils.db:1329 - ✅ Pool recovery successful on attempt 1
2026-05-09 19:49:00.637 [INFO]     doris_mcp_server.utils.db:1146 - 🔥 Warming up connection pool with 3 connections
2026-05-09 19:49:00.850 [INFO]     doris_mcp_server.utils.db:1167 - ✅ Pool warmup completed, 3 connections created
2026-05-09 20:02:42.057 [INFO]     doris_mcp_server.utils.db:1288 - 🔄 Attempting pool recovery (attempt 1/3)
2026-05-09 20:02:42.308 [INFO]     doris_mcp_server.utils.db:1329 - ✅ Pool recovery successful on attempt 1
2026-05-09 20:02:42.309 [INFO]     doris_mcp_server.utils.db:1146 - 🔥 Warming up connection pool with 3 connections
2026-05-09 20:02:42.494 [INFO]     doris_mcp_server.utils.db:1167 - ✅ Pool warmup completed, 3 connections created
2026-05-09 20:18:30.236 [INFO]     doris_mcp_server.utils.db:1288 - 🔄 Attempting pool recovery (attempt 1/3)
2026-05-09 20:18:30.323 [INFO]     doris_mcp_server.utils.db:1329 - ✅ Pool recovery successful on attempt 1
2026-05-09 20:18:30.324 [INFO]     doris_mcp_server.utils.db:1146 - 🔥 Warming up connection pool with 3 connections
2026-05-09 20:18:30.512 [INFO]     doris_mcp_server.utils.db:1167 - ✅ Pool warmup completed, 3 connections created
2026-05-09 20:36:39.509 [INFO]     doris_mcp_server.utils.db:1288 - 🔄 Attempting pool recovery (attempt 1/3)
2026-05-09 20:52:22.794 [INFO]     doris_mcp_server.utils.db:1329 - ✅ Pool recovery successful on attempt 1
2026-05-09 20:52:22.795 [INFO]     doris_mcp_server.utils.db:1146 - 🔥 Warming up connection pool with 3 connections
2026-05-09 20:52:23.991 [INFO]     doris_mcp_server.utils.db:1167 - ✅ Pool warmup completed, 3 connections created
2026-05-09 21:19:40.399 [INFO]     doris_mcp_server.utils.db:1288 - 🔄 Attempting pool recovery (attempt 1/3)
2026-05-09 21:19:43.517 [INFO]     doris_mcp_server.utils.db:1329 - ✅ Pool recovery successful on attempt 1
2026-05-09 21:19:43.518 [INFO]     doris_mcp_server.utils.db:1146 - 🔥 Warming up connection pool with 3 connections
2026-05-09 21:19:43.694 [INFO]     doris_mcp_server.utils.db:1167 - ✅ Pool warmup completed, 3 connections created
2026-05-09 21:37:07.021 [INFO]     doris_mcp_server.utils.db:1288 - 🔄 Attempting pool recovery (attempt 1/3)
2026-05-09 21:37:07.130 [INFO]     doris_mcp_server.utils.db:1329 - ✅ Pool recovery successful on attempt 1
2026-05-09 21:37:07.130 [INFO]     doris_mcp_server.utils.db:1146 - 🔥 Warming up connection pool with 3 connections
2026-05-09 21:37:07.310 [INFO]     doris_mcp_server.utils.db:1167 - ✅ Pool warmup completed, 3 connections created
2026-05-09 21:53:36.509 [INFO]     doris_mcp_server.utils.db:1288 - 🔄 Attempting pool recovery (attempt 1/3)
2026-05-09 21:53:39.661 [INFO]     doris_mcp_server.utils.db:1329 - ✅ Pool recovery successful on attempt 1
2026-05-09 21:53:39.661 [INFO]     doris_mcp_server.utils.db:1146 - 🔥 Warming up connection pool with 3 connections
2026-05-09 21:53:39.841 [INFO]     doris_mcp_server.utils.db:1167 - ✅ Pool warmup completed, 3 connections created
2026-05-09 22:09:42.169 [INFO]     doris_mcp_server.utils.db:1288 - 🔄 Attempting pool recovery (attempt 1/3)
2026-05-09 22:09:45.322 [INFO]     doris_mcp_server.utils.db:1329 - ✅ Pool recovery successful on attempt 1
2026-05-09 22:09:45.322 [INFO]     doris_mcp_server.utils.db:1146 - 🔥 Warming up connection pool with 3 connections
2026-05-09 22:09:45.507 [INFO]     doris_mcp_server.utils.db:1167 - ✅ Pool warmup completed, 3 connections created
2026-05-09 22:26:15.048 [INFO]     doris_mcp_server.utils.db:1288 - 🔄 Attempting pool recovery (attempt 1/3)
2026-05-09 22:26:18.164 [INFO]     doris_mcp_server.utils.db:1329 - ✅ Pool recovery successful on attempt 1
2026-05-09 22:26:18.165 [INFO]     doris_mcp_server.utils.db:1146 - 🔥 Warming up connection pool with 3 connections
2026-05-09 22:42:30.747 [INFO]     doris_mcp_server.utils.db:1167 - ✅ Pool warmup completed, 1 connections created
2026-05-09 22:54:04.830 [INFO]     doris_mcp_server.utils.db:1288 - 🔄 Attempting pool recovery (attempt 1/3)
2026-05-09 22:54:04.931 [INFO]     doris_mcp_server.utils.db:1329 - ✅ Pool recovery successful on attempt 1
2026-05-09 22:54:04.932 [INFO]     doris_mcp_server.utils.db:1146 - 🔥 Warming up connection pool with 3 connections
2026-05-09 22:54:05.101 [INFO]     doris_mcp_server.utils.db:1167 - ✅ Pool warmup completed, 3 connections created
2026-05-09 23:11:22.397 [INFO]     doris_mcp_server.utils.db:1288 - 🔄 Attempting pool recovery (attempt 1/3)
2026-05-09 23:11:25.516 [INFO]     doris_mcp_server.utils.db:1329 - ✅ Pool recovery successful on attempt 1
2026-05-09 23:11:25.516 [INFO]     doris_mcp_server.utils.db:1146 - 🔥 Warming up connection pool with 3 connections
2026-05-09 23:11:25.739 [INFO]     doris_mcp_server.utils.db:1167 - ✅ Pool warmup completed, 3 connections created
2026-05-09 23:27:54.006 [INFO]     doris_mcp_server.utils.db:1288 - 🔄 Attempting pool recovery (attempt 1/3)
2026-05-09 23:27:57.105 [INFO]     doris_mcp_server.utils.db:1329 - ✅ Pool recovery successful on attempt 1
2026-05-09 23:27:57.106 [INFO]     doris_mcp_server.utils.db:1146 - 🔥 Warming up connection pool with 3 connections
2026-05-09 23:27:57.252 [INFO]     doris_mcp_server.utils.db:1167 - ✅ Pool warmup completed, 3 connections created
2026-05-09 23:44:39.239 [INFO]     doris_mcp_server.utils.db:1288 - 🔄 Attempting pool recovery (attempt 1/3)
2026-05-09 23:44:39.355 [INFO]     doris_mcp_server.utils.db:1329 - ✅ Pool recovery successful on attempt 1
2026-05-09 23:44:39.355 [INFO]     doris_mcp_server.utils.db:1146 - 🔥 Warming up connection pool with 3 connections
2026-05-09 23:44:39.532 [INFO]     doris_mcp_server.utils.db:1167 - ✅ Pool warmup completed, 3 connections created
2026-05-10 00:00:53.203 [INFO]     doris_mcp_server.utils.db:1288 - 🔄 Attempting pool recovery (attempt 1/3)
2026-05-10 00:00:53.335 [INFO]     doris_mcp_server.utils.db:1329 - ✅ Pool recovery successful on attempt 1
2026-05-10 00:00:53.336 [INFO]     doris_mcp_server.utils.db:1146 - 🔥 Warming up connection pool with 3 connections
2026-05-10 00:00:53.528 [INFO]     doris_mcp_server.utils.db:1167 - ✅ Pool warmup completed, 3 connections created
2026-05-10 00:18:14.343 [INFO]     doris_mcp_server.utils.db:1288 - 🔄 Attempting pool recovery (attempt 1/3)
2026-05-10 00:18:14.439 [INFO]     doris_mcp_server.utils.db:1329 - ✅ Pool recovery successful on attempt 1
2026-05-10 00:18:14.440 [INFO]     doris_mcp_server.utils.db:1146 - 🔥 Warming up connection pool with 3 connections
2026-05-10 00:18:14.609 [INFO]     doris_mcp_server.utils.db:1167 - ✅ Pool warmup completed, 3 connections created
2026-05-10 00:36:16.522 [INFO]     doris_mcp_server.utils.db:1288 - 🔄 Attempting pool recovery (attempt 1/3)
2026-05-10 00:36:19.633 [INFO]     doris_mcp_server.utils.db:1329 - ✅ Pool recovery successful on attempt 1
2026-05-10 00:36:19.634 [INFO]     doris_mcp_server.utils.db:1146 - 🔥 Warming up connection pool with 3 connections
2026-05-10 00:36:19.802 [INFO]     doris_mcp_server.utils.db:1167 - ✅ Pool warmup completed, 3 connections created
2026-05-10 00:52:58.795 [INFO]     doris_mcp_server.utils.db:1288 - 🔄 Attempting pool recovery (attempt 1/3)
2026-05-10 00:53:01.901 [INFO]     doris_mcp_server.utils.db:1329 - ✅ Pool recovery successful on attempt 1
2026-05-10 00:53:01.902 [INFO]     doris_mcp_server.utils.db:1146 - 🔥 Warming up connection pool with 3 connections
2026-05-10 00:53:02.076 [INFO]     doris_mcp_server.utils.db:1167 - ✅ Pool warmup completed, 3 connections created
2026-05-10 01:11:04.840 [INFO]     doris_mcp_server.utils.db:1288 - 🔄 Attempting pool recovery (attempt 1/3)
2026-05-10 01:11:05.958 [INFO]     doris_mcp_server.utils.db:1329 - ✅ Pool recovery successful on attempt 1
2026-05-10 01:11:05.959 [INFO]     doris_mcp_server.utils.db:1146 - 🔥 Warming up connection pool with 3 connections
2026-05-10 01:11:06.137 [INFO]     doris_mcp_server.utils.db:1167 - ✅ Pool warmup completed, 3 connections created
2026-05-10 01:29:30.998 [INFO]     doris_mcp_server.utils.db:1288 - 🔄 Attempting pool recovery (attempt 1/3)
2026-05-10 01:29:31.105 [INFO]     doris_mcp_server.utils.db:1329 - ✅ Pool recovery successful on attempt 1
2026-05-10 01:29:31.105 [INFO]     doris_mcp_server.utils.db:1146 - 🔥 Warming up connection pool with 3 connections
2026-05-10 01:29:31.263 [INFO]     doris_mcp_server.utils.db:1167 - ✅ Pool warmup completed, 3 connections created
2026-05-10 01:45:42.467 [INFO]     doris_mcp_server.utils.db:1288 - 🔄 Attempting pool recovery (attempt 1/3)
2026-05-10 01:45:42.627 [INFO]     doris_mcp_server.utils.db:1329 - ✅ Pool recovery successful on attempt 1
2026-05-10 01:45:42.628 [INFO]     doris_mcp_server.utils.db:1146 - 🔥 Warming up connection pool with 3 connections
2026-05-10 01:45:42.797 [INFO]     doris_mcp_server.utils.db:1167 - ✅ Pool warmup completed, 3 connections created
2026-05-10 02:01:57.648 [INFO]     doris_mcp_server.utils.db:1288 - 🔄 Attempting pool recovery (attempt 1/3)
2026-05-10 02:02:00.805 [INFO]     doris_mcp_server.utils.db:1329 - ✅ Pool recovery successful on attempt 1
2026-05-10 02:02:00.805 [INFO]     doris_mcp_server.utils.db:1146 - 🔥 Warming up connection pool with 3 connections
2026-05-10 02:02:01.014 [INFO]     doris_mcp_server.utils.db:1167 - ✅ Pool warmup completed, 3 connections created
2026-05-10 02:18:50.446 [INFO]     doris_mcp_server.utils.db:1288 - 🔄 Attempting pool recovery (attempt 1/3)
2026-05-10 02:18:53.573 [INFO]     doris_mcp_server.utils.db:1329 - ✅ Pool recovery successful on attempt 1
2026-05-10 02:18:53.574 [INFO]     doris_mcp_server.utils.db:1146 - 🔥 Warming up connection pool with 3 connections
2026-05-10 02:18:53.765 [INFO]     doris_mcp_server.utils.db:1167 - ✅ Pool warmup completed, 3 connections created
2026-05-10 02:36:19.709 [INFO]     doris_mcp_server.utils.db:1288 - 🔄 Attempting pool recovery (attempt 1/3)
2026-05-10 02:36:22.838 [INFO]     doris_mcp_server.utils.db:1329 - ✅ Pool recovery successful on attempt 1
2026-05-10 02:36:22.839 [INFO]     doris_mcp_server.utils.db:1146 - 🔥 Warming up connection pool with 3 connections
2026-05-10 02:36:23.027 [INFO]     doris_mcp_server.utils.db:1167 - ✅ Pool warmup completed, 3 connections created
2026-05-10 02:52:11.898 [INFO]     doris_mcp_server.utils.db:1288 - 🔄 Attempting pool recovery (attempt 1/3)
2026-05-10 02:52:12.013 [INFO]     doris_mcp_server.utils.db:1329 - ✅ Pool recovery successful on attempt 1
2026-05-10 02:52:12.013 [INFO]     doris_mcp_server.utils.db:1146 - 🔥 Warming up connection pool with 3 connections
2026-05-10 02:52:12.200 [INFO]     doris_mcp_server.utils.db:1167 - ✅ Pool warmup completed, 3 connections created
2026-05-10 03:10:04.853 [INFO]     doris_mcp_server.utils.db:1288 - 🔄 Attempting pool recovery (attempt 1/3)
2026-05-10 03:10:04.986 [INFO]     doris_mcp_server.utils.db:1329 - ✅ Pool recovery successful on attempt 1
2026-05-10 03:10:04.986 [INFO]     doris_mcp_server.utils.db:1146 - 🔥 Warming up connection pool with 3 connections
2026-05-10 03:10:05.147 [INFO]     doris_mcp_server.utils.db:1167 - ✅ Pool warmup completed, 3 connections created
2026-05-10 03:26:25.432 [INFO]     doris_mcp_server.utils.db:1288 - 🔄 Attempting pool recovery (attempt 1/3)
2026-05-10 03:26:28.556 [INFO]     doris_mcp_server.utils.db:1329 - ✅ Pool recovery successful on attempt 1
2026-05-10 03:26:28.556 [INFO]     doris_mcp_server.utils.db:1146 - 🔥 Warming up connection pool with 3 connections
2026-05-10 03:26:28.775 [INFO]     doris_mcp_server.utils.db:1167 - ✅ Pool warmup completed, 3 connections created
2026-05-10 03:43:29.066 [INFO]     doris_mcp_server.utils.db:1288 - 🔄 Attempting pool recovery (attempt 1/3)
2026-05-10 03:43:32.183 [INFO]     doris_mcp_server.utils.db:1329 - ✅ Pool recovery successful on attempt 1
2026-05-10 03:43:32.183 [INFO]     doris_mcp_server.utils.db:1146 - 🔥 Warming up connection pool with 3 connections
2026-05-10 03:43:32.355 [INFO]     doris_mcp_server.utils.db:1167 - ✅ Pool warmup completed, 3 connections created
2026-05-10 04:01:19.364 [INFO]     doris_mcp_server.utils.db:1288 - 🔄 Attempting pool recovery (attempt 1/3)
2026-05-10 04:01:22.450 [INFO]     doris_mcp_server.utils.db:1329 - ✅ Pool recovery successful on attempt 1
2026-05-10 04:01:22.451 [INFO]     doris_mcp_server.utils.db:1146 - 🔥 Warming up connection pool with 3 connections
2026-05-10 04:01:22.604 [INFO]     doris_mcp_server.utils.db:1167 - ✅ Pool warmup completed, 3 connections created
2026-05-10 04:18:43.332 [INFO]     doris_mcp_server.utils.db:1288 - 🔄 Attempting pool recovery (attempt 1/3)
2026-05-10 04:35:27.877 [INFO]     doris_mcp_server.utils.db:1288 - 🔄 Attempting pool recovery (attempt 2/3)
2026-05-10 04:35:29.983 [INFO]     doris_mcp_server.utils.db:1329 - ✅ Pool recovery successful on attempt 2
2026-05-10 04:35:29.983 [INFO]     doris_mcp_server.utils.db:1146 - 🔥 Warming up connection pool with 3 connections
2026-05-10 04:35:30.158 [INFO]     doris_mcp_server.utils.db:1167 - ✅ Pool warmup completed, 3 connections created
2026-05-10 04:51:43.157 [INFO]     doris_mcp_server.utils.db:1288 - 🔄 Attempting pool recovery (attempt 1/3)
2026-05-10 04:51:46.251 [INFO]     doris_mcp_server.utils.db:1329 - ✅ Pool recovery successful on attempt 1
2026-05-10 04:51:46.252 [INFO]     doris_mcp_server.utils.db:1146 - 🔥 Warming up connection pool with 3 connections
2026-05-10 04:51:46.407 [INFO]     doris_mcp_server.utils.db:1167 - ✅ Pool warmup completed, 3 connections created
2026-05-10 05:09:40.423 [INFO]     doris_mcp_server.utils.db:1288 - 🔄 Attempting pool recovery (attempt 1/3)
2026-05-10 05:09:40.542 [INFO]     doris_mcp_server.utils.db:1329 - ✅ Pool recovery successful on attempt 1
2026-05-10 05:09:40.542 [INFO]     doris_mcp_server.utils.db:1146 - 🔥 Warming up connection pool with 3 connections
2026-05-10 05:09:40.772 [INFO]     doris_mcp_server.utils.db:1167 - ✅ Pool warmup completed, 3 connections created
2026-05-10 05:26:19.719 [INFO]     doris_mcp_server.utils.db:1288 - 🔄 Attempting pool recovery (attempt 1/3)
2026-05-10 05:26:19.838 [INFO]     doris_mcp_server.utils.db:1329 - ✅ Pool recovery successful on attempt 1
2026-05-10 05:26:19.838 [INFO]     doris_mcp_server.utils.db:1146 - 🔥 Warming up connection pool with 3 connections
2026-05-10 05:26:20.021 [INFO]     doris_mcp_server.utils.db:1167 - ✅ Pool warmup completed, 3 connections created
2026-05-10 05:43:47.296 [INFO]     doris_mcp_server.utils.db:1288 - 🔄 Attempting pool recovery (attempt 1/3)
2026-05-10 05:43:47.418 [INFO]     doris_mcp_server.utils.db:1329 - ✅ Pool recovery successful on attempt 1
2026-05-10 05:43:47.418 [INFO]     doris_mcp_server.utils.db:1146 - 🔥 Warming up connection pool with 3 connections
2026-05-10 05:43:47.614 [INFO]     doris_mcp_server.utils.db:1167 - ✅ Pool warmup completed, 3 connections created
2026-05-10 06:00:43.646 [INFO]     doris_mcp_server.utils.db:1288 - 🔄 Attempting pool recovery (attempt 1/3)
2026-05-10 06:00:46.764 [INFO]     doris_mcp_server.utils.db:1329 - ✅ Pool recovery successful on attempt 1
2026-05-10 06:00:46.765 [INFO]     doris_mcp_server.utils.db:1146 - 🔥 Warming up connection pool with 3 connections
2026-05-10 06:00:46.943 [INFO]     doris_mcp_server.utils.db:1167 - ✅ Pool warmup completed, 3 connections created
2026-05-10 06:16:33.990 [INFO]     doris_mcp_server.utils.db:1288 - 🔄 Attempting pool recovery (attempt 1/3)
2026-05-10 06:16:37.103 [INFO]     doris_mcp_server.utils.db:1329 - ✅ Pool recovery successful on attempt 1
2026-05-10 06:16:37.104 [INFO]     doris_mcp_server.utils.db:1146 - 🔥 Warming up connection pool with 3 connections
2026-05-10 06:16:37.269 [INFO]     doris_mcp_server.utils.db:1167 - ✅ Pool warmup completed, 3 connections created
2026-05-10 06:48:18.070 [INFO]     doris_mcp_server.utils.db:1288 - 🔄 Attempting pool recovery (attempt 1/3)
2026-05-10 06:48:18.208 [INFO]     doris_mcp_server.utils.db:1329 - ✅ Pool recovery successful on attempt 1
2026-05-10 06:48:18.208 [INFO]     doris_mcp_server.utils.db:1146 - 🔥 Warming up connection pool with 3 connections
2026-05-10 06:48:18.368 [INFO]     doris_mcp_server.utils.db:1167 - ✅ Pool warmup completed, 3 connections created
2026-05-10 07:07:32.095 [INFO]     doris_mcp_server.utils.db:1288 - 🔄 Attempting pool recovery (attempt 1/3)
2026-05-10 07:07:35.188 [INFO]     doris_mcp_server.utils.db:1329 - ✅ Pool recovery successful on attempt 1
2026-05-10 07:07:35.189 [INFO]     doris_mcp_server.utils.db:1146 - 🔥 Warming up connection pool with 3 connections
2026-05-10 07:07:35.347 [INFO]     doris_mcp_server.utils.db:1167 - ✅ Pool warmup completed, 3 connections created
2026-05-10 07:24:14.517 [INFO]     doris_mcp_server.utils.db:1288 - 🔄 Attempting pool recovery (attempt 1/3)
2026-05-10 07:24:17.690 [INFO]     doris_mcp_server.utils.db:1329 - ✅ Pool recovery successful on attempt 1
2026-05-10 07:24:17.691 [INFO]     doris_mcp_server.utils.db:1146 - 🔥 Warming up connection pool with 3 connections
2026-05-10 07:24:17.930 [INFO]     doris_mcp_server.utils.db:1167 - ✅ Pool warmup completed, 3 connections created
2026-05-10 07:38:34.626 [INFO]     doris_mcp_server.utils.db:1288 - 🔄 Attempting pool recovery (attempt 1/3)
2026-05-10 07:38:34.742 [INFO]     doris_mcp_server.utils.db:1329 - ✅ Pool recovery successful on attempt 1
2026-05-10 07:38:34.742 [INFO]     doris_mcp_server.utils.db:1146 - 🔥 Warming up connection pool with 3 connections
2026-05-10 07:38:34.945 [INFO]     doris_mcp_server.utils.db:1167 - ✅ Pool warmup completed, 3 connections created
2026-05-10 07:53:32.986 [INFO]     doris_mcp_server.utils.db:1288 - 🔄 Attempting pool recovery (attempt 1/3)
2026-05-10 07:53:34.078 [INFO]     doris_mcp_server.utils.db:1329 - ✅ Pool recovery successful on attempt 1
2026-05-10 07:53:34.079 [INFO]     doris_mcp_server.utils.db:1146 - 🔥 Warming up connection pool with 3 connections
2026-05-10 07:53:34.255 [INFO]     doris_mcp_server.utils.db:1167 - ✅ Pool warmup completed, 3 connections created
2026-05-10 08:10:34.686 [INFO]     doris_mcp_server.utils.db:1288 - 🔄 Attempting pool recovery (attempt 1/3)
2026-05-10 08:10:34.815 [INFO]     doris_mcp_server.utils.db:1329 - ✅ Pool recovery successful on attempt 1
2026-05-10 08:10:34.816 [INFO]     doris_mcp_server.utils.db:1146 - 🔥 Warming up connection pool with 3 connections
2026-05-10 08:10:35.016 [INFO]     doris_mcp_server.utils.db:1167 - ✅ Pool warmup completed, 3 connections created
2026-05-10 08:27:37.455 [INFO]     doris_mcp_server.utils.db:1288 - 🔄 Attempting pool recovery (attempt 1/3)
2026-05-10 08:27:40.547 [INFO]     doris_mcp_server.utils.db:1329 - ✅ Pool recovery successful on attempt 1
2026-05-10 08:27:40.547 [INFO]     doris_mcp_server.utils.db:1146 - 🔥 Warming up connection pool with 3 connections
2026-05-10 08:27:40.735 [INFO]     doris_mcp_server.utils.db:1167 - ✅ Pool warmup completed, 3 connections created
2026-05-10 08:43:37.521 [INFO]     doris_mcp_server.utils.db:1288 - 🔄 Attempting pool recovery (attempt 1/3)
2026-05-10 08:43:40.622 [INFO]     doris_mcp_server.utils.db:1329 - ✅ Pool recovery successful on attempt 1
2026-05-10 08:43:40.622 [INFO]     doris_mcp_server.utils.db:1146 - 🔥 Warming up connection pool with 3 connections
2026-05-10 08:43:40.810 [INFO]     doris_mcp_server.utils.db:1167 - ✅ Pool warmup completed, 3 connections created
2026-05-10 08:54:32.695 [INFO]     doris_mcp_server.utils.db:1288 - 🔄 Attempting pool recovery (attempt 1/3)
2026-05-10 09:11:18.421 [INFO]     doris_mcp_server.utils.db:1329 - ✅ Pool recovery successful on attempt 1
2026-05-10 09:11:18.422 [INFO]     doris_mcp_server.utils.db:1146 - 🔥 Warming up connection pool with 3 connections
2026-05-10 09:11:18.604 [INFO]     doris_mcp_server.utils.db:1167 - ✅ Pool warmup completed, 3 connections created
2026-05-10 09:29:35.888 [INFO]     doris_mcp_server.utils.db:1288 - 🔄 Attempting pool recovery (attempt 1/3)
2026-05-10 09:29:38.994 [INFO]     doris_mcp_server.utils.db:1329 - ✅ Pool recovery successful on attempt 1
2026-05-10 09:29:38.995 [INFO]     doris_mcp_server.utils.db:1146 - 🔥 Warming up connection pool with 3 connections
2026-05-10 09:29:39.176 [INFO]     doris_mcp_server.utils.db:1167 - ✅ Pool warmup completed, 3 connections created
2026-05-10 09:47:54.233 [INFO]     doris_mcp_server.utils.db:1288 - 🔄 Attempting pool recovery (attempt 1/3)
2026-05-10 09:47:57.336 [INFO]     doris_mcp_server.utils.db:1329 - ✅ Pool recovery successful on attempt 1
2026-05-10 09:47:57.336 [INFO]     doris_mcp_server.utils.db:1146 - 🔥 Warming up connection pool with 3 connections
2026-05-10 09:47:57.518 [INFO]     doris_mcp_server.utils.db:1167 - ✅ Pool warmup completed, 3 connections created
2026-05-10 09:55:11.022 [INFO]     doris_mcp_server.utils.db:1288 - 🔄 Attempting pool recovery (attempt 1/3)
2026-05-10 09:55:11.150 [INFO]     doris_mcp_server.utils.db:1329 - ✅ Pool recovery successful on attempt 1
2026-05-10 09:55:11.150 [INFO]     doris_mcp_server.utils.db:1146 - 🔥 Warming up connection pool with 3 connections
2026-05-10 09:55:11.350 [INFO]     doris_mcp_server.utils.db:1167 - ✅ Pool warmup completed, 3 connections created
2026-05-10 10:11:25.737 [INFO]     doris_mcp_server.utils.db:1288 - 🔄 Attempting pool recovery (attempt 1/3)
2026-05-10 10:11:25.868 [INFO]     doris_mcp_server.utils.db:1329 - ✅ Pool recovery successful on attempt 1
2026-05-10 10:11:25.868 [INFO]     doris_mcp_server.utils.db:1146 - 🔥 Warming up connection pool with 3 connections
2026-05-10 10:11:26.058 [INFO]     doris_mcp_server.utils.db:1167 - ✅ Pool warmup completed, 3 connections created
2026-05-10 10:27:30.312 [INFO]     doris_mcp_server.utils.db:1288 - 🔄 Attempting pool recovery (attempt 1/3)
2026-05-10 10:27:30.421 [INFO]     doris_mcp_server.utils.db:1329 - ✅ Pool recovery successful on attempt 1
2026-05-10 10:27:30.421 [INFO]     doris_mcp_server.utils.db:1146 - 🔥 Warming up connection pool with 3 connections
2026-05-10 10:27:30.611 [INFO]     doris_mcp_server.utils.db:1167 - ✅ Pool warmup completed, 3 connections created
2026-05-10 10:44:44.914 [INFO]     doris_mcp_server.utils.db:1288 - 🔄 Attempting pool recovery (attempt 1/3)
2026-05-10 10:44:48.022 [INFO]     doris_mcp_server.utils.db:1329 - ✅ Pool recovery successful on attempt 1
2026-05-10 10:44:48.022 [INFO]     doris_mcp_server.utils.db:1146 - 🔥 Warming up connection pool with 3 connections
2026-05-10 10:44:48.160 [INFO]     doris_mcp_server.utils.db:1167 - ✅ Pool warmup completed, 3 connections created
2026-05-10 10:56:06.093 [INFO]     doris_mcp_server.utils.db:1288 - 🔄 Attempting pool recovery (attempt 1/3)
2026-05-10 10:56:09.214 [INFO]     doris_mcp_server.utils.db:1329 - ✅ Pool recovery successful on attempt 1
2026-05-10 10:56:09.214 [INFO]     doris_mcp_server.utils.db:1146 - 🔥 Warming up connection pool with 3 connections
2026-05-10 10:56:09.384 [INFO]     doris_mcp_server.utils.db:1167 - ✅ Pool warmup completed, 3 connections created
2026-05-10 11:13:02.572 [INFO]     doris_mcp_server.utils.db:1288 - 🔄 Attempting pool recovery (attempt 1/3)
2026-05-10 11:13:02.686 [INFO]     doris_mcp_server.utils.db:1329 - ✅ Pool recovery successful on attempt 1
2026-05-10 11:13:02.687 [INFO]     doris_mcp_server.utils.db:1146 - 🔥 Warming up connection pool with 3 connections
2026-05-10 11:13:02.862 [INFO]     doris_mcp_server.utils.db:1167 - ✅ Pool warmup completed, 3 connections created
2026-05-10 11:33:28.961 [INFO]     doris_mcp_server.utils.db:1288 - 🔄 Attempting pool recovery (attempt 1/3)
2026-05-10 11:33:29.068 [INFO]     doris_mcp_server.utils.db:1329 - ✅ Pool recovery successful on attempt 1
2026-05-10 11:33:29.069 [INFO]     doris_mcp_server.utils.db:1146 - 🔥 Warming up connection pool with 3 connections
2026-05-10 11:33:29.249 [INFO]     doris_mcp_server.utils.db:1167 - ✅ Pool warmup completed, 3 connections created
2026-05-10 11:50:12.417 [INFO]     doris_mcp_server.utils.db:1288 - 🔄 Attempting pool recovery (attempt 1/3)
2026-05-10 11:50:15.529 [INFO]     doris_mcp_server.utils.db:1329 - ✅ Pool recovery successful on attempt 1
2026-05-10 11:50:15.530 [INFO]     doris_mcp_server.utils.db:1146 - 🔥 Warming up connection pool with 3 connections
2026-05-10 11:50:15.730 [INFO]     doris_mcp_server.utils.db:1167 - ✅ Pool warmup completed, 3 connections created
2026-05-10 11:57:11.807 [INFO]     doris_mcp_server.utils.db:1288 - 🔄 Attempting pool recovery (attempt 1/3)
2026-05-10 11:57:14.944 [INFO]     doris_mcp_server.utils.db:1329 - ✅ Pool recovery successful on attempt 1
2026-05-10 11:57:14.945 [INFO]     doris_mcp_server.utils.db:1146 - 🔥 Warming up connection pool with 3 connections
2026-05-10 11:57:15.113 [INFO]     doris_mcp_server.utils.db:1167 - ✅ Pool warmup completed, 3 connections created
2026-05-10 12:14:31.352 [INFO]     doris_mcp_server.utils.db:1288 - 🔄 Attempting pool recovery (attempt 1/3)
2026-05-10 12:14:34.486 [INFO]     doris_mcp_server.utils.db:1329 - ✅ Pool recovery successful on attempt 1
2026-05-10 12:14:34.487 [INFO]     doris_mcp_server.utils.db:1146 - 🔥 Warming up connection pool with 3 connections
2026-05-10 12:14:34.657 [INFO]     doris_mcp_server.utils.db:1167 - ✅ Pool warmup completed, 3 connections created
2026-05-10 12:31:07.775 [INFO]     doris_mcp_server.utils.db:1288 - 🔄 Attempting pool recovery (attempt 1/3)
2026-05-10 12:31:07.885 [INFO]     doris_mcp_server.utils.db:1329 - ✅ Pool recovery successful on attempt 1
2026-05-10 12:31:07.885 [INFO]     doris_mcp_server.utils.db:1146 - 🔥 Warming up connection pool with 3 connections
2026-05-10 12:31:08.068 [INFO]     doris_mcp_server.utils.db:1167 - ✅ Pool warmup completed, 3 connections created
2026-05-10 12:47:40.221 [INFO]     doris_mcp_server.utils.db:1288 - 🔄 Attempting pool recovery (attempt 1/3)
2026-05-10 12:47:40.332 [INFO]     doris_mcp_server.utils.db:1329 - ✅ Pool recovery successful on attempt 1
2026-05-10 12:47:40.333 [INFO]     doris_mcp_server.utils.db:1146 - 🔥 Warming up connection pool with 3 connections
2026-05-10 12:47:40.520 [INFO]     doris_mcp_server.utils.db:1167 - ✅ Pool warmup completed, 3 connections created
2026-05-10 12:58:25.442 [INFO]     doris_mcp_server.utils.db:1288 - 🔄 Attempting pool recovery (attempt 1/3)
2026-05-10 12:58:25.551 [INFO]     doris_mcp_server.utils.db:1329 - ✅ Pool recovery successful on attempt 1
2026-05-10 12:58:25.552 [INFO]     doris_mcp_server.utils.db:1146 - 🔥 Warming up connection pool with 3 connections
2026-05-10 12:58:25.753 [INFO]     doris_mcp_server.utils.db:1167 - ✅ Pool warmup completed, 3 connections created
2026-05-10 13:14:27.584 [INFO]     doris_mcp_server.utils.db:1288 - 🔄 Attempting pool recovery (attempt 1/3)
2026-05-10 13:14:27.723 [INFO]     doris_mcp_server.utils.db:1329 - ✅ Pool recovery successful on attempt 1
2026-05-10 13:14:27.723 [INFO]     doris_mcp_server.utils.db:1146 - 🔥 Warming up connection pool with 3 connections
2026-05-10 13:14:27.956 [INFO]     doris_mcp_server.utils.db:1167 - ✅ Pool warmup completed, 3 connections created
2026-05-10 13:46:39.486 [INFO]     doris_mcp_server.utils.db:1288 - 🔄 Attempting pool recovery (attempt 1/3)
2026-05-10 13:46:42.629 [INFO]     doris_mcp_server.utils.db:1329 - ✅ Pool recovery successful on attempt 1
2026-05-10 13:46:42.630 [INFO]     doris_mcp_server.utils.db:1146 - 🔥 Warming up connection pool with 3 connections
2026-05-10 13:46:42.827 [INFO]     doris_mcp_server.utils.db:1167 - ✅ Pool warmup completed, 3 connections created
2026-05-10 13:59:06.461 [INFO]     doris_mcp_server.utils.db:1288 - 🔄 Attempting pool recovery (attempt 1/3)
2026-05-10 13:59:06.569 [INFO]     doris_mcp_server.utils.db:1329 - ✅ Pool recovery successful on attempt 1
2026-05-10 13:59:06.569 [INFO]     doris_mcp_server.utils.db:1146 - 🔥 Warming up connection pool with 3 connections
2026-05-10 13:59:06.736 [INFO]     doris_mcp_server.utils.db:1167 - ✅ Pool warmup completed, 3 connections created
2026-05-10 14:15:48.902 [INFO]     doris_mcp_server.utils.db:1288 - 🔄 Attempting pool recovery (attempt 1/3)
2026-05-10 14:15:49.007 [INFO]     doris_mcp_server.utils.db:1329 - ✅ Pool recovery successful on attempt 1
2026-05-10 14:15:49.008 [INFO]     doris_mcp_server.utils.db:1146 - 🔥 Warming up connection pool with 3 connections
2026-05-10 14:15:50.163 [INFO]     doris_mcp_server.utils.db:1167 - ✅ Pool warmup completed, 3 connections created
2026-05-10 14:33:24.837 [INFO]     doris_mcp_server.utils.db:1288 - 🔄 Attempting pool recovery (attempt 1/3)
2026-05-10 14:33:24.948 [INFO]     doris_mcp_server.utils.db:1329 - ✅ Pool recovery successful on attempt 1
2026-05-10 14:33:24.948 [INFO]     doris_mcp_server.utils.db:1146 - 🔥 Warming up connection pool with 3 connections
2026-05-10 14:33:26.088 [INFO]     doris_mcp_server.utils.db:1167 - ✅ Pool warmup completed, 3 connections created
2026-05-10 14:50:17.120 [INFO]     doris_mcp_server.utils.db:1288 - 🔄 Attempting pool recovery (attempt 1/3)
2026-05-10 14:50:20.211 [INFO]     doris_mcp_server.utils.db:1329 - ✅ Pool recovery successful on attempt 1
2026-05-10 14:50:20.211 [INFO]     doris_mcp_server.utils.db:1146 - 🔥 Warming up connection pool with 3 connections
2026-05-10 14:50:20.380 [INFO]     doris_mcp_server.utils.db:1167 - ✅ Pool warmup completed, 3 connections created
2026-05-10 15:00:30.822 [INFO]     doris_mcp_server.utils.db:1288 - 🔄 Attempting pool recovery (attempt 1/3)
2026-05-10 15:17:51.535 [INFO]     doris_mcp_server.utils.db:1329 - ✅ Pool recovery successful on attempt 1
2026-05-10 15:17:51.536 [INFO]     doris_mcp_server.utils.db:1146 - 🔥 Warming up connection pool with 3 connections
2026-05-10 15:17:51.740 [INFO]     doris_mcp_server.utils.db:1167 - ✅ Pool warmup completed, 3 connections created
2026-05-10 15:37:56.178 [INFO]     doris_mcp_server.utils.db:1288 - 🔄 Attempting pool recovery (attempt 1/3)
2026-05-10 15:37:56.295 [INFO]     doris_mcp_server.utils.db:1329 - ✅ Pool recovery successful on attempt 1
2026-05-10 15:37:56.296 [INFO]     doris_mcp_server.utils.db:1146 - 🔥 Warming up connection pool with 3 connections
2026-05-10 15:37:56.464 [INFO]     doris_mcp_server.utils.db:1167 - ✅ Pool warmup completed, 3 connections created
2026-05-10 15:54:03.282 [INFO]     doris_mcp_server.utils.db:1288 - 🔄 Attempting pool recovery (attempt 1/3)
2026-05-10 15:54:03.384 [INFO]     doris_mcp_server.utils.db:1329 - ✅ Pool recovery successful on attempt 1
2026-05-10 15:54:03.385 [INFO]     doris_mcp_server.utils.db:1146 - 🔥 Warming up connection pool with 3 connections
2026-05-10 15:54:03.569 [INFO]     doris_mcp_server.utils.db:1167 - ✅ Pool warmup completed, 3 connections created
2026-05-10 16:01:17.045 [INFO]     doris_mcp_server.utils.db:1288 - 🔄 Attempting pool recovery (attempt 1/3)
2026-05-10 16:01:17.133 [INFO]     doris_mcp_server.utils.db:1329 - ✅ Pool recovery successful on attempt 1
2026-05-10 16:01:17.134 [INFO]     doris_mcp_server.utils.db:1146 - 🔥 Warming up connection pool with 3 connections
2026-05-10 16:01:17.298 [INFO]     doris_mcp_server.utils.db:1167 - ✅ Pool warmup completed, 3 connections created
2026-05-10 16:19:22.357 [INFO]     doris_mcp_server.utils.db:1288 - 🔄 Attempting pool recovery (attempt 1/3)
2026-05-10 16:19:25.463 [INFO]     doris_mcp_server.utils.db:1329 - ✅ Pool recovery successful on attempt 1
2026-05-10 16:19:25.463 [INFO]     doris_mcp_server.utils.db:1146 - 🔥 Warming up connection pool with 3 connections
2026-05-10 16:19:25.699 [INFO]     doris_mcp_server.utils.db:1167 - ✅ Pool warmup completed, 3 connections created
2026-05-10 16:36:27.885 [INFO]     doris_mcp_server.utils.db:1288 - 🔄 Attempting pool recovery (attempt 1/3)
2026-05-10 16:36:31.012 [INFO]     doris_mcp_server.utils.db:1329 - ✅ Pool recovery successful on attempt 1
2026-05-10 16:36:31.013 [INFO]     doris_mcp_server.utils.db:1146 - 🔥 Warming up connection pool with 3 connections
2026-05-10 16:36:31.200 [INFO]     doris_mcp_server.utils.db:1167 - ✅ Pool warmup completed, 3 connections created
2026-05-10 16:53:26.407 [INFO]     doris_mcp_server.utils.db:1288 - 🔄 Attempting pool recovery (attempt 1/3)
2026-05-10 16:53:26.506 [INFO]     doris_mcp_server.utils.db:1329 - ✅ Pool recovery successful on attempt 1
2026-05-10 16:53:26.506 [INFO]     doris_mcp_server.utils.db:1146 - 🔥 Warming up connection pool with 3 connections
2026-05-10 16:53:26.711 [INFO]     doris_mcp_server.utils.db:1167 - ✅ Pool warmup completed, 3 connections created
2026-05-10 17:18:01.631 [INFO]     doris_mcp_server.utils.db:1288 - 🔄 Attempting pool recovery (attempt 1/3)
2026-05-10 17:18:04.742 [INFO]     doris_mcp_server.utils.db:1329 - ✅ Pool recovery successful on attempt 1
2026-05-10 17:18:04.742 [INFO]     doris_mcp_server.utils.db:1146 - 🔥 Warming up connection pool with 3 connections
2026-05-10 17:18:04.899 [INFO]     doris_mcp_server.utils.db:1167 - ✅ Pool warmup completed, 3 connections created
2026-05-10 17:34:46.170 [INFO]     doris_mcp_server.utils.db:1288 - 🔄 Attempting pool recovery (attempt 1/3)
2026-05-10 17:34:49.287 [INFO]     doris_mcp_server.utils.db:1329 - ✅ Pool recovery successful on attempt 1
2026-05-10 17:34:49.288 [INFO]     doris_mcp_server.utils.db:1146 - 🔥 Warming up connection pool with 3 connections
2026-05-10 17:34:49.485 [INFO]     doris_mcp_server.utils.db:1167 - ✅ Pool warmup completed, 3 connections created
2026-05-10 17:50:43.430 [INFO]     doris_mcp_server.utils.db:1288 - 🔄 Attempting pool recovery (attempt 1/3)
2026-05-10 17:50:46.568 [INFO]     doris_mcp_server.utils.db:1329 - ✅ Pool recovery successful on attempt 1
2026-05-10 17:50:46.569 [INFO]     doris_mcp_server.utils.db:1146 - 🔥 Warming up connection pool with 3 connections
2026-05-10 17:50:46.755 [INFO]     doris_mcp_server.utils.db:1167 - ✅ Pool warmup completed, 3 connections created
2026-05-10 18:01:00.648 [INFO]     doris_mcp_server.utils.db:1288 - 🔄 Attempting pool recovery (attempt 1/3)
2026-05-10 18:01:03.799 [INFO]     doris_mcp_server.utils.db:1329 - ✅ Pool recovery successful on attempt 1
2026-05-10 18:01:03.800 [INFO]     doris_mcp_server.utils.db:1146 - 🔥 Warming up connection pool with 3 connections
2026-05-10 18:01:03.980 [INFO]     doris_mcp_server.utils.db:1167 - ✅ Pool warmup completed, 3 connections created
2026-05-10 18:19:02.262 [INFO]     doris_mcp_server.utils.db:1288 - 🔄 Attempting pool recovery (attempt 1/3)
2026-05-10 18:19:02.361 [INFO]     doris_mcp_server.utils.db:1329 - ✅ Pool recovery successful on attempt 1
2026-05-10 18:19:02.362 [INFO]     doris_mcp_server.utils.db:1146 - 🔥 Warming up connection pool with 3 connections
2026-05-10 18:19:02.569 [INFO]     doris_mcp_server.utils.db:1167 - ✅ Pool warmup completed, 3 connections created
2026-05-10 18:35:08.560 [INFO]     doris_mcp_server.utils.db:1288 - 🔄 Attempting pool recovery (attempt 1/3)
2026-05-10 18:35:11.682 [INFO]     doris_mcp_server.utils.db:1329 - ✅ Pool recovery successful on attempt 1
2026-05-10 18:35:11.682 [INFO]     doris_mcp_server.utils.db:1146 - 🔥 Warming up connection pool with 3 connections
2026-05-10 18:35:11.870 [INFO]     doris_mcp_server.utils.db:1167 - ✅ Pool warmup completed, 3 connections created
2026-05-10 18:54:19.616 [INFO]     doris_mcp_server.utils.db:1288 - 🔄 Attempting pool recovery (attempt 1/3)
2026-05-10 18:54:22.722 [INFO]     doris_mcp_server.utils.db:1329 - ✅ Pool recovery successful on attempt 1
2026-05-10 18:54:22.723 [INFO]     doris_mcp_server.utils.db:1146 - 🔥 Warming up connection pool with 3 connections
2026-05-10 18:54:22.937 [INFO]     doris_mcp_server.utils.db:1167 - ✅ Pool warmup completed, 3 connections created
2026-05-10 19:13:39.971 [INFO]     doris_mcp_server.utils.db:1288 - 🔄 Attempting pool recovery (attempt 1/3)
2026-05-10 19:13:43.054 [INFO]     doris_mcp_server.utils.db:1329 - ✅ Pool recovery successful on attempt 1
2026-05-10 19:13:43.054 [INFO]     doris_mcp_server.utils.db:1146 - 🔥 Warming up connection pool with 3 connections
2026-05-10 19:13:43.216 [INFO]     doris_mcp_server.utils.db:1167 - ✅ Pool warmup completed, 3 connections created
2026-05-10 19:30:22.844 [INFO]     doris_mcp_server.utils.db:1288 - 🔄 Attempting pool recovery (attempt 1/3)
2026-05-10 19:30:25.956 [INFO]     doris_mcp_server.utils.db:1329 - ✅ Pool recovery successful on attempt 1
2026-05-10 19:30:25.956 [INFO]     doris_mcp_server.utils.db:1146 - 🔥 Warming up connection pool with 3 connections
2026-05-10 19:30:26.143 [INFO]     doris_mcp_server.utils.db:1167 - ✅ Pool warmup completed, 3 connections created
2026-05-10 19:46:22.190 [INFO]     doris_mcp_server.utils.db:1288 - 🔄 Attempting pool recovery (attempt 1/3)
2026-05-10 19:46:22.305 [INFO]     doris_mcp_server.utils.db:1329 - ✅ Pool recovery successful on attempt 1
2026-05-10 19:46:22.305 [INFO]     doris_mcp_server.utils.db:1146 - 🔥 Warming up connection pool with 3 connections
2026-05-10 19:46:22.516 [INFO]     doris_mcp_server.utils.db:1167 - ✅ Pool warmup completed, 3 connections created
2026-05-10 20:02:27.456 [INFO]     doris_mcp_server.utils.db:1288 - 🔄 Attempting pool recovery (attempt 1/3)
2026-05-10 20:02:27.569 [INFO]     doris_mcp_server.utils.db:1329 - ✅ Pool recovery successful on attempt 1
2026-05-10 20:02:27.569 [INFO]     doris_mcp_server.utils.db:1146 - 🔥 Warming up connection pool with 3 connections
2026-05-10 20:02:27.776 [INFO]     doris_mcp_server.utils.db:1167 - ✅ Pool warmup completed, 3 connections created
2026-05-10 20:18:59.742 [INFO]     doris_mcp_server.utils.db:1288 - 🔄 Attempting pool recovery (attempt 1/3)
2026-05-10 20:19:02.900 [INFO]     doris_mcp_server.utils.db:1329 - ✅ Pool recovery successful on attempt 1
2026-05-10 20:19:02.900 [INFO]     doris_mcp_server.utils.db:1146 - 🔥 Warming up connection pool with 3 connections
2026-05-10 20:19:03.076 [INFO]     doris_mcp_server.utils.db:1167 - ✅ Pool warmup completed, 3 connections created
2026-05-10 20:35:45.002 [INFO]     doris_mcp_server.utils.db:1288 - 🔄 Attempting pool recovery (attempt 1/3)
2026-05-10 20:35:48.109 [INFO]     doris_mcp_server.utils.db:1329 - ✅ Pool recovery successful on attempt 1
2026-05-10 20:35:48.109 [INFO]     doris_mcp_server.utils.db:1146 - 🔥 Warming up connection pool with 3 connections
2026-05-10 20:35:48.283 [INFO]     doris_mcp_server.utils.db:1167 - ✅ Pool warmup completed, 3 connections created
2026-05-10 20:51:47.851 [INFO]     doris_mcp_server.utils.db:1288 - 🔄 Attempting pool recovery (attempt 1/3)
2026-05-10 20:51:50.964 [INFO]     doris_mcp_server.utils.db:1329 - ✅ Pool recovery successful on attempt 1
2026-05-10 20:51:50.964 [INFO]     doris_mcp_server.utils.db:1146 - 🔥 Warming up connection pool with 3 connections
2026-05-10 20:51:51.115 [INFO]     doris_mcp_server.utils.db:1167 - ✅ Pool warmup completed, 3 connections created
2026-05-10 21:09:08.709 [INFO]     doris_mcp_server.utils.db:1288 - 🔄 Attempting pool recovery (attempt 1/3)
2026-05-10 21:26:18.618 [INFO]     doris_mcp_server.utils.db:1329 - ✅ Pool recovery successful on attempt 1
2026-05-10 21:26:18.618 [INFO]     doris_mcp_server.utils.db:1146 - 🔥 Warming up connection pool with 3 connections
2026-05-10 21:26:18.812 [INFO]     doris_mcp_server.utils.db:1167 - ✅ Pool warmup completed, 3 connections created
2026-05-10 21:43:04.077 [INFO]     doris_mcp_server.utils.db:1288 - 🔄 Attempting pool recovery (attempt 1/3)
2026-05-10 21:43:04.184 [INFO]     doris_mcp_server.utils.db:1329 - ✅ Pool recovery successful on attempt 1
2026-05-10 21:43:04.184 [INFO]     doris_mcp_server.utils.db:1146 - 🔥 Warming up connection pool with 3 connections
2026-05-10 21:43:04.361 [INFO]     doris_mcp_server.utils.db:1167 - ✅ Pool warmup completed, 3 connections created
2026-05-10 21:58:55.584 [INFO]     doris_mcp_server.utils.db:1288 - 🔄 Attempting pool recovery (attempt 1/3)
2026-05-10 21:58:58.719 [INFO]     doris_mcp_server.utils.db:1329 - ✅ Pool recovery successful on attempt 1
2026-05-10 21:58:58.720 [INFO]     doris_mcp_server.utils.db:1146 - 🔥 Warming up connection pool with 3 connections
2026-05-10 21:58:58.920 [INFO]     doris_mcp_server.utils.db:1167 - ✅ Pool warmup completed, 3 connections created
2026-05-10 22:14:54.114 [INFO]     doris_mcp_server.utils.db:1288 - 🔄 Attempting pool recovery (attempt 1/3)
2026-05-10 22:14:57.246 [INFO]     doris_mcp_server.utils.db:1329 - ✅ Pool recovery successful on attempt 1
2026-05-10 22:14:57.247 [INFO]     doris_mcp_server.utils.db:1146 - 🔥 Warming up connection pool with 3 connections
2026-05-10 22:14:57.399 [INFO]     doris_mcp_server.utils.db:1167 - ✅ Pool warmup completed, 3 connections created
2026-05-10 22:31:05.330 [INFO]     doris_mcp_server.utils.db:1288 - 🔄 Attempting pool recovery (attempt 1/3)
2026-05-10 22:31:05.440 [INFO]     doris_mcp_server.utils.db:1329 - ✅ Pool recovery successful on attempt 1
2026-05-10 22:31:05.440 [INFO]     doris_mcp_server.utils.db:1146 - 🔥 Warming up connection pool with 3 connections
2026-05-10 22:31:05.636 [INFO]     doris_mcp_server.utils.db:1167 - ✅ Pool warmup completed, 3 connections created
2026-05-10 22:47:34.011 [INFO]     doris_mcp_server.utils.db:1288 - 🔄 Attempting pool recovery (attempt 1/3)
2026-05-10 22:47:34.147 [INFO]     doris_mcp_server.utils.db:1329 - ✅ Pool recovery successful on attempt 1
2026-05-10 22:47:34.148 [INFO]     doris_mcp_server.utils.db:1146 - 🔥 Warming up connection pool with 3 connections
2026-05-10 22:47:34.349 [INFO]     doris_mcp_server.utils.db:1167 - ✅ Pool warmup completed, 3 connections created
2026-05-10 23:04:31.787 [INFO]     doris_mcp_server.utils.db:1288 - 🔄 Attempting pool recovery (attempt 1/3)
2026-05-10 23:04:31.915 [INFO]     doris_mcp_server.utils.db:1329 - ✅ Pool recovery successful on attempt 1
2026-05-10 23:04:31.915 [INFO]     doris_mcp_server.utils.db:1146 - 🔥 Warming up connection pool with 3 connections
2026-05-10 23:04:32.063 [INFO]     doris_mcp_server.utils.db:1167 - ✅ Pool warmup completed, 3 connections created
2026-05-10 23:20:24.142 [INFO]     doris_mcp_server.utils.db:1288 - 🔄 Attempting pool recovery (attempt 1/3)
2026-05-10 23:20:27.279 [INFO]     doris_mcp_server.utils.db:1329 - ✅ Pool recovery successful on attempt 1
2026-05-10 23:20:27.279 [INFO]     doris_mcp_server.utils.db:1146 - 🔥 Warming up connection pool with 3 connections
2026-05-10 23:20:27.459 [INFO]     doris_mcp_server.utils.db:1167 - ✅ Pool warmup completed, 3 connections created
2026-05-10 23:33:43.763 [INFO]     doris_mcp_server.utils.db:1288 - 🔄 Attempting pool recovery (attempt 1/3)
2026-05-10 23:33:46.916 [INFO]     doris_mcp_server.utils.db:1329 - ✅ Pool recovery successful on attempt 1
2026-05-10 23:33:46.917 [INFO]     doris_mcp_server.utils.db:1146 - 🔥 Warming up connection pool with 3 connections
2026-05-10 23:33:47.078 [INFO]     doris_mcp_server.utils.db:1167 - ✅ Pool warmup completed, 3 connections created
2026-05-10 23:52:00.797 [INFO]     doris_mcp_server.utils.db:1288 - 🔄 Attempting pool recovery (attempt 1/3)
2026-05-10 23:52:03.955 [INFO]     doris_mcp_server.utils.db:1329 - ✅ Pool recovery successful on attempt 1
2026-05-10 23:52:03.955 [INFO]     doris_mcp_server.utils.db:1146 - 🔥 Warming up connection pool with 3 connections
2026-05-10 23:52:04.116 [INFO]     doris_mcp_server.utils.db:1167 - ✅ Pool warmup completed, 3 connections created
2026-05-11 00:10:06.350 [INFO]     doris_mcp_server.utils.db:1288 - 🔄 Attempting pool recovery (attempt 1/3)
2026-05-11 00:10:06.454 [INFO]     doris_mcp_server.utils.db:1329 - ✅ Pool recovery successful on attempt 1
2026-05-11 00:10:06.454 [INFO]     doris_mcp_server.utils.db:1146 - 🔥 Warming up connection pool with 3 connections
2026-05-11 00:10:06.661 [INFO]     doris_mcp_server.utils.db:1167 - ✅ Pool warmup completed, 3 connections created
2026-05-11 00:26:46.013 [INFO]     doris_mcp_server.utils.db:1288 - 🔄 Attempting pool recovery (attempt 1/3)
2026-05-11 00:26:46.125 [INFO]     doris_mcp_server.utils.db:1329 - ✅ Pool recovery successful on attempt 1
2026-05-11 00:26:46.126 [INFO]     doris_mcp_server.utils.db:1146 - 🔥 Warming up connection pool with 3 connections
2026-05-11 00:26:46.320 [INFO]     doris_mcp_server.utils.db:1167 - ✅ Pool warmup completed, 3 connections created
2026-05-11 00:57:41.329 [INFO]     doris_mcp_server.utils.db:1288 - 🔄 Attempting pool recovery (attempt 1/3)
2026-05-11 00:57:44.428 [INFO]     doris_mcp_server.utils.db:1329 - ✅ Pool recovery successful on attempt 1
2026-05-11 00:57:44.428 [INFO]     doris_mcp_server.utils.db:1146 - 🔥 Warming up connection pool with 3 connections
2026-05-11 00:57:44.620 [INFO]     doris_mcp_server.utils.db:1167 - ✅ Pool warmup completed, 3 connections created
2026-05-11 01:14:55.616 [INFO]     doris_mcp_server.utils.db:1288 - 🔄 Attempting pool recovery (attempt 1/3)
2026-05-11 01:14:55.774 [INFO]     doris_mcp_server.utils.db:1329 - ✅ Pool recovery successful on attempt 1
2026-05-11 01:14:55.775 [INFO]     doris_mcp_server.utils.db:1146 - 🔥 Warming up connection pool with 3 connections
2026-05-11 01:14:55.977 [INFO]     doris_mcp_server.utils.db:1167 - ✅ Pool warmup completed, 3 connections created
2026-05-11 01:32:48.788 [INFO]     doris_mcp_server.utils.db:1288 - 🔄 Attempting pool recovery (attempt 1/3)
2026-05-11 01:32:48.926 [INFO]     doris_mcp_server.utils.db:1329 - ✅ Pool recovery successful on attempt 1
2026-05-11 01:32:48.927 [INFO]     doris_mcp_server.utils.db:1146 - 🔥 Warming up connection pool with 3 connections
2026-05-11 01:32:49.094 [INFO]     doris_mcp_server.utils.db:1167 - ✅ Pool warmup completed, 3 connections created
2026-05-11 01:48:11.188 [INFO]     doris_mcp_server.utils.db:1288 - 🔄 Attempting pool recovery (attempt 1/3)
2026-05-11 01:48:14.293 [INFO]     doris_mcp_server.utils.db:1329 - ✅ Pool recovery successful on attempt 1
2026-05-11 01:48:14.293 [INFO]     doris_mcp_server.utils.db:1146 - 🔥 Warming up connection pool with 3 connections
2026-05-11 01:48:14.502 [INFO]     doris_mcp_server.utils.db:1167 - ✅ Pool warmup completed, 3 connections created
2026-05-11 02:04:09.950 [INFO]     doris_mcp_server.utils.db:1288 - 🔄 Attempting pool recovery (attempt 1/3)
2026-05-11 02:04:13.061 [INFO]     doris_mcp_server.utils.db:1329 - ✅ Pool recovery successful on attempt 1
2026-05-11 02:04:13.061 [INFO]     doris_mcp_server.utils.db:1146 - 🔥 Warming up connection pool with 3 connections
2026-05-11 02:04:13.245 [INFO]     doris_mcp_server.utils.db:1167 - ✅ Pool warmup completed, 3 connections created
2026-05-11 02:20:46.335 [INFO]     doris_mcp_server.utils.db:1288 - 🔄 Attempting pool recovery (attempt 1/3)
2026-05-11 02:20:49.467 [INFO]     doris_mcp_server.utils.db:1329 - ✅ Pool recovery successful on attempt 1
2026-05-11 02:20:49.467 [INFO]     doris_mcp_server.utils.db:1146 - 🔥 Warming up connection pool with 3 connections
2026-05-11 02:20:49.630 [INFO]     doris_mcp_server.utils.db:1167 - ✅ Pool warmup completed, 3 connections created
2026-05-11 02:36:36.868 [INFO]     doris_mcp_server.utils.db:1288 - 🔄 Attempting pool recovery (attempt 1/3)
2026-05-11 02:36:36.977 [INFO]     doris_mcp_server.utils.db:1329 - ✅ Pool recovery successful on attempt 1
2026-05-11 02:36:36.977 [INFO]     doris_mcp_server.utils.db:1146 - 🔥 Warming up connection pool with 3 connections
2026-05-11 02:36:37.174 [INFO]     doris_mcp_server.utils.db:1167 - ✅ Pool warmup completed, 3 connections created
2026-05-11 02:55:00.376 [INFO]     doris_mcp_server.utils.db:1288 - 🔄 Attempting pool recovery (attempt 1/3)
2026-05-11 02:55:03.486 [INFO]     doris_mcp_server.utils.db:1329 - ✅ Pool recovery successful on attempt 1
2026-05-11 02:55:03.486 [INFO]     doris_mcp_server.utils.db:1146 - 🔥 Warming up connection pool with 3 connections
2026-05-11 02:55:03.693 [INFO]     doris_mcp_server.utils.db:1167 - ✅ Pool warmup completed, 3 connections created
2026-05-11 03:11:54.244 [INFO]     doris_mcp_server.utils.db:1288 - 🔄 Attempting pool recovery (attempt 1/3)
2026-05-11 03:11:54.356 [INFO]     doris_mcp_server.utils.db:1329 - ✅ Pool recovery successful on attempt 1
2026-05-11 03:11:54.356 [INFO]     doris_mcp_server.utils.db:1146 - 🔥 Warming up connection pool with 3 connections
2026-05-11 03:11:54.493 [INFO]     doris_mcp_server.utils.db:1167 - ✅ Pool warmup completed, 3 connections created
2026-05-11 03:29:17.390 [INFO]     doris_mcp_server.utils.db:1288 - 🔄 Attempting pool recovery (attempt 1/3)
2026-05-11 03:45:13.161 [INFO]     doris_mcp_server.utils.db:1329 - ✅ Pool recovery successful on attempt 1
2026-05-11 03:45:13.162 [INFO]     doris_mcp_server.utils.db:1146 - 🔥 Warming up connection pool with 3 connections
2026-05-11 03:45:13.331 [INFO]     doris_mcp_server.utils.db:1167 - ✅ Pool warmup completed, 3 connections created
2026-05-11 04:05:22.126 [INFO]     doris_mcp_server.utils.db:1288 - 🔄 Attempting pool recovery (attempt 1/3)
2026-05-11 04:05:22.229 [INFO]     doris_mcp_server.utils.db:1329 - ✅ Pool recovery successful on attempt 1
2026-05-11 04:05:22.229 [INFO]     doris_mcp_server.utils.db:1146 - 🔥 Warming up connection pool with 3 connections
2026-05-11 04:05:22.441 [INFO]     doris_mcp_server.utils.db:1167 - ✅ Pool warmup completed, 3 connections created
2026-05-11 04:21:14.869 [INFO]     doris_mcp_server.utils.db:1288 - 🔄 Attempting pool recovery (attempt 1/3)
2026-05-11 04:21:14.977 [INFO]     doris_mcp_server.utils.db:1329 - ✅ Pool recovery successful on attempt 1
2026-05-11 04:21:14.977 [INFO]     doris_mcp_server.utils.db:1146 - 🔥 Warming up connection pool with 3 connections
2026-05-11 04:21:15.137 [INFO]     doris_mcp_server.utils.db:1167 - ✅ Pool warmup completed, 3 connections created
2026-05-11 04:37:43.210 [INFO]     doris_mcp_server.utils.db:1288 - 🔄 Attempting pool recovery (attempt 1/3)
2026-05-11 04:49:37.016 [INFO]     doris_mcp_server.utils.db:1329 - ✅ Pool recovery successful on attempt 1
2026-05-11 04:49:37.017 [INFO]     doris_mcp_server.utils.db:1146 - 🔥 Warming up connection pool with 3 connections
2026-05-11 04:49:37.181 [INFO]     doris_mcp_server.utils.db:1167 - ✅ Pool warmup completed, 3 connections created
2026-05-11 05:07:38.455 [INFO]     doris_mcp_server.utils.db:1288 - 🔄 Attempting pool recovery (attempt 1/3)
2026-05-11 05:07:38.542 [INFO]     doris_mcp_server.utils.db:1329 - ✅ Pool recovery successful on attempt 1
2026-05-11 05:07:38.543 [INFO]     doris_mcp_server.utils.db:1146 - 🔥 Warming up connection pool with 3 connections
2026-05-11 05:07:38.729 [INFO]     doris_mcp_server.utils.db:1167 - ✅ Pool warmup completed, 3 connections created
2026-05-11 05:23:50.664 [INFO]     doris_mcp_server.utils.db:1288 - 🔄 Attempting pool recovery (attempt 1/3)
2026-05-11 05:23:53.787 [INFO]     doris_mcp_server.utils.db:1329 - ✅ Pool recovery successful on attempt 1
2026-05-11 05:23:53.787 [INFO]     doris_mcp_server.utils.db:1146 - 🔥 Warming up connection pool with 3 connections
2026-05-11 05:23:53.969 [INFO]     doris_mcp_server.utils.db:1167 - ✅ Pool warmup completed, 3 connections created
2026-05-11 05:40:44.005 [INFO]     doris_mcp_server.utils.db:1288 - 🔄 Attempting pool recovery (attempt 1/3)
2026-05-11 05:40:44.123 [INFO]     doris_mcp_server.utils.db:1329 - ✅ Pool recovery successful on attempt 1
2026-05-11 05:40:44.123 [INFO]     doris_mcp_server.utils.db:1146 - 🔥 Warming up connection pool with 3 connections
2026-05-11 05:40:44.268 [INFO]     doris_mcp_server.utils.db:1167 - ✅ Pool warmup completed, 3 connections created
2026-05-11 05:51:04.337 [INFO]     doris_mcp_server.utils.db:1288 - 🔄 Attempting pool recovery (attempt 1/3)
2026-05-11 05:51:04.444 [INFO]     doris_mcp_server.utils.db:1329 - ✅ Pool recovery successful on attempt 1
2026-05-11 05:51:04.444 [INFO]     doris_mcp_server.utils.db:1146 - 🔥 Warming up connection pool with 3 connections
2026-05-11 05:51:04.648 [INFO]     doris_mcp_server.utils.db:1167 - ✅ Pool warmup completed, 3 connections created
2026-05-11 06:07:39.809 [INFO]     doris_mcp_server.utils.db:1288 - 🔄 Attempting pool recovery (attempt 1/3)
2026-05-11 06:07:39.947 [INFO]     doris_mcp_server.utils.db:1329 - ✅ Pool recovery successful on attempt 1
2026-05-11 06:07:39.948 [INFO]     doris_mcp_server.utils.db:1146 - 🔥 Warming up connection pool with 3 connections
2026-05-11 06:07:40.125 [INFO]     doris_mcp_server.utils.db:1167 - ✅ Pool warmup completed, 3 connections created
2026-05-11 06:25:53.447 [INFO]     doris_mcp_server.utils.db:1288 - 🔄 Attempting pool recovery (attempt 1/3)
2026-05-11 06:25:56.554 [INFO]     doris_mcp_server.utils.db:1329 - ✅ Pool recovery successful on attempt 1
2026-05-11 06:25:56.555 [INFO]     doris_mcp_server.utils.db:1146 - 🔥 Warming up connection pool with 3 connections
2026-05-11 06:25:56.720 [INFO]     doris_mcp_server.utils.db:1167 - ✅ Pool warmup completed, 3 connections created
2026-05-11 06:42:35.822 [INFO]     doris_mcp_server.utils.db:1288 - 🔄 Attempting pool recovery (attempt 1/3)
2026-05-11 06:42:38.960 [INFO]     doris_mcp_server.utils.db:1329 - ✅ Pool recovery successful on attempt 1
2026-05-11 06:42:38.961 [INFO]     doris_mcp_server.utils.db:1146 - 🔥 Warming up connection pool with 3 connections
2026-05-11 06:42:39.135 [INFO]     doris_mcp_server.utils.db:1167 - ✅ Pool warmup completed, 3 connections created
2026-05-11 06:52:01.546 [INFO]     doris_mcp_server.utils.db:1288 - 🔄 Attempting pool recovery (attempt 1/3)
2026-05-11 06:52:01.655 [INFO]     doris_mcp_server.utils.db:1329 - ✅ Pool recovery successful on attempt 1
2026-05-11 06:52:01.656 [INFO]     doris_mcp_server.utils.db:1146 - 🔥 Warming up connection pool with 3 connections
2026-05-11 06:52:01.835 [INFO]     doris_mcp_server.utils.db:1167 - ✅ Pool warmup completed, 3 connections created
2026-05-11 07:08:16.989 [INFO]     doris_mcp_server.utils.db:1288 - 🔄 Attempting pool recovery (attempt 1/3)
2026-05-11 07:08:17.109 [INFO]     doris_mcp_server.utils.db:1329 - ✅ Pool recovery successful on attempt 1
2026-05-11 07:08:17.109 [INFO]     doris_mcp_server.utils.db:1146 - 🔥 Warming up connection pool with 3 connections
2026-05-11 07:08:17.271 [INFO]     doris_mcp_server.utils.db:1167 - ✅ Pool warmup completed, 3 connections created
2026-05-11 07:25:34.339 [INFO]     doris_mcp_server.utils.db:1288 - 🔄 Attempting pool recovery (attempt 1/3)
2026-05-11 07:25:34.438 [INFO]     doris_mcp_server.utils.db:1329 - ✅ Pool recovery successful on attempt 1
2026-05-11 07:25:34.439 [INFO]     doris_mcp_server.utils.db:1146 - 🔥 Warming up connection pool with 3 connections
2026-05-11 07:25:34.607 [INFO]     doris_mcp_server.utils.db:1167 - ✅ Pool warmup completed, 3 connections created
2026-05-11 07:42:18.759 [INFO]     doris_mcp_server.utils.db:1288 - 🔄 Attempting pool recovery (attempt 1/3)
2026-05-11 07:42:21.909 [INFO]     doris_mcp_server.utils.db:1329 - ✅ Pool recovery successful on attempt 1
2026-05-11 07:42:21.909 [INFO]     doris_mcp_server.utils.db:1146 - 🔥 Warming up connection pool with 3 connections
2026-05-11 07:42:22.097 [INFO]     doris_mcp_server.utils.db:1167 - ✅ Pool warmup completed, 3 connections created
2026-05-11 07:53:06.772 [INFO]     doris_mcp_server.utils.db:1288 - 🔄 Attempting pool recovery (attempt 1/3)
2026-05-11 07:53:09.913 [INFO]     doris_mcp_server.utils.db:1329 - ✅ Pool recovery successful on attempt 1
2026-05-11 07:53:09.914 [INFO]     doris_mcp_server.utils.db:1146 - 🔥 Warming up connection pool with 3 connections
2026-05-11 07:53:10.057 [INFO]     doris_mcp_server.utils.db:1167 - ✅ Pool warmup completed, 3 connections created
2026-05-11 08:11:12.517 [INFO]     doris_mcp_server.utils.db:1288 - 🔄 Attempting pool recovery (attempt 1/3)
2026-05-11 08:11:12.627 [INFO]     doris_mcp_server.utils.db:1329 - ✅ Pool recovery successful on attempt 1
2026-05-11 08:11:12.627 [INFO]     doris_mcp_server.utils.db:1146 - 🔥 Warming up connection pool with 3 connections
2026-05-11 08:11:12.821 [INFO]     doris_mcp_server.utils.db:1167 - ✅ Pool warmup completed, 3 connections created
2026-05-11 08:27:23.756 [INFO]     doris_mcp_server.utils.db:1288 - 🔄 Attempting pool recovery (attempt 1/3)
2026-05-11 08:27:23.857 [INFO]     doris_mcp_server.utils.db:1329 - ✅ Pool recovery successful on attempt 1
2026-05-11 08:27:23.857 [INFO]     doris_mcp_server.utils.db:1146 - 🔥 Warming up connection pool with 3 connections
2026-05-11 08:27:24.077 [INFO]     doris_mcp_server.utils.db:1167 - ✅ Pool warmup completed, 3 connections created
2026-05-11 08:43:19.246 [INFO]     doris_mcp_server.utils.db:1288 - 🔄 Attempting pool recovery (attempt 1/3)
2026-05-11 08:43:22.357 [INFO]     doris_mcp_server.utils.db:1329 - ✅ Pool recovery successful on attempt 1
2026-05-11 08:43:22.357 [INFO]     doris_mcp_server.utils.db:1146 - 🔥 Warming up connection pool with 3 connections
2026-05-11 08:43:22.556 [INFO]     doris_mcp_server.utils.db:1167 - ✅ Pool warmup completed, 3 connections created
2026-05-11 09:47:43.956 [INFO]     doris_mcp_server.utils.db:1288 - 🔄 Attempting pool recovery (attempt 1/3)
2026-05-11 09:47:44.069 [INFO]     doris_mcp_server.utils.db:1329 - ✅ Pool recovery successful on attempt 1
2026-05-11 09:47:44.070 [INFO]     doris_mcp_server.utils.db:1146 - 🔥 Warming up connection pool with 3 connections
2026-05-11 09:47:44.254 [INFO]     doris_mcp_server.utils.db:1167 - ✅ Pool warmup completed, 3 connections created
2026-05-12 11:37:27.544 [INFO]     doris_mcp_server.log_cleanup:163 - Log cleanup scheduler started - cleanup every 24h, max age 30 days
2026-05-12 11:37:27.545 [INFO]     doris_mcp_server.logger:427 - ================================================================================
2026-05-12 11:37:27.545 [INFO]     doris_mcp_server.logger:428 - Doris MCP Server Logging System Initialized
2026-05-12 11:37:27.545 [INFO]     doris_mcp_server.logger:429 - Log Level: INFO
2026-05-12 11:37:27.545 [INFO]     doris_mcp_server.logger:431 - Log Directory: /Users/a1/Documents/Office/code/ms-proj/logs
2026-05-12 11:37:27.545 [INFO]     doris_mcp_server.logger:434 - Console Logging: Disabled
2026-05-12 11:37:27.545 [INFO]     doris_mcp_server.logger:435 - File Logging: Enabled
2026-05-12 11:37:27.545 [INFO]     doris_mcp_server.logger:436 - Audit Logging: Enabled
2026-05-12 11:37:27.545 [INFO]     doris_mcp_server.logger:437 - Log Cleanup: Enabled
2026-05-12 11:37:27.545 [INFO]     doris_mcp_server.logger:439 - Cleanup Settings: Max age 30 days, interval 24h
2026-05-12 11:37:27.545 [INFO]     doris_mcp_server.logger:443 - ================================================================================
2026-05-12 11:37:27.545 [INFO]     doris_mcp_server.utils.config:948 - Enhanced logging system with cleanup initialized successfully
2026-05-12 11:37:27.545 [INFO]     doris_mcp_server.utils.config:949 - Log directory: logs
2026-05-12 11:37:27.545 [INFO]     doris_mcp_server.utils.config:950 - Log level: INFO
2026-05-12 11:37:27.545 [INFO]     doris_mcp_server.utils.config:951 - Audit logging: Enabled
2026-05-12 11:37:27.545 [INFO]     doris_mcp_server.utils.config:952 - Log cleanup: Enabled
2026-05-12 11:37:27.545 [INFO]     doris_mcp_server.utils.config:954 - Cleanup config: Max age 30 days, interval 24h
2026-05-12 11:37:27.545 [INFO]     doris_mcp_server.system:483 - System Information:
2026-05-12 11:37:27.545 [INFO]     doris_mcp_server.system:484 - Python Version: 3.12.13 (main, Mar  3 2026, 12:39:30) [Clang 17.0.0 (clang-1700.6.3.2)]
2026-05-12 11:37:27.545 [INFO]     doris_mcp_server.system:485 - Platform: darwin
2026-05-12 11:37:27.545 [INFO]     doris_mcp_server.system:486 - Working Directory: /Users/a1/Documents/Office/code/ms-proj
2026-05-12 11:37:27.545 [INFO]     doris_mcp_server.system:487 - Process ID: 5966
2026-05-12 11:37:27.545 [INFO]     doris_mcp_server.system:493 - Environment LOG_LEVEL: Not Set
2026-05-12 11:37:27.545 [INFO]     doris_mcp_server.system:493 - Environment LOG_FILE_PATH: Not Set
2026-05-12 11:37:27.545 [INFO]     doris_mcp_server.system:493 - Environment ENABLE_AUDIT: Not Set
2026-05-12 11:37:27.545 [INFO]     doris_mcp_server.system:493 - Environment AUDIT_FILE_PATH: Not Set
2026-05-12 11:37:27.545 [INFO]     doris_mcp_server.main:916 - Starting Doris MCP Server...
2026-05-12 11:37:27.545 [INFO]     doris_mcp_server.main:917 - Transport: stdio
2026-05-12 11:37:27.545 [INFO]     doris_mcp_server.main:918 - Log Level: INFO
2026-05-12 11:37:27.546 [INFO]     doris_mcp_server.utils.security:480 - All authentication methods are disabled - anonymous access allowed
2026-05-12 11:37:27.546 [INFO]     doris_mcp_server.utils.db:211 - Session  Cache initialized, save system session: False, save user session: False
2026-05-12 11:37:27.546 [INFO]     doris_mcp_server.utils.schema_extractor:105 - Loaded excluded database list: ['information_schema', 'mysql', 'performance_schema', 'sys', 'doris_metadata']
2026-05-12 11:37:27.546 [INFO]     doris_mcp_server.utils.data_governance_tools:45 - DataGovernanceTools initialized
2026-05-12 11:37:27.546 [INFO]     doris_mcp_server.utils.data_exploration_tools:45 - DataExplorationTools initialized
2026-05-12 11:37:27.546 [INFO]     doris_mcp_server.utils.data_quality_tools:50 - DataQualityTools initialized with atomic tools
2026-05-12 11:37:27.546 [INFO]     doris_mcp_server.utils.security_analytics_tools:39 - SecurityAnalyticsTools initialized
2026-05-12 11:37:27.546 [INFO]     doris_mcp_server.utils.dependency_analysis_tools:46 - DependencyAnalysisTools initialized
2026-05-12 11:37:27.546 [INFO]     doris_mcp_server.utils.performance_analytics_tools:46 - PerformanceAnalyticsTools initialized
2026-05-12 11:37:27.546 [INFO]     doris_mcp_server.tools.tools_manager:72 - DorisToolsManager initialized with business logic processors, v0.5.0 analytics tools, and ADBC query tools
2026-05-12 11:37:27.546 [INFO]     doris_mcp_server.main.DorisServer:428 - Starting Doris MCP Server (stdio mode)
2026-05-12 11:37:27.546 [INFO]     doris_mcp_server.utils.security:127 - DorisSecurityManager initialized successfully
2026-05-12 11:37:27.546 [INFO]     doris_mcp_server.main.DorisServer:433 - Security manager initialization completed
2026-05-12 11:37:27.546 [INFO]     doris_mcp_server.utils.db:950 - stdio mode database config validated: 124.71.61.163:19030
2026-05-12 11:37:27.546 [INFO]     doris_mcp_server.utils.db:960 - Testing database connectivity for stdio mode...
2026-05-12 11:37:27.803 [INFO]     doris_mcp_server.utils.db:1146 - 🔥 Warming up connection pool with 3 connections
2026-05-12 11:37:27.804 [INFO]     doris_mcp_server.utils.db:1180 - 🩺 Starting pool health monitor
2026-05-12 11:37:27.804 [INFO]     doris_mcp_server.utils.db:1194 - 🧹 Starting pool cleanup monitor
2026-05-12 11:37:27.964 [INFO]     doris_mcp_server.utils.db:1167 - ✅ Pool warmup completed, 3 connections created
2026-05-12 11:37:27.965 [INFO]     doris_mcp_server.utils.db:986 - Database connection established successfully for stdio mode
2026-05-12 11:37:27.965 [INFO]     doris_mcp_server.main.DorisServer:450 - Creating stdio_server transport...
2026-05-12 11:37:27.969 [INFO]     doris_mcp_server.main.DorisServer:456 - stdio_server streams created successfully
2026-05-12 11:37:27.970 [INFO]     doris_mcp_server.main.DorisServer:466 - Initialization options created successfully
2026-05-12 11:37:27.970 [INFO]     doris_mcp_server.main.DorisServer:469 - Starting to run MCP server...
2026-05-12 11:37:27.975 [INFO]     mcp.server.lowlevel.server:727 - Processing request of type ListToolsRequest
2026-05-12 11:37:27.975 [INFO]     doris_mcp_server.main.DorisServer:362 - Handling tool list request
2026-05-12 11:37:27.975 [INFO]     doris_mcp_server.main.DorisServer:364 - Returning 25 tools
2026-05-12 12:18:16.770 [INFO]     doris_mcp_server.utils.db:1288 - 🔄 Attempting pool recovery (attempt 1/3)
2026-05-12 12:18:16.887 [INFO]     doris_mcp_server.utils.db:1329 - ✅ Pool recovery successful on attempt 1
2026-05-12 12:18:16.888 [INFO]     doris_mcp_server.utils.db:1146 - 🔥 Warming up connection pool with 3 connections
2026-05-12 12:18:17.053 [INFO]     doris_mcp_server.utils.db:1167 - ✅ Pool warmup completed, 3 connections created
2026-05-12 12:41:03.152 [INFO]     doris_mcp_server.utils.db:1288 - 🔄 Attempting pool recovery (attempt 1/3)
2026-05-12 12:41:03.256 [INFO]     doris_mcp_server.utils.db:1329 - ✅ Pool recovery successful on attempt 1
2026-05-12 12:41:03.256 [INFO]     doris_mcp_server.utils.db:1146 - 🔥 Warming up connection pool with 3 connections
2026-05-12 12:41:03.438 [INFO]     doris_mcp_server.utils.db:1167 - ✅ Pool warmup completed, 3 connections created
2026-05-12 12:57:21.334 [INFO]     doris_mcp_server.utils.db:1288 - 🔄 Attempting pool recovery (attempt 1/3)
2026-05-12 12:57:21.453 [INFO]     doris_mcp_server.utils.db:1329 - ✅ Pool recovery successful on attempt 1
2026-05-12 12:57:21.454 [INFO]     doris_mcp_server.utils.db:1146 - 🔥 Warming up connection pool with 3 connections
2026-05-12 12:57:21.648 [INFO]     doris_mcp_server.utils.db:1167 - ✅ Pool warmup completed, 3 connections created
2026-05-12 13:15:15.984 [INFO]     doris_mcp_server.utils.db:1288 - 🔄 Attempting pool recovery (attempt 1/3)
2026-05-12 13:15:16.093 [INFO]     doris_mcp_server.utils.db:1329 - ✅ Pool recovery successful on attempt 1
2026-05-12 13:15:16.094 [INFO]     doris_mcp_server.utils.db:1146 - 🔥 Warming up connection pool with 3 connections
2026-05-12 13:15:16.255 [INFO]     doris_mcp_server.utils.db:1167 - ✅ Pool warmup completed, 3 connections created
2026-05-12 13:31:35.818 [INFO]     doris_mcp_server.utils.db:1288 - 🔄 Attempting pool recovery (attempt 1/3)
2026-05-12 13:31:35.967 [INFO]     doris_mcp_server.utils.db:1329 - ✅ Pool recovery successful on attempt 1
2026-05-12 13:31:35.967 [INFO]     doris_mcp_server.utils.db:1146 - 🔥 Warming up connection pool with 3 connections
2026-05-12 13:31:36.134 [INFO]     doris_mcp_server.utils.db:1167 - ✅ Pool warmup completed, 3 connections created
2026-05-12 14:59:47.542 [INFO]     doris_mcp_server.utils.db:1288 - 🔄 Attempting pool recovery (attempt 1/3)
2026-05-12 14:59:50.683 [INFO]     doris_mcp_server.utils.db:1329 - ✅ Pool recovery successful on attempt 1
2026-05-12 14:59:50.683 [INFO]     doris_mcp_server.utils.db:1146 - 🔥 Warming up connection pool with 3 connections
2026-05-12 14:59:50.899 [INFO]     doris_mcp_server.utils.db:1167 - ✅ Pool warmup completed, 3 connections created
2026-05-12 16:40:06.848 [INFO]     doris_mcp_server.utils.db:1288 - 🔄 Attempting pool recovery (attempt 1/3)
2026-05-12 16:40:06.947 [INFO]     doris_mcp_server.utils.db:1329 - ✅ Pool recovery successful on attempt 1
2026-05-12 16:40:06.948 [INFO]     doris_mcp_server.utils.db:1146 - 🔥 Warming up connection pool with 3 connections
2026-05-12 16:40:07.118 [INFO]     doris_mcp_server.utils.db:1167 - ✅ Pool warmup completed, 3 connections created
2026-05-12 18:19:58.186 [INFO]     doris_mcp_server.utils.db:1288 - 🔄 Attempting pool recovery (attempt 1/3)
2026-05-12 18:19:58.295 [INFO]     doris_mcp_server.utils.db:1329 - ✅ Pool recovery successful on attempt 1
2026-05-12 18:19:58.295 [INFO]     doris_mcp_server.utils.db:1146 - 🔥 Warming up connection pool with 3 connections
2026-05-12 18:19:58.465 [INFO]     doris_mcp_server.utils.db:1167 - ✅ Pool warmup completed, 3 connections created
2026-05-12 18:35:44.491 [INFO]     doris_mcp_server.utils.db:1288 - 🔄 Attempting pool recovery (attempt 1/3)
2026-05-12 18:35:47.606 [INFO]     doris_mcp_server.utils.db:1329 - ✅ Pool recovery successful on attempt 1
2026-05-12 18:35:47.606 [INFO]     doris_mcp_server.utils.db:1146 - 🔥 Warming up connection pool with 3 connections
2026-05-12 18:35:47.797 [INFO]     doris_mcp_server.utils.db:1167 - ✅ Pool warmup completed, 3 connections created
2026-05-12 18:51:34.686 [INFO]     doris_mcp_server.utils.db:1288 - 🔄 Attempting pool recovery (attempt 1/3)
2026-05-12 18:51:37.829 [INFO]     doris_mcp_server.utils.db:1329 - ✅ Pool recovery successful on attempt 1
2026-05-12 18:51:37.829 [INFO]     doris_mcp_server.utils.db:1146 - 🔥 Warming up connection pool with 3 connections
2026-05-12 18:51:37.998 [INFO]     doris_mcp_server.utils.db:1167 - ✅ Pool warmup completed, 3 connections created
2026-05-12 19:01:16.526 [INFO]     doris_mcp_server.utils.db:1288 - 🔄 Attempting pool recovery (attempt 1/3)
2026-05-12 19:01:19.636 [INFO]     doris_mcp_server.utils.db:1329 - ✅ Pool recovery successful on attempt 1
2026-05-12 19:01:19.637 [INFO]     doris_mcp_server.utils.db:1146 - 🔥 Warming up connection pool with 3 connections
2026-05-12 19:01:19.831 [INFO]     doris_mcp_server.utils.db:1167 - ✅ Pool warmup completed, 3 connections created
2026-05-12 19:06:51.240 [INFO]     doris_mcp_server.utils.db:1288 - 🔄 Attempting pool recovery (attempt 1/3)
2026-05-12 19:06:51.368 [INFO]     doris_mcp_server.utils.db:1329 - ✅ Pool recovery successful on attempt 1
2026-05-12 19:06:51.368 [INFO]     doris_mcp_server.utils.db:1146 - 🔥 Warming up connection pool with 3 connections
2026-05-12 19:06:51.526 [INFO]     doris_mcp_server.utils.db:1167 - ✅ Pool warmup completed, 3 connections created
2026-05-12 19:34:15.584 [INFO]     doris_mcp_server.utils.db:1288 - 🔄 Attempting pool recovery (attempt 1/3)
2026-05-12 19:34:15.683 [INFO]     doris_mcp_server.utils.db:1329 - ✅ Pool recovery successful on attempt 1
2026-05-12 19:34:15.683 [INFO]     doris_mcp_server.utils.db:1146 - 🔥 Warming up connection pool with 3 connections
2026-05-12 19:34:15.891 [INFO]     doris_mcp_server.utils.db:1167 - ✅ Pool warmup completed, 3 connections created
2026-05-12 19:50:15.059 [INFO]     doris_mcp_server.utils.db:1288 - 🔄 Attempting pool recovery (attempt 1/3)
2026-05-12 19:50:15.158 [INFO]     doris_mcp_server.utils.db:1329 - ✅ Pool recovery successful on attempt 1
2026-05-12 19:50:15.159 [INFO]     doris_mcp_server.utils.db:1146 - 🔥 Warming up connection pool with 3 connections
2026-05-12 19:50:15.343 [INFO]     doris_mcp_server.utils.db:1167 - ✅ Pool warmup completed, 3 connections created
2026-05-12 20:04:31.685 [INFO]     doris_mcp_server.utils.db:1288 - 🔄 Attempting pool recovery (attempt 1/3)
2026-05-12 20:04:31.817 [INFO]     doris_mcp_server.utils.db:1329 - ✅ Pool recovery successful on attempt 1
2026-05-12 20:04:31.817 [INFO]     doris_mcp_server.utils.db:1146 - 🔥 Warming up connection pool with 3 connections
2026-05-12 20:04:31.995 [INFO]     doris_mcp_server.utils.db:1167 - ✅ Pool warmup completed, 3 connections created
2026-05-12 20:21:23.060 [INFO]     doris_mcp_server.utils.db:1288 - 🔄 Attempting pool recovery (attempt 1/3)
2026-05-12 20:21:23.175 [INFO]     doris_mcp_server.utils.db:1329 - ✅ Pool recovery successful on attempt 1
2026-05-12 20:21:23.175 [INFO]     doris_mcp_server.utils.db:1146 - 🔥 Warming up connection pool with 3 connections
2026-05-12 20:21:23.350 [INFO]     doris_mcp_server.utils.db:1167 - ✅ Pool warmup completed, 3 connections created
2026-05-12 20:38:15.509 [INFO]     doris_mcp_server.utils.db:1288 - 🔄 Attempting pool recovery (attempt 1/3)
2026-05-12 20:38:18.635 [INFO]     doris_mcp_server.utils.db:1329 - ✅ Pool recovery successful on attempt 1
2026-05-12 20:38:18.636 [INFO]     doris_mcp_server.utils.db:1146 - 🔥 Warming up connection pool with 3 connections
2026-05-12 20:38:18.862 [INFO]     doris_mcp_server.utils.db:1167 - ✅ Pool warmup completed, 3 connections created
2026-05-12 20:56:45.197 [INFO]     doris_mcp_server.utils.db:1288 - 🔄 Attempting pool recovery (attempt 1/3)
2026-05-12 20:56:48.304 [INFO]     doris_mcp_server.utils.db:1329 - ✅ Pool recovery successful on attempt 1
2026-05-12 20:56:48.305 [INFO]     doris_mcp_server.utils.db:1146 - 🔥 Warming up connection pool with 3 connections
2026-05-12 20:56:48.494 [INFO]     doris_mcp_server.utils.db:1167 - ✅ Pool warmup completed, 3 connections created
2026-05-12 21:29:29.037 [INFO]     doris_mcp_server.utils.db:1288 - 🔄 Attempting pool recovery (attempt 1/3)
2026-05-12 21:29:32.138 [INFO]     doris_mcp_server.utils.db:1329 - ✅ Pool recovery successful on attempt 1
2026-05-12 21:29:32.138 [INFO]     doris_mcp_server.utils.db:1146 - 🔥 Warming up connection pool with 3 connections
2026-05-12 21:29:32.332 [INFO]     doris_mcp_server.utils.db:1167 - ✅ Pool warmup completed, 3 connections created
2026-05-12 21:47:21.084 [INFO]     doris_mcp_server.utils.db:1288 - 🔄 Attempting pool recovery (attempt 1/3)
2026-05-12 21:47:21.183 [INFO]     doris_mcp_server.utils.db:1329 - ✅ Pool recovery successful on attempt 1
2026-05-12 21:47:21.184 [INFO]     doris_mcp_server.utils.db:1146 - 🔥 Warming up connection pool with 3 connections
2026-05-12 21:47:21.339 [INFO]     doris_mcp_server.utils.db:1167 - ✅ Pool warmup completed, 3 connections created
2026-05-12 22:03:18.455 [INFO]     doris_mcp_server.utils.db:1288 - 🔄 Attempting pool recovery (attempt 1/3)
2026-05-12 22:03:21.573 [INFO]     doris_mcp_server.utils.db:1329 - ✅ Pool recovery successful on attempt 1
2026-05-12 22:03:21.574 [INFO]     doris_mcp_server.utils.db:1146 - 🔥 Warming up connection pool with 3 connections
2026-05-12 22:03:21.766 [INFO]     doris_mcp_server.utils.db:1167 - ✅ Pool warmup completed, 3 connections created
2026-05-12 22:19:52.025 [INFO]     doris_mcp_server.utils.db:1288 - 🔄 Attempting pool recovery (attempt 1/3)
2026-05-12 22:19:55.141 [INFO]     doris_mcp_server.utils.db:1329 - ✅ Pool recovery successful on attempt 1
2026-05-12 22:19:55.141 [INFO]     doris_mcp_server.utils.db:1146 - 🔥 Warming up connection pool with 3 connections
2026-05-12 22:19:55.294 [INFO]     doris_mcp_server.utils.db:1167 - ✅ Pool warmup completed, 3 connections created
2026-05-12 22:37:30.416 [INFO]     doris_mcp_server.utils.db:1288 - 🔄 Attempting pool recovery (attempt 1/3)
2026-05-12 22:37:30.518 [INFO]     doris_mcp_server.utils.db:1329 - ✅ Pool recovery successful on attempt 1
2026-05-12 22:37:30.518 [INFO]     doris_mcp_server.utils.db:1146 - 🔥 Warming up connection pool with 3 connections
2026-05-12 22:37:30.706 [INFO]     doris_mcp_server.utils.db:1167 - ✅ Pool warmup completed, 3 connections created
2026-05-12 22:55:51.383 [INFO]     doris_mcp_server.utils.db:1288 - 🔄 Attempting pool recovery (attempt 1/3)
2026-05-12 22:55:51.496 [INFO]     doris_mcp_server.utils.db:1329 - ✅ Pool recovery successful on attempt 1
2026-05-12 22:55:51.497 [INFO]     doris_mcp_server.utils.db:1146 - 🔥 Warming up connection pool with 3 connections
2026-05-12 22:55:51.716 [INFO]     doris_mcp_server.utils.db:1167 - ✅ Pool warmup completed, 3 connections created
2026-05-12 23:11:50.407 [INFO]     doris_mcp_server.utils.db:1288 - 🔄 Attempting pool recovery (attempt 1/3)
2026-05-12 23:11:50.522 [INFO]     doris_mcp_server.utils.db:1329 - ✅ Pool recovery successful on attempt 1
2026-05-12 23:11:50.523 [INFO]     doris_mcp_server.utils.db:1146 - 🔥 Warming up connection pool with 3 connections
2026-05-12 23:11:50.733 [INFO]     doris_mcp_server.utils.db:1167 - ✅ Pool warmup completed, 3 connections created
2026-05-12 23:28:10.512 [INFO]     doris_mcp_server.utils.db:1288 - 🔄 Attempting pool recovery (attempt 1/3)
2026-05-12 23:28:10.630 [INFO]     doris_mcp_server.utils.db:1329 - ✅ Pool recovery successful on attempt 1
2026-05-12 23:28:10.630 [INFO]     doris_mcp_server.utils.db:1146 - 🔥 Warming up connection pool with 3 connections
2026-05-12 23:28:10.849 [INFO]     doris_mcp_server.utils.db:1167 - ✅ Pool warmup completed, 3 connections created
2026-05-12 23:44:19.102 [INFO]     doris_mcp_server.utils.db:1288 - 🔄 Attempting pool recovery (attempt 1/3)
2026-05-12 23:44:22.228 [INFO]     doris_mcp_server.utils.db:1329 - ✅ Pool recovery successful on attempt 1
2026-05-12 23:44:22.228 [INFO]     doris_mcp_server.utils.db:1146 - 🔥 Warming up connection pool with 3 connections
2026-05-12 23:44:22.392 [INFO]     doris_mcp_server.utils.db:1167 - ✅ Pool warmup completed, 3 connections created
2026-05-13 00:00:38.660 [INFO]     doris_mcp_server.utils.db:1288 - 🔄 Attempting pool recovery (attempt 1/3)
2026-05-13 00:00:41.776 [INFO]     doris_mcp_server.utils.db:1329 - ✅ Pool recovery successful on attempt 1
2026-05-13 00:00:41.776 [INFO]     doris_mcp_server.utils.db:1146 - 🔥 Warming up connection pool with 3 connections
2026-05-13 00:00:41.957 [INFO]     doris_mcp_server.utils.db:1167 - ✅ Pool warmup completed, 3 connections created
2026-05-13 00:17:31.029 [INFO]     doris_mcp_server.utils.db:1288 - 🔄 Attempting pool recovery (attempt 1/3)
2026-05-13 00:17:31.140 [INFO]     doris_mcp_server.utils.db:1329 - ✅ Pool recovery successful on attempt 1
2026-05-13 00:17:31.141 [INFO]     doris_mcp_server.utils.db:1146 - 🔥 Warming up connection pool with 3 connections
2026-05-13 00:17:31.307 [INFO]     doris_mcp_server.utils.db:1167 - ✅ Pool warmup completed, 3 connections created
2026-05-13 00:34:00.523 [INFO]     doris_mcp_server.utils.db:1288 - 🔄 Attempting pool recovery (attempt 1/3)
2026-05-13 00:34:03.669 [INFO]     doris_mcp_server.utils.db:1329 - ✅ Pool recovery successful on attempt 1
2026-05-13 00:34:03.669 [INFO]     doris_mcp_server.utils.db:1146 - 🔥 Warming up connection pool with 3 connections
2026-05-13 00:34:03.840 [INFO]     doris_mcp_server.utils.db:1167 - ✅ Pool warmup completed, 3 connections created
2026-05-13 00:51:06.904 [INFO]     doris_mcp_server.utils.db:1288 - 🔄 Attempting pool recovery (attempt 1/3)
2026-05-13 00:51:10.001 [INFO]     doris_mcp_server.utils.db:1329 - ✅ Pool recovery successful on attempt 1
2026-05-13 00:51:10.001 [INFO]     doris_mcp_server.utils.db:1146 - 🔥 Warming up connection pool with 3 connections
2026-05-13 00:51:10.162 [INFO]     doris_mcp_server.utils.db:1167 - ✅ Pool warmup completed, 3 connections created
2026-05-13 01:08:43.411 [INFO]     doris_mcp_server.utils.db:1288 - 🔄 Attempting pool recovery (attempt 1/3)
2026-05-13 01:08:46.527 [INFO]     doris_mcp_server.utils.db:1329 - ✅ Pool recovery successful on attempt 1
2026-05-13 01:08:46.527 [INFO]     doris_mcp_server.utils.db:1146 - 🔥 Warming up connection pool with 3 connections
2026-05-13 01:08:46.763 [INFO]     doris_mcp_server.utils.db:1167 - ✅ Pool warmup completed, 3 connections created
2026-05-13 01:25:37.862 [INFO]     doris_mcp_server.utils.db:1288 - 🔄 Attempting pool recovery (attempt 1/3)
2026-05-13 01:25:37.982 [INFO]     doris_mcp_server.utils.db:1329 - ✅ Pool recovery successful on attempt 1
2026-05-13 01:25:37.982 [INFO]     doris_mcp_server.utils.db:1146 - 🔥 Warming up connection pool with 3 connections
2026-05-13 01:25:38.158 [INFO]     doris_mcp_server.utils.db:1167 - ✅ Pool warmup completed, 3 connections created
2026-05-13 01:41:48.550 [INFO]     doris_mcp_server.utils.db:1288 - 🔄 Attempting pool recovery (attempt 1/3)
2026-05-13 01:41:48.637 [INFO]     doris_mcp_server.utils.db:1329 - ✅ Pool recovery successful on attempt 1
2026-05-13 01:41:48.637 [INFO]     doris_mcp_server.utils.db:1146 - 🔥 Warming up connection pool with 3 connections
2026-05-13 01:41:48.808 [INFO]     doris_mcp_server.utils.db:1167 - ✅ Pool warmup completed, 3 connections created
2026-05-13 01:57:46.583 [INFO]     doris_mcp_server.utils.db:1288 - 🔄 Attempting pool recovery (attempt 1/3)
2026-05-13 02:12:48.364 [INFO]     doris_mcp_server.utils.db:1329 - ✅ Pool recovery successful on attempt 1
2026-05-13 02:12:48.365 [INFO]     doris_mcp_server.utils.db:1146 - 🔥 Warming up connection pool with 3 connections
2026-05-13 02:12:48.566 [INFO]     doris_mcp_server.utils.db:1167 - ✅ Pool warmup completed, 3 connections created
2026-05-13 12:20:15.748 [INFO]     doris_mcp_server.utils.db:1288 - 🔄 Attempting pool recovery (attempt 1/3)
2026-05-13 12:20:18.891 [INFO]     doris_mcp_server.utils.db:1329 - ✅ Pool recovery successful on attempt 1
2026-05-13 12:20:18.892 [INFO]     doris_mcp_server.utils.db:1146 - 🔥 Warming up connection pool with 3 connections
2026-05-13 12:20:19.075 [INFO]     doris_mcp_server.utils.db:1167 - ✅ Pool warmup completed, 3 connections created
2026-05-13 12:42:08.484 [INFO]     doris_mcp_server.utils.db:1288 - 🔄 Attempting pool recovery (attempt 1/3)
2026-05-13 12:42:11.611 [INFO]     doris_mcp_server.utils.db:1329 - ✅ Pool recovery successful on attempt 1
2026-05-13 12:42:11.612 [INFO]     doris_mcp_server.utils.db:1146 - 🔥 Warming up connection pool with 3 connections
2026-05-13 12:42:11.779 [INFO]     doris_mcp_server.utils.db:1167 - ✅ Pool warmup completed, 3 connections created
2026-05-13 12:58:28.136 [INFO]     doris_mcp_server.utils.db:1288 - 🔄 Attempting pool recovery (attempt 1/3)
2026-05-13 12:58:31.260 [INFO]     doris_mcp_server.utils.db:1329 - ✅ Pool recovery successful on attempt 1
2026-05-13 12:58:31.261 [INFO]     doris_mcp_server.utils.db:1146 - 🔥 Warming up connection pool with 3 connections
2026-05-13 12:58:31.468 [INFO]     doris_mcp_server.utils.db:1167 - ✅ Pool warmup completed, 3 connections created
2026-05-13 13:15:47.740 [INFO]     doris_mcp_server.utils.db:1288 - 🔄 Attempting pool recovery (attempt 1/3)
2026-05-13 13:15:50.851 [INFO]     doris_mcp_server.utils.db:1329 - ✅ Pool recovery successful on attempt 1
2026-05-13 13:15:50.851 [INFO]     doris_mcp_server.utils.db:1146 - 🔥 Warming up connection pool with 3 connections
2026-05-13 13:15:51.030 [INFO]     doris_mcp_server.utils.db:1167 - ✅ Pool warmup completed, 3 connections created
2026-05-13 13:31:27.015 [INFO]     doris_mcp_server.utils.db:1288 - 🔄 Attempting pool recovery (attempt 1/3)
2026-05-13 13:31:27.105 [INFO]     doris_mcp_server.utils.db:1329 - ✅ Pool recovery successful on attempt 1
2026-05-13 13:31:27.105 [INFO]     doris_mcp_server.utils.db:1146 - 🔥 Warming up connection pool with 3 connections
2026-05-13 13:31:27.265 [INFO]     doris_mcp_server.utils.db:1167 - ✅ Pool warmup completed, 3 connections created
2026-05-13 14:45:03.444 [INFO]     doris_mcp_server.utils.db:1288 - 🔄 Attempting pool recovery (attempt 1/3)
2026-05-13 14:45:06.564 [INFO]     doris_mcp_server.utils.db:1329 - ✅ Pool recovery successful on attempt 1
2026-05-13 14:45:06.564 [INFO]     doris_mcp_server.utils.db:1146 - 🔥 Warming up connection pool with 3 connections
2026-05-13 14:45:06.759 [INFO]     doris_mcp_server.utils.db:1167 - ✅ Pool warmup completed, 3 connections created
2026-05-13 17:01:34.911 [INFO]     doris_mcp_server.main.DorisServer:755 - Shutting down Doris MCP Server
2026-05-13 17:01:34.913 [INFO]     doris_mcp_server.utils.security:138 - DorisSecurityManager shutdown completed
2026-05-13 17:01:34.913 [INFO]     doris_mcp_server.main.DorisServer:759 - Security manager shutdown completed
2026-05-13 17:01:34.913 [INFO]     doris_mcp_server.utils.db:1187 - Pool health monitor stopped
2026-05-13 17:01:34.913 [INFO]     doris_mcp_server.utils.db:1201 - Pool cleanup monitor stopped
2026-05-13 17:01:34.914 [INFO]     doris_mcp_server.utils.db:1555 - Connection manager closed successfully
2026-05-13 17:01:34.914 [INFO]     doris_mcp_server.main.DorisServer:762 - Doris MCP Server has been shut down
2026-05-13 17:01:34.914 [INFO]     doris_mcp_server.logger:516 - Shutting down logging system...
2026-05-13 17:01:34.915 [INFO]     doris_mcp_server.log_cleanup:171 - Log cleanup scheduler stopped
2026-05-14 16:54:30.854 [INFO]     doris_mcp_server.log_cleanup:163 - Log cleanup scheduler started - cleanup every 24h, max age 30 days
2026-05-14 16:54:30.854 [INFO]     doris_mcp_server.logger:427 - ================================================================================
2026-05-14 16:54:30.854 [INFO]     doris_mcp_server.logger:428 - Doris MCP Server Logging System Initialized
2026-05-14 16:54:30.855 [INFO]     doris_mcp_server.log_cleanup:223 - Cleaned up 2 old log files, freed 0.00 MB
2026-05-14 16:54:30.855 [INFO]     doris_mcp_server.logger:429 - Log Level: INFO
2026-05-14 16:54:30.855 [INFO]     doris_mcp_server.logger:431 - Log Directory: /Users/a1/Documents/Office/code/ms-proj/logs
2026-05-14 16:54:30.855 [INFO]     doris_mcp_server.logger:434 - Console Logging: Disabled
2026-05-14 16:54:30.855 [INFO]     doris_mcp_server.logger:435 - File Logging: Enabled
2026-05-14 16:54:30.855 [INFO]     doris_mcp_server.logger:436 - Audit Logging: Enabled
2026-05-14 16:54:30.855 [INFO]     doris_mcp_server.logger:437 - Log Cleanup: Enabled
2026-05-14 16:54:30.855 [INFO]     doris_mcp_server.logger:439 - Cleanup Settings: Max age 30 days, interval 24h
2026-05-14 16:54:30.855 [INFO]     doris_mcp_server.logger:443 - ================================================================================
2026-05-14 16:54:30.855 [INFO]     doris_mcp_server.utils.config:948 - Enhanced logging system with cleanup initialized successfully
2026-05-14 16:54:30.855 [INFO]     doris_mcp_server.utils.config:949 - Log directory: logs
2026-05-14 16:54:30.855 [INFO]     doris_mcp_server.utils.config:950 - Log level: INFO
2026-05-14 16:54:30.855 [INFO]     doris_mcp_server.utils.config:951 - Audit logging: Enabled
2026-05-14 16:54:30.855 [INFO]     doris_mcp_server.utils.config:952 - Log cleanup: Enabled
2026-05-14 16:54:30.855 [INFO]     doris_mcp_server.utils.config:954 - Cleanup config: Max age 30 days, interval 24h
2026-05-14 16:54:30.855 [INFO]     doris_mcp_server.system:483 - System Information:
2026-05-14 16:54:30.855 [INFO]     doris_mcp_server.system:484 - Python Version: 3.12.13 (main, Mar  3 2026, 12:39:30) [Clang 17.0.0 (clang-1700.6.3.2)]
2026-05-14 16:54:30.855 [INFO]     doris_mcp_server.system:485 - Platform: darwin
2026-05-14 16:54:30.855 [INFO]     doris_mcp_server.system:486 - Working Directory: /Users/a1/Documents/Office/code/ms-proj
2026-05-14 16:54:30.855 [INFO]     doris_mcp_server.system:487 - Process ID: 43715
2026-05-14 16:54:30.855 [INFO]     doris_mcp_server.system:493 - Environment LOG_LEVEL: Not Set
2026-05-14 16:54:30.855 [INFO]     doris_mcp_server.system:493 - Environment LOG_FILE_PATH: Not Set
2026-05-14 16:54:30.855 [INFO]     doris_mcp_server.system:493 - Environment ENABLE_AUDIT: Not Set
2026-05-14 16:54:30.855 [INFO]     doris_mcp_server.system:493 - Environment AUDIT_FILE_PATH: Not Set
2026-05-14 16:54:30.855 [INFO]     doris_mcp_server.main:916 - Starting Doris MCP Server...
2026-05-14 16:54:30.855 [INFO]     doris_mcp_server.main:917 - Transport: stdio
2026-05-14 16:54:30.855 [INFO]     doris_mcp_server.main:918 - Log Level: INFO
2026-05-14 16:54:30.856 [INFO]     doris_mcp_server.utils.security:480 - All authentication methods are disabled - anonymous access allowed
2026-05-14 16:54:30.856 [INFO]     doris_mcp_server.utils.db:211 - Session  Cache initialized, save system session: False, save user session: False
2026-05-14 16:54:30.856 [INFO]     doris_mcp_server.utils.schema_extractor:105 - Loaded excluded database list: ['information_schema', 'mysql', 'performance_schema', 'sys', 'doris_metadata']
2026-05-14 16:54:30.856 [INFO]     doris_mcp_server.utils.data_governance_tools:45 - DataGovernanceTools initialized
2026-05-14 16:54:30.856 [INFO]     doris_mcp_server.utils.data_exploration_tools:45 - DataExplorationTools initialized
2026-05-14 16:54:30.856 [INFO]     doris_mcp_server.utils.data_quality_tools:50 - DataQualityTools initialized with atomic tools
2026-05-14 16:54:30.856 [INFO]     doris_mcp_server.utils.security_analytics_tools:39 - SecurityAnalyticsTools initialized
2026-05-14 16:54:30.856 [INFO]     doris_mcp_server.utils.dependency_analysis_tools:46 - DependencyAnalysisTools initialized
2026-05-14 16:54:30.856 [INFO]     doris_mcp_server.utils.performance_analytics_tools:46 - PerformanceAnalyticsTools initialized
2026-05-14 16:54:30.856 [INFO]     doris_mcp_server.tools.tools_manager:72 - DorisToolsManager initialized with business logic processors, v0.5.0 analytics tools, and ADBC query tools
2026-05-14 16:54:30.856 [INFO]     doris_mcp_server.main.DorisServer:428 - Starting Doris MCP Server (stdio mode)
2026-05-14 16:54:30.856 [INFO]     doris_mcp_server.utils.security:127 - DorisSecurityManager initialized successfully
2026-05-14 16:54:30.856 [INFO]     doris_mcp_server.main.DorisServer:433 - Security manager initialization completed
2026-05-14 16:54:30.856 [INFO]     doris_mcp_server.utils.db:950 - stdio mode database config validated: 124.71.61.163:19030
2026-05-14 16:54:30.856 [INFO]     doris_mcp_server.utils.db:960 - Testing database connectivity for stdio mode...
2026-05-14 16:54:31.079 [INFO]     doris_mcp_server.utils.db:1146 - 🔥 Warming up connection pool with 3 connections
2026-05-14 16:54:31.080 [INFO]     doris_mcp_server.utils.db:1180 - 🩺 Starting pool health monitor
2026-05-14 16:54:31.080 [INFO]     doris_mcp_server.utils.db:1194 - 🧹 Starting pool cleanup monitor
2026-05-14 16:54:31.279 [INFO]     doris_mcp_server.utils.db:1167 - ✅ Pool warmup completed, 3 connections created
2026-05-14 16:54:31.279 [INFO]     doris_mcp_server.utils.db:986 - Database connection established successfully for stdio mode
2026-05-14 16:54:31.279 [INFO]     doris_mcp_server.main.DorisServer:450 - Creating stdio_server transport...
2026-05-14 16:54:31.282 [INFO]     doris_mcp_server.main.DorisServer:456 - stdio_server streams created successfully
2026-05-14 16:54:31.283 [INFO]     doris_mcp_server.main.DorisServer:466 - Initialization options created successfully
2026-05-14 16:54:31.283 [INFO]     doris_mcp_server.main.DorisServer:469 - Starting to run MCP server...
2026-05-14 16:54:31.288 [INFO]     mcp.server.lowlevel.server:727 - Processing request of type ListToolsRequest
2026-05-14 16:54:31.288 [INFO]     doris_mcp_server.main.DorisServer:362 - Handling tool list request
2026-05-14 16:54:31.288 [INFO]     doris_mcp_server.main.DorisServer:364 - Returning 25 tools
2026-05-14 18:23:07.759 [INFO]     doris_mcp_server.utils.db:1288 - 🔄 Attempting pool recovery (attempt 1/3)
2026-05-14 18:23:07.877 [INFO]     doris_mcp_server.utils.db:1329 - ✅ Pool recovery successful on attempt 1
2026-05-14 18:23:07.878 [INFO]     doris_mcp_server.utils.db:1146 - 🔥 Warming up connection pool with 3 connections
2026-05-14 18:23:08.062 [INFO]     doris_mcp_server.utils.db:1167 - ✅ Pool warmup completed, 3 connections created
2026-05-14 18:39:02.270 [INFO]     doris_mcp_server.utils.db:1288 - 🔄 Attempting pool recovery (attempt 1/3)
2026-05-14 18:39:02.383 [INFO]     doris_mcp_server.utils.db:1329 - ✅ Pool recovery successful on attempt 1
2026-05-14 18:39:02.384 [INFO]     doris_mcp_server.utils.db:1146 - 🔥 Warming up connection pool with 3 connections
2026-05-14 18:39:02.553 [INFO]     doris_mcp_server.utils.db:1167 - ✅ Pool warmup completed, 3 connections created
2026-05-14 18:57:29.048 [INFO]     doris_mcp_server.utils.db:1288 - 🔄 Attempting pool recovery (attempt 1/3)
2026-05-14 18:57:29.159 [INFO]     doris_mcp_server.utils.db:1329 - ✅ Pool recovery successful on attempt 1
2026-05-14 18:57:29.160 [INFO]     doris_mcp_server.utils.db:1146 - 🔥 Warming up connection pool with 3 connections
2026-05-14 18:57:29.361 [INFO]     doris_mcp_server.utils.db:1167 - ✅ Pool warmup completed, 3 connections created
2026-05-14 19:15:41.288 [INFO]     doris_mcp_server.utils.db:1288 - 🔄 Attempting pool recovery (attempt 1/3)
2026-05-14 19:15:41.409 [INFO]     doris_mcp_server.utils.db:1329 - ✅ Pool recovery successful on attempt 1
2026-05-14 19:15:41.410 [INFO]     doris_mcp_server.utils.db:1146 - 🔥 Warming up connection pool with 3 connections
2026-05-14 19:15:41.588 [INFO]     doris_mcp_server.utils.db:1167 - ✅ Pool warmup completed, 3 connections created
2026-05-14 19:33:18.942 [INFO]     doris_mcp_server.utils.db:1288 - 🔄 Attempting pool recovery (attempt 1/3)
2026-05-14 19:33:22.057 [INFO]     doris_mcp_server.utils.db:1329 - ✅ Pool recovery successful on attempt 1
2026-05-14 19:33:22.058 [INFO]     doris_mcp_server.utils.db:1146 - 🔥 Warming up connection pool with 3 connections
2026-05-14 19:33:22.245 [INFO]     doris_mcp_server.utils.db:1167 - ✅ Pool warmup completed, 3 connections created
2026-05-14 19:51:09.382 [INFO]     doris_mcp_server.utils.db:1288 - 🔄 Attempting pool recovery (attempt 1/3)
2026-05-14 19:51:12.487 [INFO]     doris_mcp_server.utils.db:1329 - ✅ Pool recovery successful on attempt 1
2026-05-14 19:51:12.488 [INFO]     doris_mcp_server.utils.db:1146 - 🔥 Warming up connection pool with 3 connections
2026-05-14 19:51:12.661 [INFO]     doris_mcp_server.utils.db:1167 - ✅ Pool warmup completed, 3 connections created
2026-05-14 20:06:17.856 [INFO]     doris_mcp_server.utils.db:1288 - 🔄 Attempting pool recovery (attempt 1/3)
2026-05-14 20:06:20.978 [INFO]     doris_mcp_server.utils.db:1329 - ✅ Pool recovery successful on attempt 1
2026-05-14 20:06:20.979 [INFO]     doris_mcp_server.utils.db:1146 - 🔥 Warming up connection pool with 3 connections
2026-05-14 20:06:21.143 [INFO]     doris_mcp_server.utils.db:1167 - ✅ Pool warmup completed, 3 connections created
2026-05-14 20:25:57.501 [INFO]     doris_mcp_server.utils.db:1288 - 🔄 Attempting pool recovery (attempt 1/3)
2026-05-14 20:25:57.615 [INFO]     doris_mcp_server.utils.db:1329 - ✅ Pool recovery successful on attempt 1
2026-05-14 20:25:57.616 [INFO]     doris_mcp_server.utils.db:1146 - 🔥 Warming up connection pool with 3 connections
2026-05-14 20:25:57.775 [INFO]     doris_mcp_server.utils.db:1167 - ✅ Pool warmup completed, 3 connections created
2026-05-14 20:46:09.400 [INFO]     doris_mcp_server.utils.db:1288 - 🔄 Attempting pool recovery (attempt 1/3)
2026-05-14 20:46:12.512 [INFO]     doris_mcp_server.utils.db:1329 - ✅ Pool recovery successful on attempt 1
2026-05-14 20:46:12.513 [INFO]     doris_mcp_server.utils.db:1146 - 🔥 Warming up connection pool with 3 connections
2026-05-14 20:46:12.697 [INFO]     doris_mcp_server.utils.db:1167 - ✅ Pool warmup completed, 3 connections created
2026-05-14 21:05:56.154 [INFO]     doris_mcp_server.utils.db:1288 - 🔄 Attempting pool recovery (attempt 1/3)
2026-05-14 21:21:01.925 [INFO]     doris_mcp_server.utils.db:1329 - ✅ Pool recovery successful on attempt 1
2026-05-14 21:21:01.925 [INFO]     doris_mcp_server.utils.db:1146 - 🔥 Warming up connection pool with 3 connections
2026-05-14 21:21:02.139 [INFO]     doris_mcp_server.utils.db:1167 - ✅ Pool warmup completed, 3 connections created
2026-05-18 09:31:05.527 [INFO]     doris_mcp_server.utils.db:1288 - 🔄 Attempting pool recovery (attempt 1/3)
2026-05-18 09:31:08.671 [INFO]     doris_mcp_server.utils.db:1329 - ✅ Pool recovery successful on attempt 1
2026-05-18 09:31:08.671 [INFO]     doris_mcp_server.utils.db:1146 - 🔥 Warming up connection pool with 3 connections
2026-05-18 09:31:08.873 [INFO]     doris_mcp_server.utils.db:1167 - ✅ Pool warmup completed, 3 connections created
2026-05-18 11:20:29.213 [INFO]     doris_mcp_server.utils.db:1288 - 🔄 Attempting pool recovery (attempt 1/3)
2026-05-18 11:20:32.323 [INFO]     doris_mcp_server.utils.db:1329 - ✅ Pool recovery successful on attempt 1
2026-05-18 11:20:32.324 [INFO]     doris_mcp_server.utils.db:1146 - 🔥 Warming up connection pool with 3 connections
2026-05-18 11:20:32.498 [INFO]     doris_mcp_server.utils.db:1167 - ✅ Pool warmup completed, 3 connections created
2026-05-18 11:37:16.516 [INFO]     doris_mcp_server.utils.db:1288 - 🔄 Attempting pool recovery (attempt 1/3)
2026-05-18 11:37:16.663 [INFO]     doris_mcp_server.utils.db:1329 - ✅ Pool recovery successful on attempt 1
2026-05-18 11:37:16.663 [INFO]     doris_mcp_server.utils.db:1146 - 🔥 Warming up connection pool with 3 connections
2026-05-18 11:37:16.886 [INFO]     doris_mcp_server.utils.db:1167 - ✅ Pool warmup completed, 3 connections created
2026-05-18 11:52:32.423 [INFO]     doris_mcp_server.utils.db:1288 - 🔄 Attempting pool recovery (attempt 1/3)
2026-05-18 11:52:32.550 [INFO]     doris_mcp_server.utils.db:1329 - ✅ Pool recovery successful on attempt 1
2026-05-18 11:52:32.550 [INFO]     doris_mcp_server.utils.db:1146 - 🔥 Warming up connection pool with 3 connections
2026-05-18 11:52:32.747 [INFO]     doris_mcp_server.utils.db:1167 - ✅ Pool warmup completed, 3 connections created
2026-05-18 12:18:50.166 [INFO]     doris_mcp_server.utils.db:1288 - 🔄 Attempting pool recovery (attempt 1/3)
2026-05-18 12:18:53.286 [INFO]     doris_mcp_server.utils.db:1329 - ✅ Pool recovery successful on attempt 1
2026-05-18 12:18:53.286 [INFO]     doris_mcp_server.utils.db:1146 - 🔥 Warming up connection pool with 3 connections
2026-05-18 12:18:53.458 [INFO]     doris_mcp_server.utils.db:1167 - ✅ Pool warmup completed, 3 connections created
2026-05-18 12:34:40.539 [INFO]     doris_mcp_server.utils.db:1288 - 🔄 Attempting pool recovery (attempt 1/3)
2026-05-18 12:34:40.653 [INFO]     doris_mcp_server.utils.db:1329 - ✅ Pool recovery successful on attempt 1
2026-05-18 12:34:40.653 [INFO]     doris_mcp_server.utils.db:1146 - 🔥 Warming up connection pool with 3 connections
2026-05-18 12:34:40.835 [INFO]     doris_mcp_server.utils.db:1167 - ✅ Pool warmup completed, 3 connections created
2026-05-18 12:50:41.495 [INFO]     doris_mcp_server.utils.db:1288 - 🔄 Attempting pool recovery (attempt 1/3)
2026-05-18 12:50:44.622 [INFO]     doris_mcp_server.utils.db:1329 - ✅ Pool recovery successful on attempt 1
2026-05-18 12:50:44.623 [INFO]     doris_mcp_server.utils.db:1146 - 🔥 Warming up connection pool with 3 connections
2026-05-18 12:50:44.825 [INFO]     doris_mcp_server.utils.db:1167 - ✅ Pool warmup completed, 3 connections created
2026-05-18 13:08:31.622 [INFO]     doris_mcp_server.utils.db:1288 - 🔄 Attempting pool recovery (attempt 1/3)
2026-05-18 13:08:34.755 [INFO]     doris_mcp_server.utils.db:1329 - ✅ Pool recovery successful on attempt 1
2026-05-18 13:08:34.755 [INFO]     doris_mcp_server.utils.db:1146 - 🔥 Warming up connection pool with 3 connections
2026-05-18 13:08:34.941 [INFO]     doris_mcp_server.utils.db:1167 - ✅ Pool warmup completed, 3 connections created
2026-05-18 13:13:35.996 [INFO]     doris_mcp_server.utils.db:1288 - 🔄 Attempting pool recovery (attempt 1/3)
2026-05-18 13:29:51.627 [INFO]     doris_mcp_server.utils.db:1329 - ✅ Pool recovery successful on attempt 1
2026-05-18 13:29:51.639 [INFO]     doris_mcp_server.utils.db:1146 - 🔥 Warming up connection pool with 3 connections
2026-05-18 13:29:51.813 [INFO]     doris_mcp_server.utils.db:1167 - ✅ Pool warmup completed, 3 connections created
2026-05-18 17:12:19.768 [INFO]     doris_mcp_server.utils.db:1288 - 🔄 Attempting pool recovery (attempt 1/3)
2026-05-18 17:12:19.888 [INFO]     doris_mcp_server.utils.db:1329 - ✅ Pool recovery successful on attempt 1
2026-05-18 17:12:19.889 [INFO]     doris_mcp_server.utils.db:1146 - 🔥 Warming up connection pool with 3 connections
2026-05-18 17:12:20.070 [INFO]     doris_mcp_server.utils.db:1167 - ✅ Pool warmup completed, 3 connections created
2026-05-18 18:21:10.469 [INFO]     doris_mcp_server.utils.db:1288 - 🔄 Attempting pool recovery (attempt 1/3)
2026-05-18 18:21:13.569 [INFO]     doris_mcp_server.utils.db:1329 - ✅ Pool recovery successful on attempt 1
2026-05-18 18:21:13.570 [INFO]     doris_mcp_server.utils.db:1146 - 🔥 Warming up connection pool with 3 connections
2026-05-18 18:21:13.751 [INFO]     doris_mcp_server.utils.db:1167 - ✅ Pool warmup completed, 3 connections created
2026-05-18 18:37:12.969 [INFO]     doris_mcp_server.utils.db:1288 - 🔄 Attempting pool recovery (attempt 1/3)
2026-05-18 18:37:13.061 [INFO]     doris_mcp_server.utils.db:1329 - ✅ Pool recovery successful on attempt 1
2026-05-18 18:37:13.062 [INFO]     doris_mcp_server.utils.db:1146 - 🔥 Warming up connection pool with 3 connections
2026-05-18 18:37:13.231 [INFO]     doris_mcp_server.utils.db:1167 - ✅ Pool warmup completed, 3 connections created
2026-05-18 18:54:03.059 [INFO]     doris_mcp_server.utils.db:1288 - 🔄 Attempting pool recovery (attempt 1/3)
2026-05-18 18:54:03.176 [INFO]     doris_mcp_server.utils.db:1329 - ✅ Pool recovery successful on attempt 1
2026-05-18 18:54:03.176 [INFO]     doris_mcp_server.utils.db:1146 - 🔥 Warming up connection pool with 3 connections
2026-05-18 18:54:03.344 [INFO]     doris_mcp_server.utils.db:1167 - ✅ Pool warmup completed, 3 connections created
2026-05-18 19:11:29.399 [INFO]     doris_mcp_server.utils.db:1288 - 🔄 Attempting pool recovery (attempt 1/3)
2026-05-18 19:11:29.527 [INFO]     doris_mcp_server.utils.db:1329 - ✅ Pool recovery successful on attempt 1
2026-05-18 19:11:29.528 [INFO]     doris_mcp_server.utils.db:1146 - 🔥 Warming up connection pool with 3 connections
2026-05-18 19:11:29.724 [INFO]     doris_mcp_server.utils.db:1167 - ✅ Pool warmup completed, 3 connections created
2026-05-18 19:28:06.865 [INFO]     doris_mcp_server.utils.db:1288 - 🔄 Attempting pool recovery (attempt 1/3)
2026-05-18 19:28:06.965 [INFO]     doris_mcp_server.utils.db:1329 - ✅ Pool recovery successful on attempt 1
2026-05-18 19:28:06.966 [INFO]     doris_mcp_server.utils.db:1146 - 🔥 Warming up connection pool with 3 connections
2026-05-18 19:28:07.168 [INFO]     doris_mcp_server.utils.db:1167 - ✅ Pool warmup completed, 3 connections created
2026-05-18 19:44:57.331 [INFO]     doris_mcp_server.utils.db:1288 - 🔄 Attempting pool recovery (attempt 1/3)
2026-05-18 19:45:00.461 [INFO]     doris_mcp_server.utils.db:1329 - ✅ Pool recovery successful on attempt 1
2026-05-18 19:45:00.462 [INFO]     doris_mcp_server.utils.db:1146 - 🔥 Warming up connection pool with 3 connections
2026-05-18 19:45:00.661 [INFO]     doris_mcp_server.utils.db:1167 - ✅ Pool warmup completed, 3 connections created
2026-05-18 20:01:54.701 [INFO]     doris_mcp_server.utils.db:1288 - 🔄 Attempting pool recovery (attempt 1/3)
2026-05-18 20:01:57.844 [INFO]     doris_mcp_server.utils.db:1329 - ✅ Pool recovery successful on attempt 1
2026-05-18 20:01:57.844 [INFO]     doris_mcp_server.utils.db:1146 - 🔥 Warming up connection pool with 3 connections
2026-05-18 20:01:58.027 [INFO]     doris_mcp_server.utils.db:1167 - ✅ Pool warmup completed, 3 connections created
2026-05-18 20:22:00.849 [INFO]     doris_mcp_server.utils.db:1288 - 🔄 Attempting pool recovery (attempt 1/3)
2026-05-18 20:38:26.630 [INFO]     doris_mcp_server.utils.db:1329 - ✅ Pool recovery successful on attempt 1
2026-05-18 20:38:26.630 [INFO]     doris_mcp_server.utils.db:1146 - 🔥 Warming up connection pool with 3 connections
2026-05-18 20:38:26.802 [INFO]     doris_mcp_server.utils.db:1167 - ✅ Pool warmup completed, 3 connections created
2026-05-18 20:55:58.191 [INFO]     doris_mcp_server.utils.db:1288 - 🔄 Attempting pool recovery (attempt 1/3)
2026-05-18 20:56:01.303 [INFO]     doris_mcp_server.utils.db:1329 - ✅ Pool recovery successful on attempt 1
2026-05-18 20:56:01.304 [INFO]     doris_mcp_server.utils.db:1146 - 🔥 Warming up connection pool with 3 connections
2026-05-18 20:56:01.504 [INFO]     doris_mcp_server.utils.db:1167 - ✅ Pool warmup completed, 3 connections created
2026-05-18 21:25:58.214 [INFO]     doris_mcp_server.utils.db:1288 - 🔄 Attempting pool recovery (attempt 1/3)
2026-05-18 21:25:58.319 [INFO]     doris_mcp_server.utils.db:1329 - ✅ Pool recovery successful on attempt 1
2026-05-18 21:25:58.320 [INFO]     doris_mcp_server.utils.db:1146 - 🔥 Warming up connection pool with 3 connections
2026-05-18 21:25:58.485 [INFO]     doris_mcp_server.utils.db:1167 - ✅ Pool warmup completed, 3 connections created
2026-05-18 21:42:53.353 [INFO]     doris_mcp_server.utils.db:1288 - 🔄 Attempting pool recovery (attempt 1/3)
2026-05-18 21:42:53.475 [INFO]     doris_mcp_server.utils.db:1329 - ✅ Pool recovery successful on attempt 1
2026-05-18 21:42:53.475 [INFO]     doris_mcp_server.utils.db:1146 - 🔥 Warming up connection pool with 3 connections
2026-05-18 21:42:53.650 [INFO]     doris_mcp_server.utils.db:1167 - ✅ Pool warmup completed, 3 connections created
2026-05-18 21:59:13.263 [INFO]     doris_mcp_server.utils.db:1288 - 🔄 Attempting pool recovery (attempt 1/3)
2026-05-18 21:59:13.593 [INFO]     doris_mcp_server.utils.db:1329 - ✅ Pool recovery successful on attempt 1
2026-05-18 21:59:13.594 [INFO]     doris_mcp_server.utils.db:1146 - 🔥 Warming up connection pool with 3 connections
2026-05-18 21:59:13.776 [INFO]     doris_mcp_server.utils.db:1167 - ✅ Pool warmup completed, 3 connections created
2026-05-18 22:15:23.811 [INFO]     doris_mcp_server.utils.db:1288 - 🔄 Attempting pool recovery (attempt 1/3)
2026-05-18 22:15:26.948 [INFO]     doris_mcp_server.utils.db:1329 - ✅ Pool recovery successful on attempt 1
2026-05-18 22:15:26.949 [INFO]     doris_mcp_server.utils.db:1146 - 🔥 Warming up connection pool with 3 connections
2026-05-18 22:15:27.108 [INFO]     doris_mcp_server.utils.db:1167 - ✅ Pool warmup completed, 3 connections created
2026-05-18 22:33:37.342 [INFO]     doris_mcp_server.utils.db:1288 - 🔄 Attempting pool recovery (attempt 1/3)
2026-05-18 22:33:40.436 [INFO]     doris_mcp_server.utils.db:1329 - ✅ Pool recovery successful on attempt 1
2026-05-18 22:33:40.436 [INFO]     doris_mcp_server.utils.db:1146 - 🔥 Warming up connection pool with 3 connections
2026-05-18 22:33:40.654 [INFO]     doris_mcp_server.utils.db:1167 - ✅ Pool warmup completed, 3 connections created
2026-05-18 22:50:10.549 [INFO]     doris_mcp_server.utils.db:1288 - 🔄 Attempting pool recovery (attempt 1/3)
2026-05-18 22:50:10.684 [INFO]     doris_mcp_server.utils.db:1329 - ✅ Pool recovery successful on attempt 1
2026-05-18 22:50:10.684 [INFO]     doris_mcp_server.utils.db:1146 - 🔥 Warming up connection pool with 3 connections
2026-05-18 22:50:10.878 [INFO]     doris_mcp_server.utils.db:1167 - ✅ Pool warmup completed, 3 connections created
2026-05-18 23:08:43.263 [INFO]     doris_mcp_server.utils.db:1288 - 🔄 Attempting pool recovery (attempt 1/3)
2026-05-18 23:08:43.387 [INFO]     doris_mcp_server.utils.db:1329 - ✅ Pool recovery successful on attempt 1
2026-05-18 23:08:43.388 [INFO]     doris_mcp_server.utils.db:1146 - 🔥 Warming up connection pool with 3 connections
2026-05-18 23:08:43.583 [INFO]     doris_mcp_server.utils.db:1167 - ✅ Pool warmup completed, 3 connections created
2026-05-18 23:18:00.930 [INFO]     doris_mcp_server.utils.db:1288 - 🔄 Attempting pool recovery (attempt 1/3)
2026-05-18 23:18:01.051 [INFO]     doris_mcp_server.utils.db:1329 - ✅ Pool recovery successful on attempt 1
2026-05-18 23:18:01.052 [INFO]     doris_mcp_server.utils.db:1146 - 🔥 Warming up connection pool with 3 connections
2026-05-18 23:18:01.190 [INFO]     doris_mcp_server.utils.db:1167 - ✅ Pool warmup completed, 3 connections created
2026-05-18 23:35:29.427 [INFO]     doris_mcp_server.utils.db:1288 - 🔄 Attempting pool recovery (attempt 1/3)
2026-05-18 23:35:32.539 [INFO]     doris_mcp_server.utils.db:1329 - ✅ Pool recovery successful on attempt 1
2026-05-18 23:35:32.540 [INFO]     doris_mcp_server.utils.db:1146 - 🔥 Warming up connection pool with 3 connections
2026-05-18 23:35:32.741 [INFO]     doris_mcp_server.utils.db:1167 - ✅ Pool warmup completed, 3 connections created
2026-05-18 23:51:22.585 [INFO]     doris_mcp_server.utils.db:1288 - 🔄 Attempting pool recovery (attempt 1/3)
2026-05-18 23:51:25.693 [INFO]     doris_mcp_server.utils.db:1329 - ✅ Pool recovery successful on attempt 1
2026-05-18 23:51:25.693 [INFO]     doris_mcp_server.utils.db:1146 - 🔥 Warming up connection pool with 3 connections
2026-05-18 23:51:25.898 [INFO]     doris_mcp_server.utils.db:1167 - ✅ Pool warmup completed, 3 connections created
2026-05-19 00:07:36.256 [INFO]     doris_mcp_server.utils.db:1288 - 🔄 Attempting pool recovery (attempt 1/3)
2026-05-19 00:07:36.375 [INFO]     doris_mcp_server.utils.db:1329 - ✅ Pool recovery successful on attempt 1
2026-05-19 00:07:36.375 [INFO]     doris_mcp_server.utils.db:1146 - 🔥 Warming up connection pool with 3 connections
2026-05-19 00:07:36.542 [INFO]     doris_mcp_server.utils.db:1167 - ✅ Pool warmup completed, 3 connections created
2026-05-19 00:24:37.533 [INFO]     doris_mcp_server.utils.db:1288 - 🔄 Attempting pool recovery (attempt 1/3)
2026-05-19 00:24:37.669 [INFO]     doris_mcp_server.utils.db:1329 - ✅ Pool recovery successful on attempt 1
2026-05-19 00:24:37.669 [INFO]     doris_mcp_server.utils.db:1146 - 🔥 Warming up connection pool with 3 connections
2026-05-19 00:24:37.856 [INFO]     doris_mcp_server.utils.db:1167 - ✅ Pool warmup completed, 3 connections created
2026-05-19 00:41:31.152 [INFO]     doris_mcp_server.utils.db:1288 - 🔄 Attempting pool recovery (attempt 1/3)
2026-05-19 00:41:31.276 [INFO]     doris_mcp_server.utils.db:1329 - ✅ Pool recovery successful on attempt 1
2026-05-19 00:41:31.276 [INFO]     doris_mcp_server.utils.db:1146 - 🔥 Warming up connection pool with 3 connections
2026-05-19 00:41:31.462 [INFO]     doris_mcp_server.utils.db:1167 - ✅ Pool warmup completed, 3 connections created
2026-05-19 00:58:25.814 [INFO]     doris_mcp_server.utils.db:1288 - 🔄 Attempting pool recovery (attempt 1/3)
2026-05-19 00:58:28.971 [INFO]     doris_mcp_server.utils.db:1329 - ✅ Pool recovery successful on attempt 1
2026-05-19 00:58:28.972 [INFO]     doris_mcp_server.utils.db:1146 - 🔥 Warming up connection pool with 3 connections
2026-05-19 00:58:29.159 [INFO]     doris_mcp_server.utils.db:1167 - ✅ Pool warmup completed, 3 connections created
2026-05-19 01:14:31.169 [INFO]     doris_mcp_server.utils.db:1288 - 🔄 Attempting pool recovery (attempt 1/3)
2026-05-19 01:14:34.287 [INFO]     doris_mcp_server.utils.db:1329 - ✅ Pool recovery successful on attempt 1
2026-05-19 01:14:34.288 [INFO]     doris_mcp_server.utils.db:1146 - 🔥 Warming up connection pool with 3 connections
2026-05-19 01:14:34.430 [INFO]     doris_mcp_server.utils.db:1167 - ✅ Pool warmup completed, 3 connections created
2026-05-19 01:32:28.425 [INFO]     doris_mcp_server.utils.db:1288 - 🔄 Attempting pool recovery (attempt 1/3)
2026-05-19 01:32:28.537 [INFO]     doris_mcp_server.utils.db:1329 - ✅ Pool recovery successful on attempt 1
2026-05-19 01:32:28.537 [INFO]     doris_mcp_server.utils.db:1146 - 🔥 Warming up connection pool with 3 connections
2026-05-19 01:32:28.714 [INFO]     doris_mcp_server.utils.db:1167 - ✅ Pool warmup completed, 3 connections created
2026-05-19 01:50:43.488 [INFO]     doris_mcp_server.utils.db:1288 - 🔄 Attempting pool recovery (attempt 1/3)
2026-05-19 01:50:43.615 [INFO]     doris_mcp_server.utils.db:1329 - ✅ Pool recovery successful on attempt 1
2026-05-19 01:50:43.616 [INFO]     doris_mcp_server.utils.db:1146 - 🔥 Warming up connection pool with 3 connections
2026-05-19 01:50:43.812 [INFO]     doris_mcp_server.utils.db:1167 - ✅ Pool warmup completed, 3 connections created
2026-05-19 02:07:02.739 [INFO]     doris_mcp_server.utils.db:1288 - 🔄 Attempting pool recovery (attempt 1/3)
2026-05-19 02:07:02.886 [INFO]     doris_mcp_server.utils.db:1329 - ✅ Pool recovery successful on attempt 1
2026-05-19 02:07:02.886 [INFO]     doris_mcp_server.utils.db:1146 - 🔥 Warming up connection pool with 3 connections
2026-05-19 02:07:03.039 [INFO]     doris_mcp_server.utils.db:1167 - ✅ Pool warmup completed, 3 connections created
2026-05-19 02:24:14.311 [INFO]     doris_mcp_server.utils.db:1288 - 🔄 Attempting pool recovery (attempt 1/3)
2026-05-19 02:24:17.442 [INFO]     doris_mcp_server.utils.db:1329 - ✅ Pool recovery successful on attempt 1
2026-05-19 02:24:17.442 [INFO]     doris_mcp_server.utils.db:1146 - 🔥 Warming up connection pool with 3 connections
2026-05-19 02:24:17.623 [INFO]     doris_mcp_server.utils.db:1167 - ✅ Pool warmup completed, 3 connections created
2026-05-19 02:40:23.931 [INFO]     doris_mcp_server.utils.db:1288 - 🔄 Attempting pool recovery (attempt 1/3)
2026-05-19 02:40:27.018 [INFO]     doris_mcp_server.utils.db:1329 - ✅ Pool recovery successful on attempt 1
2026-05-19 02:40:27.019 [INFO]     doris_mcp_server.utils.db:1146 - 🔥 Warming up connection pool with 3 connections
2026-05-19 02:40:27.210 [INFO]     doris_mcp_server.utils.db:1167 - ✅ Pool warmup completed, 3 connections created
2026-05-19 02:56:49.968 [INFO]     doris_mcp_server.utils.db:1288 - 🔄 Attempting pool recovery (attempt 1/3)
2026-05-19 02:56:50.086 [INFO]     doris_mcp_server.utils.db:1329 - ✅ Pool recovery successful on attempt 1
2026-05-19 02:56:50.086 [INFO]     doris_mcp_server.utils.db:1146 - 🔥 Warming up connection pool with 3 connections
2026-05-19 02:56:50.265 [INFO]     doris_mcp_server.utils.db:1167 - ✅ Pool warmup completed, 3 connections created
2026-05-19 03:22:59.699 [INFO]     doris_mcp_server.utils.db:1288 - 🔄 Attempting pool recovery (attempt 1/3)
2026-05-19 03:22:59.822 [INFO]     doris_mcp_server.utils.db:1329 - ✅ Pool recovery successful on attempt 1
2026-05-19 03:22:59.822 [INFO]     doris_mcp_server.utils.db:1146 - 🔥 Warming up connection pool with 3 connections
2026-05-19 03:23:00.012 [INFO]     doris_mcp_server.utils.db:1167 - ✅ Pool warmup completed, 3 connections created
2026-05-19 03:39:20.324 [INFO]     doris_mcp_server.utils.db:1288 - 🔄 Attempting pool recovery (attempt 1/3)
2026-05-19 03:39:20.438 [INFO]     doris_mcp_server.utils.db:1329 - ✅ Pool recovery successful on attempt 1
2026-05-19 03:39:20.439 [INFO]     doris_mcp_server.utils.db:1146 - 🔥 Warming up connection pool with 3 connections
2026-05-19 03:39:20.604 [INFO]     doris_mcp_server.utils.db:1167 - ✅ Pool warmup completed, 3 connections created
2026-05-19 03:49:19.124 [INFO]     doris_mcp_server.utils.db:1288 - 🔄 Attempting pool recovery (attempt 1/3)
2026-05-19 04:04:42.965 [INFO]     doris_mcp_server.utils.db:1329 - ✅ Pool recovery successful on attempt 1
2026-05-19 04:04:42.966 [INFO]     doris_mcp_server.utils.db:1146 - 🔥 Warming up connection pool with 3 connections
2026-05-19 04:04:43.145 [INFO]     doris_mcp_server.utils.db:1167 - ✅ Pool warmup completed, 3 connections created
2026-05-19 04:21:20.632 [INFO]     doris_mcp_server.utils.db:1288 - 🔄 Attempting pool recovery (attempt 1/3)
2026-05-19 04:21:20.764 [INFO]     doris_mcp_server.utils.db:1329 - ✅ Pool recovery successful on attempt 1
2026-05-19 04:21:20.765 [INFO]     doris_mcp_server.utils.db:1146 - 🔥 Warming up connection pool with 3 connections
2026-05-19 04:21:20.953 [INFO]     doris_mcp_server.utils.db:1167 - ✅ Pool warmup completed, 3 connections created
2026-05-19 04:38:58.767 [INFO]     doris_mcp_server.utils.db:1288 - 🔄 Attempting pool recovery (attempt 1/3)
2026-05-19 04:39:01.867 [INFO]     doris_mcp_server.utils.db:1329 - ✅ Pool recovery successful on attempt 1
2026-05-19 04:39:01.868 [INFO]     doris_mcp_server.utils.db:1146 - 🔥 Warming up connection pool with 3 connections
2026-05-19 04:39:02.057 [INFO]     doris_mcp_server.utils.db:1167 - ✅ Pool warmup completed, 3 connections created
2026-05-19 04:55:57.031 [INFO]     doris_mcp_server.utils.db:1288 - 🔄 Attempting pool recovery (attempt 1/3)
2026-05-19 04:55:57.157 [INFO]     doris_mcp_server.utils.db:1329 - ✅ Pool recovery successful on attempt 1
2026-05-19 04:55:57.157 [INFO]     doris_mcp_server.utils.db:1146 - 🔥 Warming up connection pool with 3 connections
2026-05-19 04:55:57.323 [INFO]     doris_mcp_server.utils.db:1167 - ✅ Pool warmup completed, 3 connections created
2026-05-19 05:13:10.909 [INFO]     doris_mcp_server.utils.db:1288 - 🔄 Attempting pool recovery (attempt 1/3)
2026-05-19 05:13:11.021 [INFO]     doris_mcp_server.utils.db:1329 - ✅ Pool recovery successful on attempt 1
2026-05-19 05:13:11.021 [INFO]     doris_mcp_server.utils.db:1146 - 🔥 Warming up connection pool with 3 connections
2026-05-19 05:13:11.200 [INFO]     doris_mcp_server.utils.db:1167 - ✅ Pool warmup completed, 3 connections created
2026-05-19 05:30:59.974 [INFO]     doris_mcp_server.utils.db:1288 - 🔄 Attempting pool recovery (attempt 1/3)
2026-05-19 05:31:00.118 [INFO]     doris_mcp_server.utils.db:1329 - ✅ Pool recovery successful on attempt 1
2026-05-19 05:31:00.118 [INFO]     doris_mcp_server.utils.db:1146 - 🔥 Warming up connection pool with 3 connections
2026-05-19 05:31:00.276 [INFO]     doris_mcp_server.utils.db:1167 - ✅ Pool warmup completed, 3 connections created
2026-05-19 05:49:30.698 [INFO]     doris_mcp_server.utils.db:1288 - 🔄 Attempting pool recovery (attempt 1/3)
2026-05-19 05:49:33.853 [INFO]     doris_mcp_server.utils.db:1329 - ✅ Pool recovery successful on attempt 1
2026-05-19 05:49:33.853 [INFO]     doris_mcp_server.utils.db:1146 - 🔥 Warming up connection pool with 3 connections
2026-05-19 05:49:34.041 [INFO]     doris_mcp_server.utils.db:1167 - ✅ Pool warmup completed, 3 connections created
2026-05-19 06:07:20.492 [INFO]     doris_mcp_server.utils.db:1288 - 🔄 Attempting pool recovery (attempt 1/3)
2026-05-19 06:07:23.633 [INFO]     doris_mcp_server.utils.db:1329 - ✅ Pool recovery successful on attempt 1
2026-05-19 06:07:23.633 [INFO]     doris_mcp_server.utils.db:1146 - 🔥 Warming up connection pool with 3 connections
2026-05-19 06:07:23.815 [INFO]     doris_mcp_server.utils.db:1167 - ✅ Pool warmup completed, 3 connections created
2026-05-19 06:24:39.833 [INFO]     doris_mcp_server.utils.db:1288 - 🔄 Attempting pool recovery (attempt 1/3)
2026-05-19 06:42:01.609 [INFO]     doris_mcp_server.utils.db:1329 - ✅ Pool recovery successful on attempt 1
2026-05-19 06:42:01.610 [INFO]     doris_mcp_server.utils.db:1146 - 🔥 Warming up connection pool with 3 connections
2026-05-19 06:42:01.802 [INFO]     doris_mcp_server.utils.db:1167 - ✅ Pool warmup completed, 3 connections created
2026-05-19 06:50:41.710 [INFO]     doris_mcp_server.utils.db:1288 - 🔄 Attempting pool recovery (attempt 1/3)
2026-05-19 06:50:41.842 [INFO]     doris_mcp_server.utils.db:1329 - ✅ Pool recovery successful on attempt 1
2026-05-19 06:50:41.843 [INFO]     doris_mcp_server.utils.db:1146 - 🔥 Warming up connection pool with 3 connections
2026-05-19 06:50:42.036 [INFO]     doris_mcp_server.utils.db:1167 - ✅ Pool warmup completed, 3 connections created
2026-05-19 07:06:58.291 [INFO]     doris_mcp_server.utils.db:1288 - 🔄 Attempting pool recovery (attempt 1/3)
2026-05-19 07:07:01.392 [INFO]     doris_mcp_server.utils.db:1329 - ✅ Pool recovery successful on attempt 1
2026-05-19 07:07:01.393 [INFO]     doris_mcp_server.utils.db:1146 - 🔥 Warming up connection pool with 3 connections
2026-05-19 07:07:01.596 [INFO]     doris_mcp_server.utils.db:1167 - ✅ Pool warmup completed, 3 connections created
2026-05-19 07:24:41.497 [INFO]     doris_mcp_server.utils.db:1288 - 🔄 Attempting pool recovery (attempt 1/3)
2026-05-19 07:24:44.602 [INFO]     doris_mcp_server.utils.db:1329 - ✅ Pool recovery successful on attempt 1
2026-05-19 07:24:44.602 [INFO]     doris_mcp_server.utils.db:1146 - 🔥 Warming up connection pool with 3 connections
2026-05-19 07:24:44.803 [INFO]     doris_mcp_server.utils.db:1167 - ✅ Pool warmup completed, 3 connections created
2026-05-19 07:31:19.407 [INFO]     doris_mcp_server.utils.db:1288 - 🔄 Attempting pool recovery (attempt 1/3)
2026-05-19 07:31:19.513 [INFO]     doris_mcp_server.utils.db:1329 - ✅ Pool recovery successful on attempt 1
2026-05-19 07:31:19.513 [INFO]     doris_mcp_server.utils.db:1146 - 🔥 Warming up connection pool with 3 connections
2026-05-19 07:31:19.699 [INFO]     doris_mcp_server.utils.db:1167 - ✅ Pool warmup completed, 3 connections created
2026-05-19 07:48:29.311 [INFO]     doris_mcp_server.utils.db:1288 - 🔄 Attempting pool recovery (attempt 1/3)
2026-05-19 07:48:32.422 [INFO]     doris_mcp_server.utils.db:1329 - ✅ Pool recovery successful on attempt 1
2026-05-19 07:48:32.423 [INFO]     doris_mcp_server.utils.db:1146 - 🔥 Warming up connection pool with 3 connections
2026-05-19 07:48:32.625 [INFO]     doris_mcp_server.utils.db:1167 - ✅ Pool warmup completed, 3 connections created
2026-05-19 08:08:50.575 [INFO]     doris_mcp_server.utils.db:1288 - 🔄 Attempting pool recovery (attempt 1/3)
2026-05-19 08:08:53.734 [INFO]     doris_mcp_server.utils.db:1329 - ✅ Pool recovery successful on attempt 1
2026-05-19 08:08:53.734 [INFO]     doris_mcp_server.utils.db:1146 - 🔥 Warming up connection pool with 3 connections
2026-05-19 08:08:53.886 [INFO]     doris_mcp_server.utils.db:1167 - ✅ Pool warmup completed, 3 connections created
2026-05-19 08:25:39.493 [INFO]     doris_mcp_server.utils.db:1288 - 🔄 Attempting pool recovery (attempt 1/3)
2026-05-19 08:25:39.630 [INFO]     doris_mcp_server.utils.db:1329 - ✅ Pool recovery successful on attempt 1
2026-05-19 08:25:39.631 [INFO]     doris_mcp_server.utils.db:1146 - 🔥 Warming up connection pool with 3 connections
2026-05-19 08:25:39.805 [INFO]     doris_mcp_server.utils.db:1167 - ✅ Pool warmup completed, 3 connections created
2026-05-19 08:35:24.572 [INFO]     doris_mcp_server.utils.db:1288 - 🔄 Attempting pool recovery (attempt 1/3)
2026-05-19 08:35:24.716 [INFO]     doris_mcp_server.utils.db:1329 - ✅ Pool recovery successful on attempt 1
2026-05-19 08:35:24.717 [INFO]     doris_mcp_server.utils.db:1146 - 🔥 Warming up connection pool with 3 connections
2026-05-19 08:35:24.923 [INFO]     doris_mcp_server.utils.db:1167 - ✅ Pool warmup completed, 3 connections created
2026-05-19 12:11:41.537 [INFO]     doris_mcp_server.utils.db:1288 - 🔄 Attempting pool recovery (attempt 1/3)
2026-05-19 12:11:44.689 [INFO]     doris_mcp_server.utils.db:1329 - ✅ Pool recovery successful on attempt 1
2026-05-19 12:11:44.689 [INFO]     doris_mcp_server.utils.db:1146 - 🔥 Warming up connection pool with 3 connections
2026-05-19 12:11:44.852 [INFO]     doris_mcp_server.utils.db:1167 - ✅ Pool warmup completed, 3 connections created
2026-05-19 12:16:50.791 [INFO]     doris_mcp_server.utils.db:1288 - 🔄 Attempting pool recovery (attempt 1/3)
2026-05-19 12:16:50.922 [INFO]     doris_mcp_server.utils.db:1329 - ✅ Pool recovery successful on attempt 1
2026-05-19 12:16:50.923 [INFO]     doris_mcp_server.utils.db:1146 - 🔥 Warming up connection pool with 3 connections
2026-05-19 12:16:51.086 [INFO]     doris_mcp_server.utils.db:1167 - ✅ Pool warmup completed, 3 connections created
2026-05-19 12:21:51.682 [INFO]     doris_mcp_server.utils.db:1288 - 🔄 Attempting pool recovery (attempt 1/3)
2026-05-19 12:21:51.782 [INFO]     doris_mcp_server.utils.db:1329 - ✅ Pool recovery successful on attempt 1
2026-05-19 12:21:51.783 [INFO]     doris_mcp_server.utils.db:1146 - 🔥 Warming up connection pool with 3 connections
2026-05-19 12:21:51.951 [INFO]     doris_mcp_server.utils.db:1167 - ✅ Pool warmup completed, 3 connections created
2026-05-19 12:26:52.450 [INFO]     doris_mcp_server.utils.db:1288 - 🔄 Attempting pool recovery (attempt 1/3)
2026-05-19 12:26:55.631 [INFO]     doris_mcp_server.utils.db:1329 - ✅ Pool recovery successful on attempt 1
2026-05-19 12:26:55.631 [INFO]     doris_mcp_server.utils.db:1146 - 🔥 Warming up connection pool with 3 connections
2026-05-19 12:26:55.823 [INFO]     doris_mcp_server.utils.db:1167 - ✅ Pool warmup completed, 3 connections created
2026-05-19 12:31:56.263 [INFO]     doris_mcp_server.utils.db:1288 - 🔄 Attempting pool recovery (attempt 1/3)
2026-05-19 12:31:59.379 [INFO]     doris_mcp_server.utils.db:1329 - ✅ Pool recovery successful on attempt 1
2026-05-19 12:31:59.380 [INFO]     doris_mcp_server.utils.db:1146 - 🔥 Warming up connection pool with 3 connections
2026-05-19 12:31:59.564 [INFO]     doris_mcp_server.utils.db:1167 - ✅ Pool warmup completed, 3 connections created
2026-05-19 12:37:00.090 [INFO]     doris_mcp_server.utils.db:1288 - 🔄 Attempting pool recovery (attempt 1/3)
2026-05-19 12:41:15.163 [INFO]     doris_mcp_server.utils.db:1329 - ✅ Pool recovery successful on attempt 1
2026-05-19 12:41:15.164 [INFO]     doris_mcp_server.utils.db:1146 - 🔥 Warming up connection pool with 3 connections
2026-05-19 12:41:15.338 [INFO]     doris_mcp_server.utils.db:1167 - ✅ Pool warmup completed, 3 connections created
2026-05-19 12:51:13.019 [INFO]     doris_mcp_server.utils.db:1288 - 🔄 Attempting pool recovery (attempt 1/3)
2026-05-19 12:51:13.386 [INFO]     doris_mcp_server.utils.db:1329 - ✅ Pool recovery successful on attempt 1
2026-05-19 12:51:13.387 [INFO]     doris_mcp_server.utils.db:1146 - 🔥 Warming up connection pool with 3 connections
2026-05-19 12:51:14.586 [INFO]     doris_mcp_server.utils.db:1167 - ✅ Pool warmup completed, 3 connections created
2026-05-19 13:31:08.722 [INFO]     doris_mcp_server.utils.db:1288 - 🔄 Attempting pool recovery (attempt 1/3)
2026-05-19 13:31:11.823 [INFO]     doris_mcp_server.utils.db:1288 - 🔄 Attempting pool recovery (attempt 2/3)
2026-05-19 13:31:13.889 [INFO]     doris_mcp_server.utils.db:1288 - 🔄 Attempting pool recovery (attempt 3/3)
2026-05-19 13:31:45.965 [INFO]     doris_mcp_server.utils.db:1288 - 🔄 Attempting pool recovery (attempt 1/3)
2026-05-19 13:31:46.026 [INFO]     doris_mcp_server.utils.db:1288 - 🔄 Attempting pool recovery (attempt 2/3)
2026-05-19 13:31:48.094 [INFO]     doris_mcp_server.utils.db:1288 - 🔄 Attempting pool recovery (attempt 3/3)
2026-05-19 13:32:20.166 [INFO]     doris_mcp_server.utils.db:1288 - 🔄 Attempting pool recovery (attempt 1/3)
2026-05-19 13:32:20.238 [INFO]     doris_mcp_server.utils.db:1288 - 🔄 Attempting pool recovery (attempt 2/3)
2026-05-19 13:32:22.321 [INFO]     doris_mcp_server.utils.db:1288 - 🔄 Attempting pool recovery (attempt 3/3)
2026-05-19 13:32:54.394 [INFO]     doris_mcp_server.utils.db:1288 - 🔄 Attempting pool recovery (attempt 1/3)
2026-05-19 13:32:54.488 [INFO]     doris_mcp_server.utils.db:1288 - 🔄 Attempting pool recovery (attempt 2/3)
2026-05-19 13:32:56.563 [INFO]     doris_mcp_server.utils.db:1288 - 🔄 Attempting pool recovery (attempt 3/3)
2026-05-19 13:33:28.658 [INFO]     doris_mcp_server.utils.db:1288 - 🔄 Attempting pool recovery (attempt 1/3)
2026-05-19 13:33:28.743 [INFO]     doris_mcp_server.utils.db:1288 - 🔄 Attempting pool recovery (attempt 2/3)
2026-05-19 13:33:30.847 [INFO]     doris_mcp_server.utils.db:1288 - 🔄 Attempting pool recovery (attempt 3/3)
2026-05-19 13:34:02.918 [INFO]     doris_mcp_server.utils.db:1288 - 🔄 Attempting pool recovery (attempt 1/3)
2026-05-19 13:34:02.987 [INFO]     doris_mcp_server.utils.db:1288 - 🔄 Attempting pool recovery (attempt 2/3)
2026-05-19 13:34:05.051 [INFO]     doris_mcp_server.utils.db:1288 - 🔄 Attempting pool recovery (attempt 3/3)
2026-05-19 13:34:37.134 [INFO]     doris_mcp_server.utils.db:1288 - 🔄 Attempting pool recovery (attempt 1/3)
2026-05-19 13:34:37.216 [INFO]     doris_mcp_server.utils.db:1288 - 🔄 Attempting pool recovery (attempt 2/3)
2026-05-19 13:34:39.272 [INFO]     doris_mcp_server.utils.db:1288 - 🔄 Attempting pool recovery (attempt 3/3)
2026-05-19 13:35:11.336 [INFO]     doris_mcp_server.utils.db:1288 - 🔄 Attempting pool recovery (attempt 1/3)
2026-05-19 13:35:11.416 [INFO]     doris_mcp_server.utils.db:1288 - 🔄 Attempting pool recovery (attempt 2/3)
2026-05-19 13:35:13.507 [INFO]     doris_mcp_server.utils.db:1288 - 🔄 Attempting pool recovery (attempt 3/3)
2026-05-19 13:35:45.584 [INFO]     doris_mcp_server.utils.db:1288 - 🔄 Attempting pool recovery (attempt 1/3)
2026-05-19 13:35:45.658 [INFO]     doris_mcp_server.utils.db:1288 - 🔄 Attempting pool recovery (attempt 2/3)
2026-05-19 13:35:47.747 [INFO]     doris_mcp_server.utils.db:1288 - 🔄 Attempting pool recovery (attempt 3/3)
2026-05-19 13:36:19.825 [INFO]     doris_mcp_server.utils.db:1288 - 🔄 Attempting pool recovery (attempt 1/3)
2026-05-19 13:36:19.904 [INFO]     doris_mcp_server.utils.db:1288 - 🔄 Attempting pool recovery (attempt 2/3)
2026-05-19 13:36:21.983 [INFO]     doris_mcp_server.utils.db:1288 - 🔄 Attempting pool recovery (attempt 3/3)
2026-05-19 13:36:54.135 [INFO]     doris_mcp_server.utils.db:1288 - 🔄 Attempting pool recovery (attempt 1/3)
2026-05-19 13:36:55.213 [INFO]     doris_mcp_server.utils.db:1288 - 🔄 Attempting pool recovery (attempt 2/3)
2026-05-19 13:36:58.283 [INFO]     doris_mcp_server.utils.db:1288 - 🔄 Attempting pool recovery (attempt 3/3)
2026-05-19 13:37:30.357 [INFO]     doris_mcp_server.utils.db:1288 - 🔄 Attempting pool recovery (attempt 1/3)
2026-05-19 13:37:30.421 [INFO]     doris_mcp_server.utils.db:1288 - 🔄 Attempting pool recovery (attempt 2/3)
2026-05-19 13:37:32.505 [INFO]     doris_mcp_server.utils.db:1288 - 🔄 Attempting pool recovery (attempt 3/3)
2026-05-19 13:38:04.591 [INFO]     doris_mcp_server.utils.db:1288 - 🔄 Attempting pool recovery (attempt 1/3)
2026-05-19 13:38:04.675 [INFO]     doris_mcp_server.utils.db:1288 - 🔄 Attempting pool recovery (attempt 2/3)
2026-05-19 13:38:06.733 [INFO]     doris_mcp_server.utils.db:1288 - 🔄 Attempting pool recovery (attempt 3/3)
2026-05-19 13:38:38.831 [INFO]     doris_mcp_server.utils.db:1288 - 🔄 Attempting pool recovery (attempt 1/3)
2026-05-19 13:38:38.908 [INFO]     doris_mcp_server.utils.db:1288 - 🔄 Attempting pool recovery (attempt 2/3)
2026-05-19 13:38:40.980 [INFO]     doris_mcp_server.utils.db:1288 - 🔄 Attempting pool recovery (attempt 3/3)
2026-05-19 13:39:13.060 [INFO]     doris_mcp_server.utils.db:1288 - 🔄 Attempting pool recovery (attempt 1/3)
2026-05-19 13:39:13.122 [INFO]     doris_mcp_server.utils.db:1288 - 🔄 Attempting pool recovery (attempt 2/3)
2026-05-19 13:39:16.202 [INFO]     doris_mcp_server.utils.db:1288 - 🔄 Attempting pool recovery (attempt 3/3)
2026-05-19 13:39:48.276 [INFO]     doris_mcp_server.utils.db:1288 - 🔄 Attempting pool recovery (attempt 1/3)
2026-05-19 13:39:48.369 [INFO]     doris_mcp_server.utils.db:1288 - 🔄 Attempting pool recovery (attempt 2/3)
2026-05-19 13:39:50.447 [INFO]     doris_mcp_server.utils.db:1288 - 🔄 Attempting pool recovery (attempt 3/3)
2026-05-19 13:40:22.541 [INFO]     doris_mcp_server.utils.db:1288 - 🔄 Attempting pool recovery (attempt 1/3)
2026-05-19 13:40:22.605 [INFO]     doris_mcp_server.utils.db:1288 - 🔄 Attempting pool recovery (attempt 2/3)
2026-05-19 13:40:24.680 [INFO]     doris_mcp_server.utils.db:1288 - 🔄 Attempting pool recovery (attempt 3/3)
2026-05-19 13:40:56.766 [INFO]     doris_mcp_server.utils.db:1288 - 🔄 Attempting pool recovery (attempt 1/3)
2026-05-19 13:40:56.845 [INFO]     doris_mcp_server.utils.db:1288 - 🔄 Attempting pool recovery (attempt 2/3)
2026-05-19 13:40:58.917 [INFO]     doris_mcp_server.utils.db:1288 - 🔄 Attempting pool recovery (attempt 3/3)
2026-05-19 13:41:30.991 [INFO]     doris_mcp_server.utils.db:1288 - 🔄 Attempting pool recovery (attempt 1/3)
2026-05-19 13:41:31.055 [INFO]     doris_mcp_server.utils.db:1288 - 🔄 Attempting pool recovery (attempt 2/3)
2026-05-19 13:41:33.110 [INFO]     doris_mcp_server.utils.db:1288 - 🔄 Attempting pool recovery (attempt 3/3)
2026-05-19 13:42:05.180 [INFO]     doris_mcp_server.utils.db:1288 - 🔄 Attempting pool recovery (attempt 1/3)
2026-05-19 13:42:05.267 [INFO]     doris_mcp_server.utils.db:1288 - 🔄 Attempting pool recovery (attempt 2/3)
2026-05-19 13:42:07.349 [INFO]     doris_mcp_server.utils.db:1288 - 🔄 Attempting pool recovery (attempt 3/3)
2026-05-19 13:42:39.413 [INFO]     doris_mcp_server.utils.db:1288 - 🔄 Attempting pool recovery (attempt 1/3)
2026-05-19 13:42:39.491 [INFO]     doris_mcp_server.utils.db:1288 - 🔄 Attempting pool recovery (attempt 2/3)
2026-05-19 13:42:41.565 [INFO]     doris_mcp_server.utils.db:1288 - 🔄 Attempting pool recovery (attempt 3/3)
2026-05-19 13:43:13.649 [INFO]     doris_mcp_server.utils.db:1288 - 🔄 Attempting pool recovery (attempt 1/3)
2026-05-19 13:43:13.734 [INFO]     doris_mcp_server.utils.db:1288 - 🔄 Attempting pool recovery (attempt 2/3)
2026-05-19 13:43:15.824 [INFO]     doris_mcp_server.utils.db:1288 - 🔄 Attempting pool recovery (attempt 3/3)
2026-05-19 13:43:47.925 [INFO]     doris_mcp_server.utils.db:1288 - 🔄 Attempting pool recovery (attempt 1/3)
2026-05-19 13:43:48.001 [INFO]     doris_mcp_server.utils.db:1288 - 🔄 Attempting pool recovery (attempt 2/3)
2026-05-19 13:43:50.083 [INFO]     doris_mcp_server.utils.db:1288 - 🔄 Attempting pool recovery (attempt 3/3)
2026-05-19 13:44:22.145 [INFO]     doris_mcp_server.utils.db:1288 - 🔄 Attempting pool recovery (attempt 1/3)
2026-05-19 13:44:22.194 [INFO]     doris_mcp_server.utils.db:1288 - 🔄 Attempting pool recovery (attempt 2/3)
2026-05-19 13:44:24.272 [INFO]     doris_mcp_server.utils.db:1288 - 🔄 Attempting pool recovery (attempt 3/3)
2026-05-19 13:44:56.337 [INFO]     doris_mcp_server.utils.db:1288 - 🔄 Attempting pool recovery (attempt 1/3)
2026-05-19 13:44:56.412 [INFO]     doris_mcp_server.utils.db:1288 - 🔄 Attempting pool recovery (attempt 2/3)
2026-05-19 13:44:58.477 [INFO]     doris_mcp_server.utils.db:1288 - 🔄 Attempting pool recovery (attempt 3/3)
2026-05-19 13:45:30.568 [INFO]     doris_mcp_server.utils.db:1288 - 🔄 Attempting pool recovery (attempt 1/3)
2026-05-19 13:45:30.651 [INFO]     doris_mcp_server.utils.db:1288 - 🔄 Attempting pool recovery (attempt 2/3)
2026-05-19 13:45:32.708 [INFO]     doris_mcp_server.utils.db:1288 - 🔄 Attempting pool recovery (attempt 3/3)
2026-05-19 13:46:04.790 [INFO]     doris_mcp_server.utils.db:1288 - 🔄 Attempting pool recovery (attempt 1/3)
2026-05-19 13:46:04.866 [INFO]     doris_mcp_server.utils.db:1288 - 🔄 Attempting pool recovery (attempt 2/3)
2026-05-19 13:46:06.920 [INFO]     doris_mcp_server.utils.db:1288 - 🔄 Attempting pool recovery (attempt 3/3)
2026-05-19 13:46:38.987 [INFO]     doris_mcp_server.utils.db:1288 - 🔄 Attempting pool recovery (attempt 1/3)
2026-05-19 13:46:39.057 [INFO]     doris_mcp_server.utils.db:1288 - 🔄 Attempting pool recovery (attempt 2/3)
2026-05-19 13:46:41.136 [INFO]     doris_mcp_server.utils.db:1288 - 🔄 Attempting pool recovery (attempt 3/3)
2026-05-19 13:47:13.211 [INFO]     doris_mcp_server.utils.db:1288 - 🔄 Attempting pool recovery (attempt 1/3)
2026-05-19 13:47:13.290 [INFO]     doris_mcp_server.utils.db:1288 - 🔄 Attempting pool recovery (attempt 2/3)
2026-05-19 13:47:15.355 [INFO]     doris_mcp_server.utils.db:1288 - 🔄 Attempting pool recovery (attempt 3/3)
2026-05-19 13:47:47.424 [INFO]     doris_mcp_server.utils.db:1288 - 🔄 Attempting pool recovery (attempt 1/3)
2026-05-19 13:47:47.505 [INFO]     doris_mcp_server.utils.db:1288 - 🔄 Attempting pool recovery (attempt 2/3)
2026-05-19 13:47:49.581 [INFO]     doris_mcp_server.utils.db:1288 - 🔄 Attempting pool recovery (attempt 3/3)
2026-05-19 13:48:21.643 [INFO]     doris_mcp_server.utils.db:1288 - 🔄 Attempting pool recovery (attempt 1/3)
2026-05-19 13:48:21.710 [INFO]     doris_mcp_server.utils.db:1288 - 🔄 Attempting pool recovery (attempt 2/3)
2026-05-19 13:48:23.806 [INFO]     doris_mcp_server.utils.db:1288 - 🔄 Attempting pool recovery (attempt 3/3)
2026-05-19 13:48:55.888 [INFO]     doris_mcp_server.utils.db:1288 - 🔄 Attempting pool recovery (attempt 1/3)
2026-05-19 13:48:55.964 [INFO]     doris_mcp_server.utils.db:1288 - 🔄 Attempting pool recovery (attempt 2/3)
2026-05-19 13:48:58.032 [INFO]     doris_mcp_server.utils.db:1288 - 🔄 Attempting pool recovery (attempt 3/3)
2026-05-19 13:49:30.101 [INFO]     doris_mcp_server.utils.db:1288 - 🔄 Attempting pool recovery (attempt 1/3)
2026-05-19 13:49:30.153 [INFO]     doris_mcp_server.utils.db:1288 - 🔄 Attempting pool recovery (attempt 2/3)
2026-05-19 13:49:32.216 [INFO]     doris_mcp_server.utils.db:1288 - 🔄 Attempting pool recovery (attempt 3/3)
2026-05-19 13:50:04.294 [INFO]     doris_mcp_server.utils.db:1288 - 🔄 Attempting pool recovery (attempt 1/3)
2026-05-19 13:50:04.371 [INFO]     doris_mcp_server.utils.db:1288 - 🔄 Attempting pool recovery (attempt 2/3)
2026-05-19 13:50:06.454 [INFO]     doris_mcp_server.utils.db:1288 - 🔄 Attempting pool recovery (attempt 3/3)
2026-05-19 13:50:38.517 [INFO]     doris_mcp_server.utils.db:1288 - 🔄 Attempting pool recovery (attempt 1/3)
2026-05-19 13:50:38.588 [INFO]     doris_mcp_server.utils.db:1288 - 🔄 Attempting pool recovery (attempt 2/3)
2026-05-19 13:50:40.683 [INFO]     doris_mcp_server.utils.db:1288 - 🔄 Attempting pool recovery (attempt 3/3)
2026-05-19 13:51:12.755 [INFO]     doris_mcp_server.utils.db:1288 - 🔄 Attempting pool recovery (attempt 1/3)
2026-05-19 13:51:12.833 [INFO]     doris_mcp_server.utils.db:1288 - 🔄 Attempting pool recovery (attempt 2/3)
2026-05-19 13:51:14.906 [INFO]     doris_mcp_server.utils.db:1288 - 🔄 Attempting pool recovery (attempt 3/3)
2026-05-19 13:51:46.990 [INFO]     doris_mcp_server.utils.db:1288 - 🔄 Attempting pool recovery (attempt 1/3)
2026-05-19 13:51:47.065 [INFO]     doris_mcp_server.utils.db:1288 - 🔄 Attempting pool recovery (attempt 2/3)
2026-05-19 13:51:49.132 [INFO]     doris_mcp_server.utils.db:1288 - 🔄 Attempting pool recovery (attempt 3/3)
2026-05-19 13:52:21.191 [INFO]     doris_mcp_server.utils.db:1288 - 🔄 Attempting pool recovery (attempt 1/3)
2026-05-19 13:52:21.267 [INFO]     doris_mcp_server.utils.db:1288 - 🔄 Attempting pool recovery (attempt 2/3)
2026-05-19 13:52:23.348 [INFO]     doris_mcp_server.utils.db:1288 - 🔄 Attempting pool recovery (attempt 3/3)
2026-05-19 13:52:55.426 [INFO]     doris_mcp_server.utils.db:1288 - 🔄 Attempting pool recovery (attempt 1/3)
2026-05-19 13:52:55.498 [INFO]     doris_mcp_server.utils.db:1288 - 🔄 Attempting pool recovery (attempt 2/3)
2026-05-19 13:52:57.589 [INFO]     doris_mcp_server.utils.db:1288 - 🔄 Attempting pool recovery (attempt 3/3)
2026-05-19 13:53:29.665 [INFO]     doris_mcp_server.utils.db:1288 - 🔄 Attempting pool recovery (attempt 1/3)
2026-05-19 13:53:29.745 [INFO]     doris_mcp_server.utils.db:1288 - 🔄 Attempting pool recovery (attempt 2/3)
2026-05-19 13:53:31.834 [INFO]     doris_mcp_server.utils.db:1288 - 🔄 Attempting pool recovery (attempt 3/3)
2026-05-19 13:54:03.904 [INFO]     doris_mcp_server.utils.db:1288 - 🔄 Attempting pool recovery (attempt 1/3)
2026-05-19 13:54:03.971 [INFO]     doris_mcp_server.utils.db:1288 - 🔄 Attempting pool recovery (attempt 2/3)
2026-05-19 13:54:06.069 [INFO]     doris_mcp_server.utils.db:1288 - 🔄 Attempting pool recovery (attempt 3/3)
2026-05-19 13:54:38.129 [INFO]     doris_mcp_server.utils.db:1288 - 🔄 Attempting pool recovery (attempt 1/3)
2026-05-19 13:54:38.187 [INFO]     doris_mcp_server.utils.db:1288 - 🔄 Attempting pool recovery (attempt 2/3)
2026-05-19 13:54:40.248 [INFO]     doris_mcp_server.utils.db:1288 - 🔄 Attempting pool recovery (attempt 3/3)
2026-05-19 13:55:12.317 [INFO]     doris_mcp_server.utils.db:1288 - 🔄 Attempting pool recovery (attempt 1/3)
2026-05-19 13:55:12.395 [INFO]     doris_mcp_server.utils.db:1288 - 🔄 Attempting pool recovery (attempt 2/3)
2026-05-19 13:55:14.448 [INFO]     doris_mcp_server.utils.db:1288 - 🔄 Attempting pool recovery (attempt 3/3)
2026-05-19 13:55:46.549 [INFO]     doris_mcp_server.utils.db:1288 - 🔄 Attempting pool recovery (attempt 1/3)
2026-05-19 13:55:46.625 [INFO]     doris_mcp_server.utils.db:1288 - 🔄 Attempting pool recovery (attempt 2/3)
2026-05-19 13:55:48.722 [INFO]     doris_mcp_server.utils.db:1288 - 🔄 Attempting pool recovery (attempt 3/3)
2026-05-19 13:56:20.800 [INFO]     doris_mcp_server.utils.db:1288 - 🔄 Attempting pool recovery (attempt 1/3)
2026-05-19 13:56:20.869 [INFO]     doris_mcp_server.utils.db:1288 - 🔄 Attempting pool recovery (attempt 2/3)
2026-05-19 13:56:22.970 [INFO]     doris_mcp_server.utils.db:1288 - 🔄 Attempting pool recovery (attempt 3/3)
2026-05-19 13:56:55.051 [INFO]     doris_mcp_server.utils.db:1288 - 🔄 Attempting pool recovery (attempt 1/3)
2026-05-19 13:56:55.112 [INFO]     doris_mcp_server.utils.db:1288 - 🔄 Attempting pool recovery (attempt 2/3)
2026-05-19 13:56:57.179 [INFO]     doris_mcp_server.utils.db:1288 - 🔄 Attempting pool recovery (attempt 3/3)
2026-05-19 13:57:29.245 [INFO]     doris_mcp_server.utils.db:1288 - 🔄 Attempting pool recovery (attempt 1/3)
2026-05-19 13:57:29.317 [INFO]     doris_mcp_server.utils.db:1288 - 🔄 Attempting pool recovery (attempt 2/3)
2026-05-19 13:57:31.387 [INFO]     doris_mcp_server.utils.db:1288 - 🔄 Attempting pool recovery (attempt 3/3)
2026-05-19 13:58:03.458 [INFO]     doris_mcp_server.utils.db:1288 - 🔄 Attempting pool recovery (attempt 1/3)
2026-05-19 13:58:03.557 [INFO]     doris_mcp_server.utils.db:1288 - 🔄 Attempting pool recovery (attempt 2/3)
2026-05-19 13:58:05.657 [INFO]     doris_mcp_server.utils.db:1288 - 🔄 Attempting pool recovery (attempt 3/3)
2026-05-19 13:58:37.737 [INFO]     doris_mcp_server.utils.db:1288 - 🔄 Attempting pool recovery (attempt 1/3)
2026-05-19 13:58:37.803 [INFO]     doris_mcp_server.utils.db:1288 - 🔄 Attempting pool recovery (attempt 2/3)
2026-05-19 13:58:39.887 [INFO]     doris_mcp_server.utils.db:1288 - 🔄 Attempting pool recovery (attempt 3/3)
2026-05-19 13:59:11.962 [INFO]     doris_mcp_server.utils.db:1288 - 🔄 Attempting pool recovery (attempt 1/3)
2026-05-19 13:59:12.021 [INFO]     doris_mcp_server.utils.db:1288 - 🔄 Attempting pool recovery (attempt 2/3)
2026-05-19 13:59:14.076 [INFO]     doris_mcp_server.utils.db:1288 - 🔄 Attempting pool recovery (attempt 3/3)
2026-05-19 13:59:46.158 [INFO]     doris_mcp_server.utils.db:1288 - 🔄 Attempting pool recovery (attempt 1/3)
2026-05-19 13:59:46.225 [INFO]     doris_mcp_server.utils.db:1288 - 🔄 Attempting pool recovery (attempt 2/3)
2026-05-19 13:59:48.286 [INFO]     doris_mcp_server.utils.db:1288 - 🔄 Attempting pool recovery (attempt 3/3)
2026-05-19 14:00:20.355 [INFO]     doris_mcp_server.utils.db:1288 - 🔄 Attempting pool recovery (attempt 1/3)
2026-05-19 14:00:20.431 [INFO]     doris_mcp_server.utils.db:1288 - 🔄 Attempting pool recovery (attempt 2/3)
2026-05-19 14:00:22.535 [INFO]     doris_mcp_server.utils.db:1288 - 🔄 Attempting pool recovery (attempt 3/3)
2026-05-19 14:00:54.616 [INFO]     doris_mcp_server.utils.db:1288 - 🔄 Attempting pool recovery (attempt 1/3)
2026-05-19 14:00:54.684 [INFO]     doris_mcp_server.utils.db:1288 - 🔄 Attempting pool recovery (attempt 2/3)
2026-05-19 14:00:56.785 [INFO]     doris_mcp_server.utils.db:1288 - 🔄 Attempting pool recovery (attempt 3/3)
2026-05-19 14:01:28.861 [INFO]     doris_mcp_server.utils.db:1288 - 🔄 Attempting pool recovery (attempt 1/3)
2026-05-19 14:01:28.931 [INFO]     doris_mcp_server.utils.db:1288 - 🔄 Attempting pool recovery (attempt 2/3)
2026-05-19 14:01:31.010 [INFO]     doris_mcp_server.utils.db:1288 - 🔄 Attempting pool recovery (attempt 3/3)
2026-05-19 14:02:03.072 [INFO]     doris_mcp_server.utils.db:1288 - 🔄 Attempting pool recovery (attempt 1/3)
2026-05-19 14:02:03.143 [INFO]     doris_mcp_server.utils.db:1288 - 🔄 Attempting pool recovery (attempt 2/3)
2026-05-19 14:02:05.207 [INFO]     doris_mcp_server.utils.db:1288 - 🔄 Attempting pool recovery (attempt 3/3)
2026-05-19 14:02:37.295 [INFO]     doris_mcp_server.utils.db:1288 - 🔄 Attempting pool recovery (attempt 1/3)
2026-05-19 14:02:37.362 [INFO]     doris_mcp_server.utils.db:1288 - 🔄 Attempting pool recovery (attempt 2/3)
2026-05-19 14:02:39.445 [INFO]     doris_mcp_server.utils.db:1288 - 🔄 Attempting pool recovery (attempt 3/3)
2026-05-19 14:03:11.523 [INFO]     doris_mcp_server.utils.db:1288 - 🔄 Attempting pool recovery (attempt 1/3)
2026-05-19 14:03:11.609 [INFO]     doris_mcp_server.utils.db:1288 - 🔄 Attempting pool recovery (attempt 2/3)
2026-05-19 14:03:13.692 [INFO]     doris_mcp_server.utils.db:1288 - 🔄 Attempting pool recovery (attempt 3/3)
2026-05-19 14:03:45.789 [INFO]     doris_mcp_server.utils.db:1288 - 🔄 Attempting pool recovery (attempt 1/3)
2026-05-19 14:03:45.874 [INFO]     doris_mcp_server.utils.db:1288 - 🔄 Attempting pool recovery (attempt 2/3)
2026-05-19 14:03:47.957 [INFO]     doris_mcp_server.utils.db:1288 - 🔄 Attempting pool recovery (attempt 3/3)
2026-05-19 14:04:20.024 [INFO]     doris_mcp_server.utils.db:1288 - 🔄 Attempting pool recovery (attempt 1/3)
2026-05-19 14:04:20.100 [INFO]     doris_mcp_server.utils.db:1288 - 🔄 Attempting pool recovery (attempt 2/3)
2026-05-19 14:04:22.185 [INFO]     doris_mcp_server.utils.db:1288 - 🔄 Attempting pool recovery (attempt 3/3)
2026-05-19 14:04:54.259 [INFO]     doris_mcp_server.utils.db:1288 - 🔄 Attempting pool recovery (attempt 1/3)
2026-05-19 14:04:54.329 [INFO]     doris_mcp_server.utils.db:1288 - 🔄 Attempting pool recovery (attempt 2/3)
2026-05-19 14:04:56.392 [INFO]     doris_mcp_server.utils.db:1288 - 🔄 Attempting pool recovery (attempt 3/3)
2026-05-19 14:05:28.466 [INFO]     doris_mcp_server.utils.db:1288 - 🔄 Attempting pool recovery (attempt 1/3)
2026-05-19 14:05:28.542 [INFO]     doris_mcp_server.utils.db:1288 - 🔄 Attempting pool recovery (attempt 2/3)
2026-05-19 14:05:30.610 [INFO]     doris_mcp_server.utils.db:1288 - 🔄 Attempting pool recovery (attempt 3/3)
2026-05-19 14:06:02.689 [INFO]     doris_mcp_server.utils.db:1288 - 🔄 Attempting pool recovery (attempt 1/3)
2026-05-19 14:06:02.766 [INFO]     doris_mcp_server.utils.db:1288 - 🔄 Attempting pool recovery (attempt 2/3)
2026-05-19 14:06:04.851 [INFO]     doris_mcp_server.utils.db:1288 - 🔄 Attempting pool recovery (attempt 3/3)
2026-05-19 14:06:36.940 [INFO]     doris_mcp_server.utils.db:1288 - 🔄 Attempting pool recovery (attempt 1/3)
2026-05-19 14:06:37.021 [INFO]     doris_mcp_server.utils.db:1288 - 🔄 Attempting pool recovery (attempt 2/3)
2026-05-19 14:06:39.090 [INFO]     doris_mcp_server.utils.db:1288 - 🔄 Attempting pool recovery (attempt 3/3)
2026-05-19 14:07:11.157 [INFO]     doris_mcp_server.utils.db:1288 - 🔄 Attempting pool recovery (attempt 1/3)
2026-05-19 14:07:11.218 [INFO]     doris_mcp_server.utils.db:1288 - 🔄 Attempting pool recovery (attempt 2/3)
2026-05-19 14:07:13.281 [INFO]     doris_mcp_server.utils.db:1288 - 🔄 Attempting pool recovery (attempt 3/3)
2026-05-19 14:07:45.354 [INFO]     doris_mcp_server.utils.db:1288 - 🔄 Attempting pool recovery (attempt 1/3)
2026-05-19 14:07:45.434 [INFO]     doris_mcp_server.utils.db:1288 - 🔄 Attempting pool recovery (attempt 2/3)
2026-05-19 14:07:47.515 [INFO]     doris_mcp_server.utils.db:1288 - 🔄 Attempting pool recovery (attempt 3/3)
2026-05-19 14:08:19.622 [INFO]     doris_mcp_server.utils.db:1288 - 🔄 Attempting pool recovery (attempt 1/3)
2026-05-19 14:08:19.689 [INFO]     doris_mcp_server.utils.db:1288 - 🔄 Attempting pool recovery (attempt 2/3)
2026-05-19 14:08:21.760 [INFO]     doris_mcp_server.utils.db:1288 - 🔄 Attempting pool recovery (attempt 3/3)
2026-05-19 14:08:53.838 [INFO]     doris_mcp_server.utils.db:1288 - 🔄 Attempting pool recovery (attempt 1/3)
2026-05-19 14:08:53.937 [INFO]     doris_mcp_server.utils.db:1288 - 🔄 Attempting pool recovery (attempt 2/3)
2026-05-19 14:08:56.008 [INFO]     doris_mcp_server.utils.db:1288 - 🔄 Attempting pool recovery (attempt 3/3)
2026-05-19 14:09:28.089 [INFO]     doris_mcp_server.utils.db:1288 - 🔄 Attempting pool recovery (attempt 1/3)
2026-05-19 14:09:28.166 [INFO]     doris_mcp_server.utils.db:1288 - 🔄 Attempting pool recovery (attempt 2/3)
2026-05-19 14:09:30.238 [INFO]     doris_mcp_server.utils.db:1288 - 🔄 Attempting pool recovery (attempt 3/3)
2026-05-19 14:10:02.319 [INFO]     doris_mcp_server.utils.db:1288 - 🔄 Attempting pool recovery (attempt 1/3)
2026-05-19 14:10:02.380 [INFO]     doris_mcp_server.utils.db:1288 - 🔄 Attempting pool recovery (attempt 2/3)
2026-05-19 14:10:04.452 [INFO]     doris_mcp_server.utils.db:1288 - 🔄 Attempting pool recovery (attempt 3/3)
2026-05-19 14:10:36.533 [INFO]     doris_mcp_server.utils.db:1288 - 🔄 Attempting pool recovery (attempt 1/3)
2026-05-19 14:10:36.611 [INFO]     doris_mcp_server.utils.db:1288 - 🔄 Attempting pool recovery (attempt 2/3)
2026-05-19 14:10:38.669 [INFO]     doris_mcp_server.utils.db:1288 - 🔄 Attempting pool recovery (attempt 3/3)
2026-05-19 14:11:10.760 [INFO]     doris_mcp_server.utils.db:1288 - 🔄 Attempting pool recovery (attempt 1/3)
2026-05-19 14:11:10.840 [INFO]     doris_mcp_server.utils.db:1288 - 🔄 Attempting pool recovery (attempt 2/3)
2026-05-19 14:11:12.917 [INFO]     doris_mcp_server.utils.db:1288 - 🔄 Attempting pool recovery (attempt 3/3)
2026-05-19 14:11:45.023 [INFO]     doris_mcp_server.utils.db:1288 - 🔄 Attempting pool recovery (attempt 1/3)
2026-05-19 14:11:45.093 [INFO]     doris_mcp_server.utils.db:1288 - 🔄 Attempting pool recovery (attempt 2/3)
2026-05-19 14:11:47.171 [INFO]     doris_mcp_server.utils.db:1288 - 🔄 Attempting pool recovery (attempt 3/3)
2026-05-19 14:12:19.244 [INFO]     doris_mcp_server.utils.db:1288 - 🔄 Attempting pool recovery (attempt 1/3)
2026-05-19 14:12:19.445 [INFO]     doris_mcp_server.utils.db:1329 - ✅ Pool recovery successful on attempt 1
2026-05-19 14:12:19.445 [INFO]     doris_mcp_server.utils.db:1146 - 🔥 Warming up connection pool with 3 connections
2026-05-19 14:12:19.721 [INFO]     doris_mcp_server.utils.db:1167 - ✅ Pool warmup completed, 2 connections created
2026-05-19 17:36:44.230 [INFO]     doris_mcp_server.utils.db:1288 - 🔄 Attempting pool recovery (attempt 1/3)
2026-05-19 17:36:44.362 [INFO]     doris_mcp_server.utils.db:1329 - ✅ Pool recovery successful on attempt 1
2026-05-19 17:36:44.363 [INFO]     doris_mcp_server.utils.db:1146 - 🔥 Warming up connection pool with 3 connections
2026-05-19 17:36:44.542 [INFO]     doris_mcp_server.utils.db:1167 - ✅ Pool warmup completed, 3 connections created
2026-05-19 18:19:33.411 [INFO]     doris_mcp_server.utils.db:1288 - 🔄 Attempting pool recovery (attempt 1/3)
2026-05-19 18:19:34.528 [INFO]     doris_mcp_server.utils.db:1329 - ✅ Pool recovery successful on attempt 1
2026-05-19 18:19:34.528 [INFO]     doris_mcp_server.utils.db:1146 - 🔥 Warming up connection pool with 3 connections
2026-05-19 18:19:34.745 [INFO]     doris_mcp_server.utils.db:1167 - ✅ Pool warmup completed, 3 connections created
2026-05-19 18:36:19.581 [INFO]     doris_mcp_server.utils.db:1288 - 🔄 Attempting pool recovery (attempt 1/3)
2026-05-19 18:36:19.719 [INFO]     doris_mcp_server.utils.db:1329 - ✅ Pool recovery successful on attempt 1
2026-05-19 18:36:19.720 [INFO]     doris_mcp_server.utils.db:1146 - 🔥 Warming up connection pool with 3 connections
2026-05-19 18:36:19.930 [INFO]     doris_mcp_server.utils.db:1167 - ✅ Pool warmup completed, 3 connections created
2026-05-19 18:52:20.436 [INFO]     doris_mcp_server.utils.db:1288 - 🔄 Attempting pool recovery (attempt 1/3)
2026-05-19 18:52:23.547 [INFO]     doris_mcp_server.utils.db:1329 - ✅ Pool recovery successful on attempt 1
2026-05-19 18:52:23.547 [INFO]     doris_mcp_server.utils.db:1146 - 🔥 Warming up connection pool with 3 connections
2026-05-19 18:52:23.756 [INFO]     doris_mcp_server.utils.db:1167 - ✅ Pool warmup completed, 3 connections created
2026-05-19 19:11:51.402 [INFO]     doris_mcp_server.utils.db:1288 - 🔄 Attempting pool recovery (attempt 1/3)
2026-05-19 19:11:52.535 [INFO]     doris_mcp_server.utils.db:1329 - ✅ Pool recovery successful on attempt 1
2026-05-19 19:11:52.536 [INFO]     doris_mcp_server.utils.db:1146 - 🔥 Warming up connection pool with 3 connections
2026-05-19 19:11:52.706 [INFO]     doris_mcp_server.utils.db:1167 - ✅ Pool warmup completed, 3 connections created
2026-05-19 19:31:49.590 [INFO]     doris_mcp_server.utils.db:1288 - 🔄 Attempting pool recovery (attempt 1/3)
2026-05-19 19:31:49.711 [INFO]     doris_mcp_server.utils.db:1329 - ✅ Pool recovery successful on attempt 1
2026-05-19 19:31:49.712 [INFO]     doris_mcp_server.utils.db:1146 - 🔥 Warming up connection pool with 3 connections
2026-05-19 19:31:49.905 [INFO]     doris_mcp_server.utils.db:1167 - ✅ Pool warmup completed, 3 connections created
2026-05-19 19:49:51.998 [INFO]     doris_mcp_server.utils.db:1288 - 🔄 Attempting pool recovery (attempt 1/3)
2026-05-19 19:49:52.088 [INFO]     doris_mcp_server.utils.db:1329 - ✅ Pool recovery successful on attempt 1
2026-05-19 19:49:52.088 [INFO]     doris_mcp_server.utils.db:1146 - 🔥 Warming up connection pool with 3 connections
2026-05-19 19:49:52.278 [INFO]     doris_mcp_server.utils.db:1167 - ✅ Pool warmup completed, 3 connections created
2026-05-19 20:03:22.225 [INFO]     doris_mcp_server.utils.db:1288 - 🔄 Attempting pool recovery (attempt 1/3)
2026-05-19 20:03:22.340 [INFO]     doris_mcp_server.utils.db:1329 - ✅ Pool recovery successful on attempt 1
2026-05-19 20:03:22.340 [INFO]     doris_mcp_server.utils.db:1146 - 🔥 Warming up connection pool with 3 connections
2026-05-19 20:03:22.494 [INFO]     doris_mcp_server.utils.db:1167 - ✅ Pool warmup completed, 3 connections created
2026-05-19 20:19:50.431 [INFO]     doris_mcp_server.utils.db:1288 - 🔄 Attempting pool recovery (attempt 1/3)
2026-05-19 20:19:53.520 [INFO]     doris_mcp_server.utils.db:1329 - ✅ Pool recovery successful on attempt 1
2026-05-19 20:19:53.521 [INFO]     doris_mcp_server.utils.db:1146 - 🔥 Warming up connection pool with 3 connections
2026-05-19 20:19:53.754 [INFO]     doris_mcp_server.utils.db:1167 - ✅ Pool warmup completed, 3 connections created
2026-05-19 20:37:56.915 [INFO]     doris_mcp_server.utils.db:1288 - 🔄 Attempting pool recovery (attempt 1/3)
2026-05-19 20:54:03.536 [INFO]     doris_mcp_server.utils.db:1329 - ✅ Pool recovery successful on attempt 1
2026-05-19 20:54:03.538 [INFO]     doris_mcp_server.utils.db:1146 - 🔥 Warming up connection pool with 3 connections
2026-05-19 20:54:03.759 [INFO]     doris_mcp_server.utils.db:1167 - ✅ Pool warmup completed, 3 connections created
2026-05-19 21:12:44.000 [INFO]     doris_mcp_server.utils.db:1288 - 🔄 Attempting pool recovery (attempt 1/3)
2026-05-19 21:12:44.095 [INFO]     doris_mcp_server.utils.db:1329 - ✅ Pool recovery successful on attempt 1
2026-05-19 21:12:44.096 [INFO]     doris_mcp_server.utils.db:1146 - 🔥 Warming up connection pool with 3 connections
2026-05-19 21:12:44.284 [INFO]     doris_mcp_server.utils.db:1167 - ✅ Pool warmup completed, 3 connections created
2026-05-19 21:28:41.474 [INFO]     doris_mcp_server.utils.db:1288 - 🔄 Attempting pool recovery (attempt 1/3)
2026-05-19 21:28:44.572 [INFO]     doris_mcp_server.utils.db:1329 - ✅ Pool recovery successful on attempt 1
2026-05-19 21:28:44.573 [INFO]     doris_mcp_server.utils.db:1146 - 🔥 Warming up connection pool with 3 connections
2026-05-19 21:28:44.777 [INFO]     doris_mcp_server.utils.db:1167 - ✅ Pool warmup completed, 3 connections created
2026-05-19 21:45:36.761 [INFO]     doris_mcp_server.utils.db:1288 - 🔄 Attempting pool recovery (attempt 1/3)
2026-05-19 21:45:39.896 [INFO]     doris_mcp_server.utils.db:1329 - ✅ Pool recovery successful on attempt 1
2026-05-19 21:45:39.896 [INFO]     doris_mcp_server.utils.db:1146 - 🔥 Warming up connection pool with 3 connections
2026-05-19 21:45:40.113 [INFO]     doris_mcp_server.utils.db:1167 - ✅ Pool warmup completed, 3 connections created
2026-05-19 22:02:37.192 [INFO]     doris_mcp_server.utils.db:1288 - 🔄 Attempting pool recovery (attempt 1/3)
2026-05-19 22:02:40.322 [INFO]     doris_mcp_server.utils.db:1329 - ✅ Pool recovery successful on attempt 1
2026-05-19 22:02:40.323 [INFO]     doris_mcp_server.utils.db:1146 - 🔥 Warming up connection pool with 3 connections
2026-05-19 22:02:40.490 [INFO]     doris_mcp_server.utils.db:1167 - ✅ Pool warmup completed, 3 connections created
2026-05-19 22:19:08.616 [INFO]     doris_mcp_server.utils.db:1288 - 🔄 Attempting pool recovery (attempt 1/3)
2026-05-19 22:19:08.729 [INFO]     doris_mcp_server.utils.db:1329 - ✅ Pool recovery successful on attempt 1
2026-05-19 22:19:08.730 [INFO]     doris_mcp_server.utils.db:1146 - 🔥 Warming up connection pool with 3 connections
2026-05-19 22:19:08.881 [INFO]     doris_mcp_server.utils.db:1167 - ✅ Pool warmup completed, 3 connections created
2026-05-19 22:36:12.039 [INFO]     doris_mcp_server.utils.db:1288 - 🔄 Attempting pool recovery (attempt 1/3)
2026-05-19 22:52:58.809 [INFO]     doris_mcp_server.utils.db:1329 - ✅ Pool recovery successful on attempt 1
2026-05-19 22:52:58.809 [INFO]     doris_mcp_server.utils.db:1146 - 🔥 Warming up connection pool with 3 connections
2026-05-19 22:52:58.983 [INFO]     doris_mcp_server.utils.db:1167 - ✅ Pool warmup completed, 3 connections created
2026-05-19 23:10:07.959 [INFO]     doris_mcp_server.utils.db:1288 - 🔄 Attempting pool recovery (attempt 1/3)
2026-05-19 23:27:06.732 [INFO]     doris_mcp_server.utils.db:1329 - ✅ Pool recovery successful on attempt 1
2026-05-19 23:27:06.733 [INFO]     doris_mcp_server.utils.db:1146 - 🔥 Warming up connection pool with 3 connections
2026-05-19 23:27:06.936 [INFO]     doris_mcp_server.utils.db:1167 - ✅ Pool warmup completed, 3 connections created
2026-05-19 23:43:24.126 [INFO]     doris_mcp_server.utils.db:1288 - 🔄 Attempting pool recovery (attempt 1/3)
2026-05-19 23:43:24.263 [INFO]     doris_mcp_server.utils.db:1329 - ✅ Pool recovery successful on attempt 1
2026-05-19 23:43:24.263 [INFO]     doris_mcp_server.utils.db:1146 - 🔥 Warming up connection pool with 3 connections
2026-05-19 23:43:24.472 [INFO]     doris_mcp_server.utils.db:1167 - ✅ Pool warmup completed, 3 connections created
2026-05-19 23:59:27.602 [INFO]     doris_mcp_server.utils.db:1288 - 🔄 Attempting pool recovery (attempt 1/3)
2026-05-19 23:59:30.707 [INFO]     doris_mcp_server.utils.db:1329 - ✅ Pool recovery successful on attempt 1
2026-05-19 23:59:30.707 [INFO]     doris_mcp_server.utils.db:1146 - 🔥 Warming up connection pool with 3 connections
2026-05-19 23:59:30.901 [INFO]     doris_mcp_server.utils.db:1167 - ✅ Pool warmup completed, 3 connections created
2026-05-20 00:17:08.933 [INFO]     doris_mcp_server.utils.db:1288 - 🔄 Attempting pool recovery (attempt 1/3)
2026-05-20 00:17:12.051 [INFO]     doris_mcp_server.utils.db:1329 - ✅ Pool recovery successful on attempt 1
2026-05-20 00:17:12.052 [INFO]     doris_mcp_server.utils.db:1146 - 🔥 Warming up connection pool with 3 connections
2026-05-20 00:17:12.228 [INFO]     doris_mcp_server.utils.db:1167 - ✅ Pool warmup completed, 3 connections created
2026-05-20 00:34:48.305 [INFO]     doris_mcp_server.utils.db:1288 - 🔄 Attempting pool recovery (attempt 1/3)
2026-05-20 00:49:58.497 [INFO]     doris_mcp_server.utils.db:1329 - ✅ Pool recovery successful on attempt 1
2026-05-20 00:49:58.498 [INFO]     doris_mcp_server.utils.db:1146 - 🔥 Warming up connection pool with 3 connections
2026-05-20 00:49:58.906 [INFO]     doris_mcp_server.utils.db:1167 - ✅ Pool warmup completed, 3 connections created
2026-05-20 01:06:51.108 [INFO]     doris_mcp_server.utils.db:1288 - 🔄 Attempting pool recovery (attempt 1/3)
2026-05-20 01:06:51.242 [INFO]     doris_mcp_server.utils.db:1329 - ✅ Pool recovery successful on attempt 1
2026-05-20 01:06:51.243 [INFO]     doris_mcp_server.utils.db:1146 - 🔥 Warming up connection pool with 3 connections
2026-05-20 01:06:51.423 [INFO]     doris_mcp_server.utils.db:1167 - ✅ Pool warmup completed, 3 connections created
2026-05-20 01:35:28.752 [INFO]     doris_mcp_server.utils.db:1288 - 🔄 Attempting pool recovery (attempt 1/3)
2026-05-20 01:35:31.879 [INFO]     doris_mcp_server.utils.db:1329 - ✅ Pool recovery successful on attempt 1
2026-05-20 01:35:31.880 [INFO]     doris_mcp_server.utils.db:1146 - 🔥 Warming up connection pool with 3 connections
2026-05-20 01:35:32.073 [INFO]     doris_mcp_server.utils.db:1167 - ✅ Pool warmup completed, 3 connections created
2026-05-20 01:53:38.569 [INFO]     doris_mcp_server.utils.db:1288 - 🔄 Attempting pool recovery (attempt 1/3)
2026-05-20 01:53:38.717 [INFO]     doris_mcp_server.utils.db:1329 - ✅ Pool recovery successful on attempt 1
2026-05-20 01:53:38.718 [INFO]     doris_mcp_server.utils.db:1146 - 🔥 Warming up connection pool with 3 connections
2026-05-20 01:53:38.916 [INFO]     doris_mcp_server.utils.db:1167 - ✅ Pool warmup completed, 3 connections created
2026-05-20 02:10:43.401 [INFO]     doris_mcp_server.utils.db:1288 - 🔄 Attempting pool recovery (attempt 1/3)
2026-05-20 02:10:43.521 [INFO]     doris_mcp_server.utils.db:1329 - ✅ Pool recovery successful on attempt 1
2026-05-20 02:10:43.521 [INFO]     doris_mcp_server.utils.db:1146 - 🔥 Warming up connection pool with 3 connections
2026-05-20 02:10:43.723 [INFO]     doris_mcp_server.utils.db:1167 - ✅ Pool warmup completed, 3 connections created
2026-05-20 02:27:25.061 [INFO]     doris_mcp_server.utils.db:1288 - 🔄 Attempting pool recovery (attempt 1/3)
2026-05-20 02:27:25.179 [INFO]     doris_mcp_server.utils.db:1329 - ✅ Pool recovery successful on attempt 1
2026-05-20 02:27:25.179 [INFO]     doris_mcp_server.utils.db:1146 - 🔥 Warming up connection pool with 3 connections
2026-05-20 02:27:25.363 [INFO]     doris_mcp_server.utils.db:1167 - ✅ Pool warmup completed, 3 connections created
2026-05-20 02:43:24.515 [INFO]     doris_mcp_server.utils.db:1288 - 🔄 Attempting pool recovery (attempt 1/3)
2026-05-20 02:43:27.653 [INFO]     doris_mcp_server.utils.db:1329 - ✅ Pool recovery successful on attempt 1
2026-05-20 02:43:27.654 [INFO]     doris_mcp_server.utils.db:1146 - 🔥 Warming up connection pool with 3 connections
2026-05-20 02:43:27.827 [INFO]     doris_mcp_server.utils.db:1167 - ✅ Pool warmup completed, 3 connections created
2026-05-20 03:00:44.670 [INFO]     doris_mcp_server.utils.db:1288 - 🔄 Attempting pool recovery (attempt 1/3)
2026-05-20 03:00:44.800 [INFO]     doris_mcp_server.utils.db:1329 - ✅ Pool recovery successful on attempt 1
2026-05-20 03:00:44.801 [INFO]     doris_mcp_server.utils.db:1146 - 🔥 Warming up connection pool with 3 connections
2026-05-20 03:00:44.972 [INFO]     doris_mcp_server.utils.db:1167 - ✅ Pool warmup completed, 3 connections created
2026-05-20 03:16:43.207 [INFO]     doris_mcp_server.utils.db:1288 - 🔄 Attempting pool recovery (attempt 1/3)
2026-05-20 03:16:46.322 [INFO]     doris_mcp_server.utils.db:1329 - ✅ Pool recovery successful on attempt 1
2026-05-20 03:16:46.322 [INFO]     doris_mcp_server.utils.db:1146 - 🔥 Warming up connection pool with 3 connections
2026-05-20 03:16:46.507 [INFO]     doris_mcp_server.utils.db:1167 - ✅ Pool warmup completed, 3 connections created
2026-05-20 03:33:08.714 [INFO]     doris_mcp_server.utils.db:1288 - 🔄 Attempting pool recovery (attempt 1/3)
2026-05-20 03:49:18.518 [INFO]     doris_mcp_server.utils.db:1329 - ✅ Pool recovery successful on attempt 1
2026-05-20 03:49:18.518 [INFO]     doris_mcp_server.utils.db:1146 - 🔥 Warming up connection pool with 3 connections
2026-05-20 03:49:18.715 [INFO]     doris_mcp_server.utils.db:1167 - ✅ Pool warmup completed, 3 connections created
2026-05-20 04:07:51.103 [INFO]     doris_mcp_server.utils.db:1288 - 🔄 Attempting pool recovery (attempt 1/3)
2026-05-20 04:25:03.773 [INFO]     doris_mcp_server.utils.db:1329 - ✅ Pool recovery successful on attempt 1
2026-05-20 04:25:03.773 [INFO]     doris_mcp_server.utils.db:1146 - 🔥 Warming up connection pool with 3 connections
2026-05-20 04:25:03.964 [INFO]     doris_mcp_server.utils.db:1167 - ✅ Pool warmup completed, 3 connections created
2026-05-20 04:42:25.762 [INFO]     doris_mcp_server.utils.db:1288 - 🔄 Attempting pool recovery (attempt 1/3)
2026-05-20 04:42:28.923 [INFO]     doris_mcp_server.utils.db:1329 - ✅ Pool recovery successful on attempt 1
2026-05-20 04:42:28.923 [INFO]     doris_mcp_server.utils.db:1146 - 🔥 Warming up connection pool with 3 connections
2026-05-20 04:42:29.095 [INFO]     doris_mcp_server.utils.db:1167 - ✅ Pool warmup completed, 3 connections created
2026-05-20 05:00:42.635 [INFO]     doris_mcp_server.utils.db:1288 - 🔄 Attempting pool recovery (attempt 1/3)
2026-05-20 05:00:45.765 [INFO]     doris_mcp_server.utils.db:1329 - ✅ Pool recovery successful on attempt 1
2026-05-20 05:00:45.765 [INFO]     doris_mcp_server.utils.db:1146 - 🔥 Warming up connection pool with 3 connections
2026-05-20 05:00:45.953 [INFO]     doris_mcp_server.utils.db:1167 - ✅ Pool warmup completed, 3 connections created
2026-05-20 05:34:35.124 [INFO]     doris_mcp_server.utils.db:1288 - 🔄 Attempting pool recovery (attempt 1/3)
2026-05-20 05:34:38.230 [INFO]     doris_mcp_server.utils.db:1329 - ✅ Pool recovery successful on attempt 1
2026-05-20 05:34:38.231 [INFO]     doris_mcp_server.utils.db:1146 - 🔥 Warming up connection pool with 3 connections
2026-05-20 05:34:38.391 [INFO]     doris_mcp_server.utils.db:1167 - ✅ Pool warmup completed, 3 connections created
2026-05-20 05:52:24.084 [INFO]     doris_mcp_server.utils.db:1288 - 🔄 Attempting pool recovery (attempt 1/3)
2026-05-20 05:52:24.264 [INFO]     doris_mcp_server.utils.db:1329 - ✅ Pool recovery successful on attempt 1
2026-05-20 05:52:24.265 [INFO]     doris_mcp_server.utils.db:1146 - 🔥 Warming up connection pool with 3 connections
2026-05-20 05:52:24.443 [INFO]     doris_mcp_server.utils.db:1167 - ✅ Pool warmup completed, 3 connections created
2026-05-20 06:08:23.711 [INFO]     doris_mcp_server.utils.db:1288 - 🔄 Attempting pool recovery (attempt 1/3)
2026-05-20 06:08:23.840 [INFO]     doris_mcp_server.utils.db:1329 - ✅ Pool recovery successful on attempt 1
2026-05-20 06:08:23.840 [INFO]     doris_mcp_server.utils.db:1146 - 🔥 Warming up connection pool with 3 connections
2026-05-20 06:08:24.032 [INFO]     doris_mcp_server.utils.db:1167 - ✅ Pool warmup completed, 3 connections created
2026-05-20 06:24:48.735 [INFO]     doris_mcp_server.utils.db:1288 - 🔄 Attempting pool recovery (attempt 1/3)
2026-05-20 06:24:51.859 [INFO]     doris_mcp_server.utils.db:1329 - ✅ Pool recovery successful on attempt 1
2026-05-20 06:24:51.859 [INFO]     doris_mcp_server.utils.db:1146 - 🔥 Warming up connection pool with 3 connections
2026-05-20 06:24:52.010 [INFO]     doris_mcp_server.utils.db:1167 - ✅ Pool warmup completed, 3 connections created
2026-05-20 06:42:25.810 [INFO]     doris_mcp_server.utils.db:1288 - 🔄 Attempting pool recovery (attempt 1/3)
2026-05-20 06:42:28.930 [INFO]     doris_mcp_server.utils.db:1329 - ✅ Pool recovery successful on attempt 1
2026-05-20 06:42:28.930 [INFO]     doris_mcp_server.utils.db:1146 - 🔥 Warming up connection pool with 3 connections
2026-05-20 06:42:29.123 [INFO]     doris_mcp_server.utils.db:1167 - ✅ Pool warmup completed, 3 connections created
2026-05-20 07:08:27.056 [INFO]     doris_mcp_server.utils.db:1288 - 🔄 Attempting pool recovery (attempt 1/3)
2026-05-20 07:08:30.166 [INFO]     doris_mcp_server.utils.db:1329 - ✅ Pool recovery successful on attempt 1
2026-05-20 07:08:30.166 [INFO]     doris_mcp_server.utils.db:1146 - 🔥 Warming up connection pool with 3 connections
2026-05-20 07:08:30.370 [INFO]     doris_mcp_server.utils.db:1167 - ✅ Pool warmup completed, 3 connections created
2026-05-20 07:24:52.422 [INFO]     doris_mcp_server.utils.db:1288 - 🔄 Attempting pool recovery (attempt 1/3)
2026-05-20 07:24:55.550 [INFO]     doris_mcp_server.utils.db:1329 - ✅ Pool recovery successful on attempt 1
2026-05-20 07:24:55.551 [INFO]     doris_mcp_server.utils.db:1146 - 🔥 Warming up connection pool with 3 connections
2026-05-20 07:24:55.750 [INFO]     doris_mcp_server.utils.db:1167 - ✅ Pool warmup completed, 3 connections created
2026-05-20 07:42:13.523 [INFO]     doris_mcp_server.utils.db:1288 - 🔄 Attempting pool recovery (attempt 1/3)
2026-05-20 07:42:16.639 [INFO]     doris_mcp_server.utils.db:1329 - ✅ Pool recovery successful on attempt 1
2026-05-20 07:42:16.640 [INFO]     doris_mcp_server.utils.db:1146 - 🔥 Warming up connection pool with 3 connections
2026-05-20 07:42:16.831 [INFO]     doris_mcp_server.utils.db:1167 - ✅ Pool warmup completed, 3 connections created
2026-05-20 07:54:05.105 [INFO]     doris_mcp_server.utils.db:1288 - 🔄 Attempting pool recovery (attempt 1/3)
2026-05-20 07:54:05.209 [INFO]     doris_mcp_server.utils.db:1329 - ✅ Pool recovery successful on attempt 1
2026-05-20 07:54:05.209 [INFO]     doris_mcp_server.utils.db:1146 - 🔥 Warming up connection pool with 3 connections
2026-05-20 07:54:05.396 [INFO]     doris_mcp_server.utils.db:1167 - ✅ Pool warmup completed, 3 connections created
2026-05-20 08:12:13.231 [INFO]     doris_mcp_server.utils.db:1288 - 🔄 Attempting pool recovery (attempt 1/3)
2026-05-20 08:12:13.370 [INFO]     doris_mcp_server.utils.db:1329 - ✅ Pool recovery successful on attempt 1
2026-05-20 08:12:13.371 [INFO]     doris_mcp_server.utils.db:1146 - 🔥 Warming up connection pool with 3 connections
2026-05-20 08:12:13.568 [INFO]     doris_mcp_server.utils.db:1167 - ✅ Pool warmup completed, 3 connections created
2026-05-20 08:28:45.417 [INFO]     doris_mcp_server.utils.db:1288 - 🔄 Attempting pool recovery (attempt 1/3)
2026-05-20 08:28:48.522 [INFO]     doris_mcp_server.utils.db:1329 - ✅ Pool recovery successful on attempt 1
2026-05-20 08:28:48.522 [INFO]     doris_mcp_server.utils.db:1146 - 🔥 Warming up connection pool with 3 connections
2026-05-20 08:28:48.708 [INFO]     doris_mcp_server.utils.db:1167 - ✅ Pool warmup completed, 3 connections created
2026-05-20 08:38:49.281 [INFO]     doris_mcp_server.utils.db:1288 - 🔄 Attempting pool recovery (attempt 1/3)
2026-05-20 08:38:52.401 [INFO]     doris_mcp_server.utils.db:1329 - ✅ Pool recovery successful on attempt 1
2026-05-20 08:38:52.402 [INFO]     doris_mcp_server.utils.db:1146 - 🔥 Warming up connection pool with 3 connections
2026-05-20 08:38:52.619 [INFO]     doris_mcp_server.utils.db:1167 - ✅ Pool warmup completed, 3 connections created
2026-05-20 09:42:56.300 [INFO]     doris_mcp_server.utils.db:1288 - 🔄 Attempting pool recovery (attempt 1/3)
2026-05-20 09:42:59.408 [INFO]     doris_mcp_server.utils.db:1329 - ✅ Pool recovery successful on attempt 1
2026-05-20 09:42:59.409 [INFO]     doris_mcp_server.utils.db:1146 - 🔥 Warming up connection pool with 3 connections
2026-05-20 09:42:59.621 [INFO]     doris_mcp_server.utils.db:1167 - ✅ Pool warmup completed, 3 connections created
2026-05-20 10:32:10.112 [INFO]     doris_mcp_server.utils.db:1288 - 🔄 Attempting pool recovery (attempt 1/3)
2026-05-20 10:32:10.254 [INFO]     doris_mcp_server.utils.db:1329 - ✅ Pool recovery successful on attempt 1
2026-05-20 10:32:10.255 [INFO]     doris_mcp_server.utils.db:1146 - 🔥 Warming up connection pool with 3 connections
2026-05-20 10:32:10.414 [INFO]     doris_mcp_server.utils.db:1167 - ✅ Pool warmup completed, 3 connections created
2026-05-20 10:37:13.275 [INFO]     doris_mcp_server.utils.db:1288 - 🔄 Attempting pool recovery (attempt 1/3)
2026-05-20 10:37:16.366 [INFO]     doris_mcp_server.utils.db:1329 - ✅ Pool recovery successful on attempt 1
2026-05-20 10:37:16.367 [INFO]     doris_mcp_server.utils.db:1146 - 🔥 Warming up connection pool with 3 connections
2026-05-20 10:37:16.540 [INFO]     doris_mcp_server.utils.db:1167 - ✅ Pool warmup completed, 3 connections created
2026-05-20 11:38:09.850 [INFO]     doris_mcp_server.utils.db:1288 - 🔄 Attempting pool recovery (attempt 1/3)
2026-05-20 11:38:09.962 [INFO]     doris_mcp_server.utils.db:1329 - ✅ Pool recovery successful on attempt 1
2026-05-20 11:38:09.963 [INFO]     doris_mcp_server.utils.db:1146 - 🔥 Warming up connection pool with 3 connections
2026-05-20 11:38:10.121 [INFO]     doris_mcp_server.utils.db:1167 - ✅ Pool warmup completed, 3 connections created
2026-05-20 12:18:02.742 [INFO]     doris_mcp_server.utils.db:1288 - 🔄 Attempting pool recovery (attempt 1/3)
2026-05-20 12:18:05.897 [INFO]     doris_mcp_server.utils.db:1329 - ✅ Pool recovery successful on attempt 1
2026-05-20 12:18:05.898 [INFO]     doris_mcp_server.utils.db:1146 - 🔥 Warming up connection pool with 3 connections
2026-05-20 12:18:06.093 [INFO]     doris_mcp_server.utils.db:1167 - ✅ Pool warmup completed, 3 connections created
2026-05-20 12:34:59.325 [INFO]     doris_mcp_server.utils.db:1288 - 🔄 Attempting pool recovery (attempt 1/3)
2026-05-20 12:35:02.454 [INFO]     doris_mcp_server.utils.db:1329 - ✅ Pool recovery successful on attempt 1
2026-05-20 12:35:02.455 [INFO]     doris_mcp_server.utils.db:1146 - 🔥 Warming up connection pool with 3 connections
2026-05-20 12:35:02.635 [INFO]     doris_mcp_server.utils.db:1167 - ✅ Pool warmup completed, 3 connections created
2026-05-20 12:50:58.986 [INFO]     doris_mcp_server.utils.db:1288 - 🔄 Attempting pool recovery (attempt 1/3)
2026-05-20 12:50:59.083 [INFO]     doris_mcp_server.utils.db:1329 - ✅ Pool recovery successful on attempt 1
2026-05-20 12:50:59.084 [INFO]     doris_mcp_server.utils.db:1146 - 🔥 Warming up connection pool with 3 connections
2026-05-20 12:50:59.277 [INFO]     doris_mcp_server.utils.db:1167 - ✅ Pool warmup completed, 3 connections created
2026-05-20 13:08:13.808 [INFO]     doris_mcp_server.utils.db:1288 - 🔄 Attempting pool recovery (attempt 1/3)
2026-05-20 13:08:13.946 [INFO]     doris_mcp_server.utils.db:1329 - ✅ Pool recovery successful on attempt 1
2026-05-20 13:08:13.946 [INFO]     doris_mcp_server.utils.db:1146 - 🔥 Warming up connection pool with 3 connections
2026-05-20 13:08:14.109 [INFO]     doris_mcp_server.utils.db:1167 - ✅ Pool warmup completed, 3 connections created
2026-05-20 13:24:32.333 [INFO]     doris_mcp_server.utils.db:1288 - 🔄 Attempting pool recovery (attempt 1/3)
2026-05-20 13:24:32.428 [INFO]     doris_mcp_server.utils.db:1329 - ✅ Pool recovery successful on attempt 1
2026-05-20 13:24:32.428 [INFO]     doris_mcp_server.utils.db:1146 - 🔥 Warming up connection pool with 3 connections
2026-05-20 13:24:32.614 [INFO]     doris_mcp_server.utils.db:1167 - ✅ Pool warmup completed, 3 connections created
2026-05-20 13:31:24.431 [INFO]     doris_mcp_server.utils.db:1288 - 🔄 Attempting pool recovery (attempt 1/3)
2026-05-20 13:31:27.554 [INFO]     doris_mcp_server.utils.db:1329 - ✅ Pool recovery successful on attempt 1
2026-05-20 13:31:27.555 [INFO]     doris_mcp_server.utils.db:1146 - 🔥 Warming up connection pool with 3 connections
2026-05-20 13:31:27.742 [INFO]     doris_mcp_server.utils.db:1167 - ✅ Pool warmup completed, 3 connections created
2026-05-20 14:03:10.643 [INFO]     doris_mcp_server.utils.db:1288 - 🔄 Attempting pool recovery (attempt 1/3)
2026-05-20 14:03:13.747 [INFO]     doris_mcp_server.utils.db:1329 - ✅ Pool recovery successful on attempt 1
2026-05-20 14:03:13.747 [INFO]     doris_mcp_server.utils.db:1146 - 🔥 Warming up connection pool with 3 connections
2026-05-20 14:03:13.964 [INFO]     doris_mcp_server.utils.db:1167 - ✅ Pool warmup completed, 3 connections created
