2026-04-13 12:18:11.474 [ERROR]    doris_mcp_server.utils.db:1141 - Pool health test failed: (2013, 'Lost connection to MySQL server during query ([Errno 60] Operation timed out)')
2026-04-13 12:18:14.324 [ERROR]    doris_mcp_server.utils.db:1141 - Pool health test failed: (2013, 'Lost connection to MySQL server during query ([Errno 60] Operation timed out)')
2026-04-13 12:18:23.302 [ERROR]    doris_mcp_server.utils.db:1141 - Pool health test failed: (2013, 'Lost connection to MySQL server during query ([Errno 60] Operation timed out)')
2026-04-13 12:34:03.564 [ERROR]    doris_mcp_server.utils.db:1141 - Pool health test failed: (2013, 'Lost connection to MySQL server during query ([Errno 60] Operation timed out)')
2026-04-13 12:34:05.752 [ERROR]    doris_mcp_server.utils.db:1141 - Pool health test failed: (2013, 'Lost connection to MySQL server during query ([Errno 60] Operation timed out)')
2026-04-13 12:34:17.729 [ERROR]    doris_mcp_server.utils.db:1141 - Pool health test failed: (2013, 'Lost connection to MySQL server during query ([Errno 60] Operation timed out)')
2026-04-13 12:41:44.152 [ERROR]    doris_mcp_server.utils.db:1141 - Pool health test failed: (2013, 'Lost connection to MySQL server during query ([Errno 60] Operation timed out)')
2026-04-13 12:41:58.103 [ERROR]    doris_mcp_server.utils.db:1141 - Pool health test failed: (2013, 'Lost connection to MySQL server during query ([Errno 60] Operation timed out)')
2026-04-13 12:41:59.410 [ERROR]    doris_mcp_server.utils.db:1141 - Pool health test failed: (2013, 'Lost connection to MySQL server during query ([Errno 60] Operation timed out)')
2026-04-13 12:58:19.880 [ERROR]    doris_mcp_server.utils.db:1141 - Pool health test failed: (2013, 'Lost connection to MySQL server during query ([Errno 60] Operation timed out)')
2026-04-13 12:58:33.808 [ERROR]    doris_mcp_server.utils.db:1141 - Pool health test failed: (2013, 'Lost connection to MySQL server during query ([Errno 60] Operation timed out)')
2026-04-13 12:58:35.712 [ERROR]    doris_mcp_server.utils.db:1141 - Pool health test failed: (2013, 'Lost connection to MySQL server during query ([Errno 60] Operation timed out)')
2026-04-13 13:15:40.785 [ERROR]    doris_mcp_server.utils.db:1141 - Pool health test failed: (2013, 'Lost connection to MySQL server during query ([Errno 60] Operation timed out)')
2026-04-13 13:15:55.552 [ERROR]    doris_mcp_server.utils.db:1141 - Pool health test failed: (2013, 'Lost connection to MySQL server during query ([Errno 60] Operation timed out)')
2026-04-13 13:30:27.115 [ERROR]    doris_mcp_server.utils.db:1141 - Pool health test failed: (2013, 'Lost connection to MySQL server during query ([Errno 60] Operation timed out)')
2026-04-13 13:30:37.346 [ERROR]    doris_mcp_server.utils.db:1141 - Pool health test failed: (2013, 'Lost connection to MySQL server during query ([Errno 60] Operation timed out)')
2026-04-13 18:22:40.124 [ERROR]    doris_mcp_server.utils.db:1141 - Pool health test failed: (2013, 'Lost connection to MySQL server during query ([Errno 60] Operation timed out)')
2026-04-13 18:22:41.235 [ERROR]    doris_mcp_server.utils.db:1141 - Pool health test failed: (2013, 'Lost connection to MySQL server during query ([Errno 60] Operation timed out)')
2026-04-13 18:22:47.932 [ERROR]    doris_mcp_server.utils.db:1141 - Pool health test failed: (2013, 'Lost connection to MySQL server during query ([Errno 60] Operation timed out)')
2026-04-13 18:23:08.185 [ERROR]    doris_mcp_server.utils.db:1141 - Pool health test failed: (2013, 'Lost connection to MySQL server during query ([Errno 60] Operation timed out)')
2026-04-13 18:41:43.811 [ERROR]    doris_mcp_server.utils.db:1141 - Pool health test failed: (2013, 'Lost connection to MySQL server during query ([Errno 60] Operation timed out)')
2026-04-13 18:42:05.673 [ERROR]    doris_mcp_server.utils.db:1141 - Pool health test failed: (2013, 'Lost connection to MySQL server during query ([Errno 60] Operation timed out)')
2026-04-13 18:42:07.173 [ERROR]    doris_mcp_server.utils.db:1141 - Pool health test failed: (2013, 'Lost connection to MySQL server during query ([Errno 60] Operation timed out)')
2026-04-13 18:42:10.731 [ERROR]    doris_mcp_server.utils.db:1141 - Pool health test failed: (2013, 'Lost connection to MySQL server during query ([Errno 60] Operation timed out)')
2026-04-13 19:02:02.808 [ERROR]    doris_mcp_server.utils.db:1141 - Pool health test failed: (2013, 'Lost connection to MySQL server during query ([Errno 60] Operation timed out)')
2026-04-13 19:02:07.332 [ERROR]    doris_mcp_server.utils.db:1141 - Pool health test failed: (2013, 'Lost connection to MySQL server during query ([Errno 60] Operation timed out)')
2026-04-13 19:02:07.420 [ERROR]    doris_mcp_server.utils.db:1141 - Pool health test failed: (2013, 'Lost connection to MySQL server during query ([Errno 60] Operation timed out)')
2026-04-13 19:02:08.503 [ERROR]    doris_mcp_server.utils.db:1141 - Pool health test failed: (2013, 'Lost connection to MySQL server during query ([Errno 60] Operation timed out)')
2026-04-13 20:07:27.984 [ERROR]    doris_mcp_server.utils.db:1141 - Pool health test failed: (2013, 'Lost connection to MySQL server during query ([Errno 60] Operation timed out)')
2026-04-13 20:07:32.519 [ERROR]    doris_mcp_server.utils.db:1141 - Pool health test failed: (2013, 'Lost connection to MySQL server during query ([Errno 60] Operation timed out)')
2026-04-13 20:07:32.571 [ERROR]    doris_mcp_server.utils.db:1141 - Pool health test failed: (2013, 'Lost connection to MySQL server during query ([Errno 60] Operation timed out)')
2026-04-13 20:07:33.559 [ERROR]    doris_mcp_server.utils.db:1141 - Pool health test failed: (2013, 'Lost connection to MySQL server during query ([Errno 60] Operation timed out)')
2026-04-13 20:23:57.770 [ERROR]    doris_mcp_server.utils.db:1141 - Pool health test failed: (2013, 'Lost connection to MySQL server during query ([Errno 60] Operation timed out)')
2026-04-13 20:23:58.872 [ERROR]    doris_mcp_server.utils.db:1141 - Pool health test failed: (2013, 'Lost connection to MySQL server during query ([Errno 60] Operation timed out)')
2026-04-13 20:23:59.069 [ERROR]    doris_mcp_server.utils.db:1141 - Pool health test failed: (2013, 'Lost connection to MySQL server during query ([Errno 60] Operation timed out)')
2026-04-13 20:24:08.774 [ERROR]    doris_mcp_server.utils.db:1141 - Pool health test failed: (2013, 'Lost connection to MySQL server during query ([Errno 60] Operation timed out)')
2026-04-13 20:40:27.993 [ERROR]    doris_mcp_server.utils.db:1141 - Pool health test failed: (2013, 'Lost connection to MySQL server during query ([Errno 60] Operation timed out)')
2026-04-13 20:40:42.550 [ERROR]    doris_mcp_server.utils.db:1141 - Pool health test failed: (2013, 'Lost connection to MySQL server during query ([Errno 60] Operation timed out)')
2026-04-13 20:40:43.778 [ERROR]    doris_mcp_server.utils.db:1141 - Pool health test failed: (2013, 'Lost connection to MySQL server during query ([Errno 60] Operation timed out)')
2026-04-13 20:40:44.720 [ERROR]    doris_mcp_server.utils.db:1141 - Pool health test failed: (2013, 'Lost connection to MySQL server during query ([Errno 60] Operation timed out)')
2026-04-13 20:56:54.193 [ERROR]    doris_mcp_server.utils.db:1141 - Pool health test failed: (2013, 'Lost connection to MySQL server during query ([Errno 60] Operation timed out)')
2026-04-13 20:57:13.037 [ERROR]    doris_mcp_server.utils.db:1141 - Pool health test failed: (2013, 'Lost connection to MySQL server during query ([Errno 60] Operation timed out)')
2026-04-13 21:08:27.553 [ERROR]    doris_mcp_server.utils.db:1141 - Pool health test failed: (2013, 'Lost connection to MySQL server during query ([Errno 60] Operation timed out)')
2026-04-13 21:08:38.586 [ERROR]    doris_mcp_server.utils.db:1141 - Pool health test failed: (2013, 'Lost connection to MySQL server during query ([Errno 60] Operation timed out)')
2026-04-13 21:08:38.873 [ERROR]    doris_mcp_server.utils.db:1141 - Pool health test failed: (2013, 'Lost connection to MySQL server during query ([Errno 60] Operation timed out)')
2026-04-13 21:08:39.868 [ERROR]    doris_mcp_server.utils.db:1141 - Pool health test failed: (2013, 'Lost connection to MySQL server during query ([Errno 60] Operation timed out)')
2026-04-13 21:26:10.117 [ERROR]    doris_mcp_server.utils.db:1141 - Pool health test failed: (2013, 'Lost connection to MySQL server during query ([Errno 60] Operation timed out)')
2026-04-13 21:26:11.651 [ERROR]    doris_mcp_server.utils.db:1141 - Pool health test failed: (2013, 'Lost connection to MySQL server during query ([Errno 60] Operation timed out)')
2026-04-13 21:26:12.904 [ERROR]    doris_mcp_server.utils.db:1141 - Pool health test failed: (2013, 'Lost connection to MySQL server during query ([Errno 60] Operation timed out)')
2026-04-13 21:26:28.796 [ERROR]    doris_mcp_server.utils.db:1141 - Pool health test failed: (2013, 'Lost connection to MySQL server during query ([Errno 60] Operation timed out)')
2026-04-13 21:42:44.438 [ERROR]    doris_mcp_server.utils.db:1141 - Pool health test failed: (2013, 'Lost connection to MySQL server during query ([Errno 60] Operation timed out)')
2026-04-13 21:42:57.048 [ERROR]    doris_mcp_server.utils.db:1141 - Pool health test failed: (2013, 'Lost connection to MySQL server during query ([Errno 60] Operation timed out)')
2026-04-13 21:42:57.125 [ERROR]    doris_mcp_server.utils.db:1141 - Pool health test failed: (1203, 'Reach limit of connections. Total: 1024, User: 100, Current: 123')
2026-04-13 21:42:58.368 [ERROR]    doris_mcp_server.utils.db:1270 - Stale connection cleanup error: 'NoneType' object has no attribute 'size'
2026-04-13 21:42:58.569 [ERROR]    doris_mcp_server.utils.db:1141 - Pool health test failed: (2013, 'Lost connection to MySQL server during query ([Errno 60] Operation timed out)')
2026-04-13 21:42:59.194 [ERROR]    doris_mcp_server.utils.db:1141 - Pool health test failed: (1203, 'Reach limit of connections. Total: 1024, User: 100, Current: 123')
2026-04-13 21:42:59.195 [ERROR]    doris_mcp_server.utils.db:1141 - Pool health test failed: (2013, 'Lost connection to MySQL server during query ([Errno 60] Operation timed out)')
2026-04-13 21:43:01.266 [ERROR]    doris_mcp_server.utils.db:1141 - Pool health test failed: (1203, 'Reach limit of connections. Total: 1024, User: 100, Current: 123')
2026-04-13 21:43:01.267 [ERROR]    doris_mcp_server.utils.db:1361 - ❌ Pool recovery failed after all attempts
2026-04-13 21:43:01.650 [ERROR]    doris_mcp_server.utils.db:1141 - Pool health test failed: (1203, 'Reach limit of connections. Total: 1024, User: 100, Current: 123')
2026-04-13 21:43:02.268 [ERROR]    doris_mcp_server.utils.db:1141 - Pool health test failed: (1203, 'Reach limit of connections. Total: 1024, User: 100, Current: 123')
2026-04-13 21:43:03.715 [ERROR]    doris_mcp_server.utils.db:1141 - Pool health test failed: (1203, 'Reach limit of connections. Total: 1024, User: 100, Current: 123')
2026-04-13 21:43:04.348 [ERROR]    doris_mcp_server.utils.db:1141 - Pool health test failed: (1203, 'Reach limit of connections. Total: 1024, User: 100, Current: 123')
2026-04-13 21:43:05.807 [ERROR]    doris_mcp_server.utils.db:1141 - Pool health test failed: (1203, 'Reach limit of connections. Total: 1024, User: 100, Current: 123')
2026-04-13 21:43:05.808 [ERROR]    doris_mcp_server.utils.db:1361 - ❌ Pool recovery failed after all attempts
2026-04-13 21:43:06.434 [ERROR]    doris_mcp_server.utils.db:1141 - Pool health test failed: (1203, 'Reach limit of connections. Total: 1024, User: 100, Current: 123')
2026-04-13 21:43:06.435 [ERROR]    doris_mcp_server.utils.db:1361 - ❌ Pool recovery failed after all attempts
2026-04-13 21:59:23.642 [ERROR]    doris_mcp_server.utils.db:1141 - Pool health test failed: 'NoneType' object has no attribute 'acquire'
2026-04-13 21:59:23.702 [ERROR]    doris_mcp_server.utils.db:1141 - Pool health test failed: (1203, 'Reach limit of connections. Total: 1024, User: 100, Current: 123')
2026-04-13 21:59:25.765 [ERROR]    doris_mcp_server.utils.db:1141 - Pool health test failed: (1203, 'Reach limit of connections. Total: 1024, User: 100, Current: 123')
2026-04-13 21:59:27.848 [ERROR]    doris_mcp_server.utils.db:1141 - Pool health test failed: (1203, 'Reach limit of connections. Total: 1024, User: 100, Current: 123')
2026-04-13 21:59:27.849 [ERROR]    doris_mcp_server.utils.db:1361 - ❌ Pool recovery failed after all attempts
2026-04-13 21:59:28.185 [ERROR]    doris_mcp_server.utils.db:1141 - Pool health test failed: 'NoneType' object has no attribute 'acquire'
2026-04-13 21:59:28.270 [ERROR]    doris_mcp_server.utils.db:1141 - Pool health test failed: (1203, 'Reach limit of connections. Total: 1024, User: 100, Current: 123')
2026-04-13 21:59:28.811 [ERROR]    doris_mcp_server.utils.db:1141 - Pool health test failed: 'NoneType' object has no attribute 'acquire'
2026-04-13 21:59:28.880 [ERROR]    doris_mcp_server.utils.db:1141 - Pool health test failed: (1203, 'Reach limit of connections. Total: 1024, User: 100, Current: 123')
2026-04-13 21:59:30.329 [ERROR]    doris_mcp_server.utils.db:1141 - Pool health test failed: (1203, 'Reach limit of connections. Total: 1024, User: 100, Current: 123')
2026-04-13 21:59:30.951 [ERROR]    doris_mcp_server.utils.db:1141 - Pool health test failed: (1203, 'Reach limit of connections. Total: 1024, User: 100, Current: 123')
2026-04-13 21:59:33.400 [ERROR]    doris_mcp_server.utils.db:1141 - Pool health test failed: (1203, 'Reach limit of connections. Total: 1024, User: 100, Current: 123')
2026-04-13 21:59:33.400 [ERROR]    doris_mcp_server.utils.db:1361 - ❌ Pool recovery failed after all attempts
2026-04-13 21:59:47.212 [ERROR]    doris_mcp_server.utils.db:1270 - Stale connection cleanup error: 'NoneType' object has no attribute 'size'
2026-04-13 21:59:50.745 [ERROR]    doris_mcp_server.utils.db:1270 - Stale connection cleanup error: 'NoneType' object has no attribute 'size'
2026-04-13 21:59:55.456 [ERROR]    doris_mcp_server.utils.db:1141 - Pool health test failed: (2013, 'Lost connection to MySQL server during query ([Errno 60] Operation timed out)')
2026-04-13 21:59:55.525 [ERROR]    doris_mcp_server.utils.db:1141 - Pool health test failed: (1203, 'Reach limit of connections. Total: 1024, User: 100, Current: 123')
2026-04-13 21:59:57.586 [ERROR]    doris_mcp_server.utils.db:1141 - Pool health test failed: (1203, 'Reach limit of connections. Total: 1024, User: 100, Current: 123')
2026-04-13 21:59:57.850 [ERROR]    doris_mcp_server.utils.db:1141 - Pool health test failed: 'NoneType' object has no attribute 'acquire'
2026-04-13 21:59:57.913 [ERROR]    doris_mcp_server.utils.db:1141 - Pool health test failed: (1203, 'Reach limit of connections. Total: 1024, User: 100, Current: 123')
2026-04-13 21:59:59.661 [ERROR]    doris_mcp_server.utils.db:1141 - Pool health test failed: (1203, 'Reach limit of connections. Total: 1024, User: 100, Current: 123')
2026-04-13 21:59:59.662 [ERROR]    doris_mcp_server.utils.db:1361 - ❌ Pool recovery failed after all attempts
2026-04-13 21:59:59.981 [ERROR]    doris_mcp_server.utils.db:1141 - Pool health test failed: (1203, 'Reach limit of connections. Total: 1024, User: 100, Current: 123')
2026-04-13 22:00:02.061 [ERROR]    doris_mcp_server.utils.db:1141 - Pool health test failed: (1203, 'Reach limit of connections. Total: 1024, User: 100, Current: 123')
2026-04-13 22:00:02.062 [ERROR]    doris_mcp_server.utils.db:1361 - ❌ Pool recovery failed after all attempts
2026-04-13 22:00:03.403 [ERROR]    doris_mcp_server.utils.db:1141 - Pool health test failed: 'NoneType' object has no attribute 'acquire'
2026-04-13 22:00:03.473 [ERROR]    doris_mcp_server.utils.db:1141 - Pool health test failed: (1203, 'Reach limit of connections. Total: 1024, User: 100, Current: 123')
2026-04-13 22:00:05.558 [ERROR]    doris_mcp_server.utils.db:1141 - Pool health test failed: (1203, 'Reach limit of connections. Total: 1024, User: 100, Current: 123')
2026-04-13 22:09:06.175 [ERROR]    doris_mcp_server.utils.db:1141 - Pool health test failed: (1203, 'Reach limit of connections. Total: 1024, User: 100, Current: 123')
2026-04-13 22:09:06.176 [ERROR]    doris_mcp_server.utils.db:1361 - ❌ Pool recovery failed after all attempts
2026-04-13 22:09:28.204 [ERROR]    doris_mcp_server.utils.db:1141 - Pool health test failed: 'NoneType' object has no attribute 'acquire'
2026-04-13 22:09:28.271 [ERROR]    doris_mcp_server.utils.db:1141 - Pool health test failed: (1203, 'Reach limit of connections. Total: 1024, User: 100, Current: 123')
2026-04-13 22:09:30.329 [ERROR]    doris_mcp_server.utils.db:1141 - Pool health test failed: (1203, 'Reach limit of connections. Total: 1024, User: 100, Current: 123')
2026-04-13 22:09:30.604 [ERROR]    doris_mcp_server.utils.db:1141 - Pool health test failed: 'NoneType' object has no attribute 'acquire'
2026-04-13 22:09:30.708 [ERROR]    doris_mcp_server.utils.db:1141 - Pool health test failed: (1203, 'Reach limit of connections. Total: 1024, User: 100, Current: 123')
2026-04-13 22:09:32.410 [ERROR]    doris_mcp_server.utils.db:1141 - Pool health test failed: (1203, 'Reach limit of connections. Total: 1024, User: 100, Current: 123')
2026-04-13 22:09:32.411 [ERROR]    doris_mcp_server.utils.db:1361 - ❌ Pool recovery failed after all attempts
2026-04-13 22:09:32.796 [ERROR]    doris_mcp_server.utils.db:1141 - Pool health test failed: (1203, 'Reach limit of connections. Total: 1024, User: 100, Current: 123')
2026-04-13 22:09:34.880 [ERROR]    doris_mcp_server.utils.db:1141 - Pool health test failed: (1203, 'Reach limit of connections. Total: 1024, User: 100, Current: 123')
2026-04-13 22:09:34.881 [ERROR]    doris_mcp_server.utils.db:1361 - ❌ Pool recovery failed after all attempts
2026-04-13 22:09:36.177 [ERROR]    doris_mcp_server.utils.db:1141 - Pool health test failed: 'NoneType' object has no attribute 'acquire'
2026-04-13 22:09:36.228 [ERROR]    doris_mcp_server.utils.db:1141 - Pool health test failed: (1203, 'Reach limit of connections. Total: 1024, User: 100, Current: 123')
2026-04-13 22:09:38.313 [ERROR]    doris_mcp_server.utils.db:1141 - Pool health test failed: (1203, 'Reach limit of connections. Total: 1024, User: 100, Current: 123')
2026-04-13 22:09:40.378 [ERROR]    doris_mcp_server.utils.db:1141 - Pool health test failed: (1203, 'Reach limit of connections. Total: 1024, User: 100, Current: 123')
2026-04-13 22:09:40.379 [ERROR]    doris_mcp_server.utils.db:1361 - ❌ Pool recovery failed after all attempts
2026-04-13 22:09:45.755 [ERROR]    doris_mcp_server.utils.db:1270 - Stale connection cleanup error: 'NoneType' object has no attribute 'size'
2026-04-13 22:09:48.229 [ERROR]    doris_mcp_server.utils.db:1270 - Stale connection cleanup error: 'NoneType' object has no attribute 'size'
2026-04-13 22:09:49.287 [ERROR]    doris_mcp_server.utils.db:1270 - Stale connection cleanup error: 'NoneType' object has no attribute 'size'
2026-04-13 22:09:49.787 [ERROR]    doris_mcp_server.utils.db:1141 - Pool health test failed: (2013, 'Lost connection to MySQL server during query ([Errno 60] Operation timed out)')
2026-04-13 22:09:49.856 [ERROR]    doris_mcp_server.utils.db:1141 - Pool health test failed: (1203, 'Reach limit of connections. Total: 1024, User: 100, Current: 123')
2026-04-13 22:09:51.687 [ERROR]    doris_mcp_server.utils.db:1270 - Stale connection cleanup error: 'NoneType' object has no attribute 'size'
2026-04-13 22:25:55.005 [ERROR]    doris_mcp_server.utils.db:1141 - Pool health test failed: 'NoneType' object has no attribute 'acquire'
2026-04-13 22:25:57.475 [ERROR]    doris_mcp_server.utils.db:1141 - Pool health test failed: 'NoneType' object has no attribute 'acquire'
2026-04-13 22:26:02.978 [ERROR]    doris_mcp_server.utils.db:1141 - Pool health test failed: 'NoneType' object has no attribute 'acquire'
2026-04-13 22:42:41.720 [ERROR]    doris_mcp_server.utils.db:1141 - Pool health test failed: (2013, 'Lost connection to MySQL server during query ([Errno 60] Operation timed out)')
2026-04-13 22:42:44.534 [ERROR]    doris_mcp_server.utils.db:1141 - Pool health test failed: (2013, 'Lost connection to MySQL server during query ([Errno 60] Operation timed out)')
2026-04-13 22:42:49.954 [ERROR]    doris_mcp_server.utils.db:1141 - Pool health test failed: (2013, 'Lost connection to MySQL server during query ([Errno 60] Operation timed out)')
2026-04-13 22:43:02.019 [ERROR]    doris_mcp_server.utils.db:1141 - Pool health test failed: (2013, 'Lost connection to MySQL server during query ([Errno 60] Operation timed out)')
2026-04-13 22:59:16.724 [ERROR]    doris_mcp_server.utils.db:1141 - Pool health test failed: (2013, 'Lost connection to MySQL server during query ([Errno 60] Operation timed out)')
2026-04-13 22:59:16.957 [ERROR]    doris_mcp_server.utils.db:1141 - Pool health test failed: (2013, 'Lost connection to MySQL server during query ([Errno 60] Operation timed out)')
2026-04-13 22:59:22.403 [ERROR]    doris_mcp_server.utils.db:1141 - Pool health test failed: (2013, 'Lost connection to MySQL server during query ([Errno 60] Operation timed out)')
2026-04-13 22:59:34.166 [ERROR]    doris_mcp_server.utils.db:1141 - Pool health test failed: (2013, 'Lost connection to MySQL server during query ([Errno 60] Operation timed out)')
2026-04-13 23:10:38.080 [ERROR]    doris_mcp_server.utils.db:1141 - Pool health test failed: (2013, 'Lost connection to MySQL server during query ([Errno 60] Operation timed out)')
2026-04-13 23:10:38.115 [ERROR]    doris_mcp_server.utils.db:1141 - Pool health test failed: (2013, 'Lost connection to MySQL server during query ([Errno 60] Operation timed out)')
2026-04-13 23:10:43.662 [ERROR]    doris_mcp_server.utils.db:1141 - Pool health test failed: (2013, 'Lost connection to MySQL server during query ([Errno 60] Operation timed out)')
2026-04-13 23:27:08.140 [ERROR]    doris_mcp_server.utils.db:1141 - Pool health test failed: (2013, 'Lost connection to MySQL server during query ([Errno 60] Operation timed out)')
2026-04-13 23:27:12.284 [ERROR]    doris_mcp_server.utils.db:1141 - Pool health test failed: (2013, 'Lost connection to MySQL server during query ([Errno 60] Operation timed out)')
2026-04-13 23:27:12.376 [ERROR]    doris_mcp_server.utils.db:1141 - Pool health test failed: (2013, 'Lost connection to MySQL server during query ([Errno 60] Operation timed out)')
2026-04-13 23:27:18.324 [ERROR]    doris_mcp_server.utils.db:1141 - Pool health test failed: (2013, 'Lost connection to MySQL server during query ([Errno 60] Operation timed out)')
2026-04-13 23:43:24.534 [ERROR]    doris_mcp_server.utils.db:1141 - Pool health test failed: (2013, 'Lost connection to MySQL server during query ([Errno 60] Operation timed out)')
2026-04-13 23:43:28.472 [ERROR]    doris_mcp_server.utils.db:1141 - Pool health test failed: (2013, 'Lost connection to MySQL server during query ([Errno 60] Operation timed out)')
2026-04-13 23:43:28.607 [ERROR]    doris_mcp_server.utils.db:1141 - Pool health test failed: (2013, 'Lost connection to MySQL server during query ([Errno 60] Operation timed out)')
2026-04-13 23:43:37.415 [ERROR]    doris_mcp_server.utils.db:1141 - Pool health test failed: (2013, 'Lost connection to MySQL server during query ([Errno 60] Operation timed out)')
2026-04-13 23:59:33.151 [ERROR]    doris_mcp_server.utils.db:1141 - Pool health test failed: (2013, 'Lost connection to MySQL server during query ([Errno 60] Operation timed out)')
2026-04-13 23:59:38.138 [ERROR]    doris_mcp_server.utils.db:1141 - Pool health test failed: (2013, 'Lost connection to MySQL server during query ([Errno 60] Operation timed out)')
2026-04-13 23:59:39.437 [ERROR]    doris_mcp_server.utils.db:1141 - Pool health test failed: (2013, 'Lost connection to MySQL server during query ([Errno 60] Operation timed out)')
2026-04-13 23:59:48.746 [ERROR]    doris_mcp_server.utils.db:1141 - Pool health test failed: (2013, 'Lost connection to MySQL server during query ([Errno 60] Operation timed out)')
2026-04-14 00:11:27.426 [ERROR]    doris_mcp_server.utils.db:1141 - Pool health test failed: (2013, 'Lost connection to MySQL server during query ([Errno 60] Operation timed out)')
2026-04-14 00:11:41.321 [ERROR]    doris_mcp_server.utils.db:1141 - Pool health test failed: (2013, 'Lost connection to MySQL server during query ([Errno 60] Operation timed out)')
2026-04-14 00:11:44.381 [ERROR]    doris_mcp_server.utils.db:1141 - Pool health test failed: (1203, 'Reach limit of connections. Total: 1024, User: 100, Current: 123')
2026-04-14 00:11:44.429 [ERROR]    doris_mcp_server.utils.db:1141 - Pool health test failed: (2013, 'Lost connection to MySQL server during query ([Errno 60] Operation timed out)')
2026-04-14 00:11:45.886 [ERROR]    doris_mcp_server.utils.db:1141 - Pool health test failed: (2013, 'Lost connection to MySQL server during query ([Errno 60] Operation timed out)')
2026-04-14 00:11:46.450 [ERROR]    doris_mcp_server.utils.db:1141 - Pool health test failed: (1203, 'Reach limit of connections. Total: 1024, User: 100, Current: 123')
2026-04-14 00:11:47.503 [ERROR]    doris_mcp_server.utils.db:1141 - Pool health test failed: (1203, 'Reach limit of connections. Total: 1024, User: 100, Current: 123')
2026-04-14 00:11:48.523 [ERROR]    doris_mcp_server.utils.db:1141 - Pool health test failed: (1203, 'Reach limit of connections. Total: 1024, User: 100, Current: 123')
2026-04-14 00:11:48.524 [ERROR]    doris_mcp_server.utils.db:1361 - ❌ Pool recovery failed after all attempts
2026-04-14 00:11:48.965 [ERROR]    doris_mcp_server.utils.db:1141 - Pool health test failed: (1203, 'Reach limit of connections. Total: 1024, User: 100, Current: 123')
2026-04-14 00:11:49.584 [ERROR]    doris_mcp_server.utils.db:1141 - Pool health test failed: (1203, 'Reach limit of connections. Total: 1024, User: 100, Current: 123')
2026-04-14 00:11:51.041 [ERROR]    doris_mcp_server.utils.db:1141 - Pool health test failed: (1203, 'Reach limit of connections. Total: 1024, User: 100, Current: 123')
2026-04-14 00:11:51.665 [ERROR]    doris_mcp_server.utils.db:1141 - Pool health test failed: (1203, 'Reach limit of connections. Total: 1024, User: 100, Current: 123')
2026-04-14 00:11:51.667 [ERROR]    doris_mcp_server.utils.db:1361 - ❌ Pool recovery failed after all attempts
2026-04-14 00:27:07.724 [ERROR]    doris_mcp_server.utils.db:1141 - Pool health test failed: (1203, 'Reach limit of connections. Total: 1024, User: 100, Current: 123')
2026-04-14 00:27:07.725 [ERROR]    doris_mcp_server.utils.db:1361 - ❌ Pool recovery failed after all attempts
2026-04-14 00:27:33.158 [ERROR]    doris_mcp_server.utils.db:1141 - Pool health test failed: 'NoneType' object has no attribute 'acquire'
2026-04-14 00:27:33.226 [ERROR]    doris_mcp_server.utils.db:1141 - Pool health test failed: (1203, 'Reach limit of connections. Total: 1024, User: 100, Current: 123')
2026-04-14 00:27:33.471 [ERROR]    doris_mcp_server.utils.db:1141 - Pool health test failed: (2013, 'Lost connection to MySQL server during query ([Errno 60] Operation timed out)')
2026-04-14 00:27:33.553 [ERROR]    doris_mcp_server.utils.db:1141 - Pool health test failed: (1203, 'Reach limit of connections. Total: 1024, User: 100, Current: 123')
2026-04-14 00:27:35.298 [ERROR]    doris_mcp_server.utils.db:1141 - Pool health test failed: (1203, 'Reach limit of connections. Total: 1024, User: 100, Current: 123')
2026-04-14 00:27:35.642 [ERROR]    doris_mcp_server.utils.db:1141 - Pool health test failed: (1203, 'Reach limit of connections. Total: 1024, User: 100, Current: 123')
2026-04-14 00:27:36.300 [ERROR]    doris_mcp_server.utils.db:1141 - Pool health test failed: 'NoneType' object has no attribute 'acquire'
2026-04-14 00:27:36.362 [ERROR]    doris_mcp_server.utils.db:1141 - Pool health test failed: (1203, 'Reach limit of connections. Total: 1024, User: 100, Current: 123')
2026-04-14 00:27:37.369 [ERROR]    doris_mcp_server.utils.db:1141 - Pool health test failed: (1203, 'Reach limit of connections. Total: 1024, User: 100, Current: 123')
2026-04-14 00:27:37.370 [ERROR]    doris_mcp_server.utils.db:1361 - ❌ Pool recovery failed after all attempts
2026-04-14 00:27:37.728 [ERROR]    doris_mcp_server.utils.db:1141 - Pool health test failed: 'NoneType' object has no attribute 'acquire'
2026-04-14 00:27:37.742 [ERROR]    doris_mcp_server.utils.db:1141 - Pool health test failed: (1203, 'Reach limit of connections. Total: 1024, User: 100, Current: 123')
2026-04-14 00:27:37.743 [ERROR]    doris_mcp_server.utils.db:1361 - ❌ Pool recovery failed after all attempts
2026-04-14 00:27:38.794 [ERROR]    doris_mcp_server.utils.db:1141 - Pool health test failed: (1203, 'Reach limit of connections. Total: 1024, User: 100, Current: 123')
2026-04-14 00:27:40.303 [ERROR]    doris_mcp_server.utils.db:1270 - Stale connection cleanup error: 'NoneType' object has no attribute 'size'
2026-04-14 00:27:40.873 [ERROR]    doris_mcp_server.utils.db:1141 - Pool health test failed: (1203, 'Reach limit of connections. Total: 1024, User: 100, Current: 123')
2026-04-14 00:27:42.943 [ERROR]    doris_mcp_server.utils.db:1141 - Pool health test failed: (1203, 'Reach limit of connections. Total: 1024, User: 100, Current: 123')
2026-04-14 00:27:42.944 [ERROR]    doris_mcp_server.utils.db:1361 - ❌ Pool recovery failed after all attempts
2026-04-14 00:27:43.304 [ERROR]    doris_mcp_server.utils.db:1270 - Stale connection cleanup error: 'NoneType' object has no attribute 'size'
2026-04-14 00:27:43.864 [ERROR]    doris_mcp_server.utils.db:1270 - Stale connection cleanup error: 'NoneType' object has no attribute 'size'
2026-04-14 00:28:07.371 [ERROR]    doris_mcp_server.utils.db:1141 - Pool health test failed: 'NoneType' object has no attribute 'acquire'
2026-04-14 00:28:07.446 [ERROR]    doris_mcp_server.utils.db:1141 - Pool health test failed: (1203, 'Reach limit of connections. Total: 1024, User: 100, Current: 123')
2026-04-14 00:28:07.744 [ERROR]    doris_mcp_server.utils.db:1141 - Pool health test failed: 'NoneType' object has no attribute 'acquire'
2026-04-14 00:28:07.833 [ERROR]    doris_mcp_server.utils.db:1141 - Pool health test failed: (1203, 'Reach limit of connections. Total: 1024, User: 100, Current: 123')
2026-04-14 00:43:50.128 [ERROR]    doris_mcp_server.utils.db:1141 - Pool health test failed: 'NoneType' object has no attribute 'acquire'
2026-04-14 00:59:45.123 [ERROR]    doris_mcp_server.utils.db:1141 - Pool health test failed: (2013, 'Lost connection to MySQL server during query ([Errno 60] Operation timed out)')
2026-04-14 01:00:19.408 [ERROR]    doris_mcp_server.utils.db:1141 - Pool health test failed: (2013, 'Lost connection to MySQL server during query ([Errno 60] Operation timed out)')
2026-04-14 01:15:52.057 [ERROR]    doris_mcp_server.utils.db:1141 - Pool health test failed: (2013, 'Lost connection to MySQL server during query ([Errno 60] Operation timed out)')
2026-04-14 01:15:58.701 [ERROR]    doris_mcp_server.utils.db:1141 - Pool health test failed: (2013, 'Lost connection to MySQL server during query ([Errno 60] Operation timed out)')
2026-04-14 01:16:13.492 [ERROR]    doris_mcp_server.utils.db:1141 - Pool health test failed: (2013, 'Lost connection to MySQL server during query ([Errno 60] Operation timed out)')
2026-04-14 01:16:17.581 [ERROR]    doris_mcp_server.utils.db:1141 - Pool health test failed: (2013, 'Lost connection to MySQL server during query ([Errno 60] Operation timed out)')
2026-04-14 01:31:48.560 [ERROR]    doris_mcp_server.utils.db:1141 - Pool health test failed: (2013, 'Lost connection to MySQL server during query ([Errno 60] Operation timed out)')
2026-04-14 01:31:52.075 [ERROR]    doris_mcp_server.utils.db:1141 - Pool health test failed: (2013, 'Lost connection to MySQL server during query ([Errno 60] Operation timed out)')
2026-04-14 01:32:09.595 [ERROR]    doris_mcp_server.utils.db:1141 - Pool health test failed: (2013, 'Lost connection to MySQL server during query ([Errno 60] Operation timed out)')
2026-04-14 01:32:16.296 [ERROR]    doris_mcp_server.utils.db:1141 - Pool health test failed: (2013, 'Lost connection to MySQL server during query ([Errno 60] Operation timed out)')
2026-04-14 01:48:51.352 [ERROR]    doris_mcp_server.utils.db:1141 - Pool health test failed: (2013, 'Lost connection to MySQL server during query ([Errno 60] Operation timed out)')
2026-04-14 01:48:58.071 [ERROR]    doris_mcp_server.utils.db:1141 - Pool health test failed: (2013, 'Lost connection to MySQL server during query ([Errno 60] Operation timed out)')
2026-04-14 01:49:02.555 [ERROR]    doris_mcp_server.utils.db:1141 - Pool health test failed: (2013, 'Lost connection to MySQL server during query ([Errno 60] Operation timed out)')
2026-04-14 01:49:03.602 [ERROR]    doris_mcp_server.utils.db:1141 - Pool health test failed: (2013, 'Lost connection to MySQL server during query ([Errno 60] Operation timed out)')
2026-04-14 02:05:29.136 [ERROR]    doris_mcp_server.utils.db:1141 - Pool health test failed: (2013, 'Lost connection to MySQL server during query ([Errno 54] Connection reset by peer)')
2026-04-14 02:06:05.750 [ERROR]    doris_mcp_server.utils.db:1141 - Pool health test failed: (2013, 'Lost connection to MySQL server during query ([Errno 60] Operation timed out)')
2026-04-14 02:06:13.581 [ERROR]    doris_mcp_server.utils.db:1141 - Pool health test failed: (2013, 'Lost connection to MySQL server during query ([Errno 60] Operation timed out)')
2026-04-14 02:23:15.435 [ERROR]    doris_mcp_server.utils.db:1141 - Pool health test failed: (2013, 'Lost connection to MySQL server during query ([Errno 60] Operation timed out)')
2026-04-14 02:23:17.537 [ERROR]    doris_mcp_server.utils.db:1141 - Pool health test failed: (2013, 'Lost connection to MySQL server during query ([Errno 60] Operation timed out)')
2026-04-14 02:23:24.909 [ERROR]    doris_mcp_server.utils.db:1141 - Pool health test failed: (2013, 'Lost connection to MySQL server during query ([Errno 60] Operation timed out)')
2026-04-14 02:40:45.612 [ERROR]    doris_mcp_server.utils.db:1141 - Pool health test failed: (2013, 'Lost connection to MySQL server during query ([Errno 60] Operation timed out)')
2026-04-14 02:40:45.958 [ERROR]    doris_mcp_server.utils.db:1141 - Pool health test failed: (2013, 'Lost connection to MySQL server during query ([Errno 60] Operation timed out)')
2026-04-14 02:40:47.174 [ERROR]    doris_mcp_server.utils.db:1141 - Pool health test failed: (2013, 'Lost connection to MySQL server during query ([Errno 60] Operation timed out)')
2026-04-14 02:40:57.162 [ERROR]    doris_mcp_server.utils.db:1141 - Pool health test failed: (2013, 'Lost connection to MySQL server during query ([Errno 60] Operation timed out)')
2026-04-14 02:57:36.205 [ERROR]    doris_mcp_server.utils.db:1141 - Pool health test failed: (2013, 'Lost connection to MySQL server during query ([Errno 60] Operation timed out)')
2026-04-14 02:57:37.367 [ERROR]    doris_mcp_server.utils.db:1141 - Pool health test failed: (2013, 'Lost connection to MySQL server during query ([Errno 60] Operation timed out)')
2026-04-14 02:57:38.281 [ERROR]    doris_mcp_server.utils.db:1141 - Pool health test failed: (2013, 'Lost connection to MySQL server during query ([Errno 60] Operation timed out)')
2026-04-14 03:16:00.873 [ERROR]    doris_mcp_server.utils.db:1141 - Pool health test failed: (2013, 'Lost connection to MySQL server during query ([Errno 60] Operation timed out)')
2026-04-14 03:16:01.796 [ERROR]    doris_mcp_server.utils.db:1141 - Pool health test failed: (2013, 'Lost connection to MySQL server during query ([Errno 60] Operation timed out)')
2026-04-14 03:16:03.944 [ERROR]    doris_mcp_server.utils.db:1141 - Pool health test failed: (2013, 'Lost connection to MySQL server during query ([Errno 60] Operation timed out)')
2026-04-14 03:16:20.258 [ERROR]    doris_mcp_server.utils.db:1141 - Pool health test failed: (2013, 'Lost connection to MySQL server during query ([Errno 60] Operation timed out)')
2026-04-14 03:16:23.328 [ERROR]    doris_mcp_server.utils.db:1141 - Pool health test failed: (1203, 'Reach limit of connections. Total: 1024, User: 100, Current: 123')
2026-04-14 03:34:10.080 [ERROR]    doris_mcp_server.utils.db:1141 - Pool health test failed: (2013, 'Lost connection to MySQL server during query ([Errno 60] Operation timed out)')
2026-04-14 03:34:13.376 [ERROR]    doris_mcp_server.utils.db:1141 - Pool health test failed: (2013, 'Lost connection to MySQL server during query ([Errno 60] Operation timed out)')
2026-04-14 03:34:14.483 [ERROR]    doris_mcp_server.utils.db:1141 - Pool health test failed: (2013, 'Lost connection to MySQL server during query ([Errno 60] Operation timed out)')
2026-04-14 03:51:16.587 [ERROR]    doris_mcp_server.utils.db:1141 - Pool health test failed: (2013, 'Lost connection to MySQL server during query ([Errno 60] Operation timed out)')
2026-04-14 03:51:19.682 [ERROR]    doris_mcp_server.utils.db:1141 - Pool health test failed: (2013, 'Lost connection to MySQL server during query ([Errno 60] Operation timed out)')
2026-04-14 03:51:20.813 [ERROR]    doris_mcp_server.utils.db:1141 - Pool health test failed: (2013, 'Lost connection to MySQL server during query ([Errno 60] Operation timed out)')
2026-04-14 03:51:22.554 [ERROR]    doris_mcp_server.utils.db:1141 - Pool health test failed: (2013, 'Lost connection to MySQL server during query ([Errno 60] Operation timed out)')
2026-04-14 04:02:57.962 [ERROR]    doris_mcp_server.utils.db:1141 - Pool health test failed: (2013, 'Lost connection to MySQL server during query ([Errno 60] Operation timed out)')
2026-04-14 04:03:02.360 [ERROR]    doris_mcp_server.utils.db:1141 - Pool health test failed: (2013, 'Lost connection to MySQL server during query ([Errno 60] Operation timed out)')
2026-04-14 04:03:06.029 [ERROR]    doris_mcp_server.utils.db:1141 - Pool health test failed: (2013, 'Lost connection to MySQL server during query ([Errno 60] Operation timed out)')
2026-04-14 04:03:06.793 [ERROR]    doris_mcp_server.utils.db:1141 - Pool health test failed: (2013, 'Lost connection to MySQL server during query ([Errno 60] Operation timed out)')
2026-04-14 04:03:09.105 [ERROR]    doris_mcp_server.utils.db:1141 - Pool health test failed: (1203, 'Reach limit of connections. Total: 1024, User: 100, Current: 123')
2026-04-14 04:03:11.169 [ERROR]    doris_mcp_server.utils.db:1141 - Pool health test failed: (1203, 'Reach limit of connections. Total: 1024, User: 100, Current: 123')
2026-04-14 04:03:13.250 [ERROR]    doris_mcp_server.utils.db:1141 - Pool health test failed: (1203, 'Reach limit of connections. Total: 1024, User: 100, Current: 123')
2026-04-14 04:03:13.251 [ERROR]    doris_mcp_server.utils.db:1361 - ❌ Pool recovery failed after all attempts
2026-04-14 04:20:11.368 [ERROR]    doris_mcp_server.utils.db:1270 - Stale connection cleanup error: 'NoneType' object has no attribute 'size'
2026-04-14 04:20:14.967 [ERROR]    doris_mcp_server.utils.db:1141 - Pool health test failed: 'NoneType' object has no attribute 'acquire'
2026-04-14 04:20:21.311 [ERROR]    doris_mcp_server.utils.db:1141 - Pool health test failed: (2013, 'Lost connection to MySQL server during query ([Errno 60] Operation timed out)')
2026-04-14 04:20:29.289 [ERROR]    doris_mcp_server.utils.db:1141 - Pool health test failed: (2013, 'Lost connection to MySQL server during query ([Errno 60] Operation timed out)')
2026-04-14 04:20:31.088 [ERROR]    doris_mcp_server.utils.db:1141 - Pool health test failed: (2013, 'Lost connection to MySQL server during query ([Errno 60] Operation timed out)')
2026-04-14 04:20:34.149 [ERROR]    doris_mcp_server.utils.db:1141 - Pool health test failed: (1203, 'Reach limit of connections. Total: 1024, User: 100, Current: 123')
2026-04-14 04:20:36.226 [ERROR]    doris_mcp_server.utils.db:1141 - Pool health test failed: (1203, 'Reach limit of connections. Total: 1024, User: 100, Current: 123')
2026-04-14 04:36:47.542 [ERROR]    doris_mcp_server.utils.db:1141 - Pool health test failed: (2013, 'Lost connection to MySQL server during query ([Errno 60] Operation timed out)')
2026-04-14 04:36:56.355 [ERROR]    doris_mcp_server.utils.db:1141 - Pool health test failed: (2013, 'Lost connection to MySQL server during query ([Errno 60] Operation timed out)')
2026-04-14 04:37:04.753 [ERROR]    doris_mcp_server.utils.db:1141 - Pool health test failed: (2013, 'Lost connection to MySQL server during query ([Errno 60] Operation timed out)')
2026-04-14 04:54:58.340 [ERROR]    doris_mcp_server.utils.db:1141 - Pool health test failed: (2013, 'Lost connection to MySQL server during query ([Errno 60] Operation timed out)')
2026-04-14 04:55:06.914 [ERROR]    doris_mcp_server.utils.db:1141 - Pool health test failed: (2013, 'Lost connection to MySQL server during query ([Errno 60] Operation timed out)')
2026-04-14 04:55:17.554 [ERROR]    doris_mcp_server.utils.db:1141 - Pool health test failed: (2013, 'Lost connection to MySQL server during query ([Errno 60] Operation timed out)')
2026-04-14 04:55:21.841 [ERROR]    doris_mcp_server.utils.db:1141 - Pool health test failed: (2013, 'Lost connection to MySQL server during query ([Errno 60] Operation timed out)')
2026-04-14 05:12:41.433 [ERROR]    doris_mcp_server.utils.db:1141 - Pool health test failed: (2013, 'Lost connection to MySQL server during query ([Errno 60] Operation timed out)')
2026-04-14 05:12:50.201 [ERROR]    doris_mcp_server.utils.db:1141 - Pool health test failed: (2013, 'Lost connection to MySQL server during query ([Errno 60] Operation timed out)')
2026-04-14 05:28:43.638 [ERROR]    doris_mcp_server.utils.db:1141 - Pool health test failed: (2013, 'Lost connection to MySQL server during query ([Errno 60] Operation timed out)')
2026-04-14 05:29:11.720 [ERROR]    doris_mcp_server.utils.db:1141 - Pool health test failed: (2013, 'Lost connection to MySQL server during query ([Errno 60] Operation timed out)')
2026-04-14 05:29:17.745 [ERROR]    doris_mcp_server.utils.db:1141 - Pool health test failed: (2013, 'Lost connection to MySQL server during query ([Errno 60] Operation timed out)')
2026-04-14 05:29:21.716 [ERROR]    doris_mcp_server.utils.db:1141 - Pool health test failed: (2013, 'Lost connection to MySQL server during query ([Errno 60] Operation timed out)')
2026-04-14 05:46:53.926 [ERROR]    doris_mcp_server.utils.db:1141 - Pool health test failed: (2013, 'Lost connection to MySQL server during query ([Errno 60] Operation timed out)')
2026-04-14 05:46:54.273 [ERROR]    doris_mcp_server.utils.db:1141 - Pool health test failed: (2013, 'Lost connection to MySQL server during query ([Errno 60] Operation timed out)')
2026-04-14 05:46:58.873 [ERROR]    doris_mcp_server.utils.db:1141 - Pool health test failed: (2013, 'Lost connection to MySQL server during query ([Errno 60] Operation timed out)')
2026-04-14 05:47:01.233 [ERROR]    doris_mcp_server.utils.db:1141 - Pool health test failed: (2013, 'Lost connection to MySQL server during query ([Errno 60] Operation timed out)')
2026-04-14 06:03:15.738 [ERROR]    doris_mcp_server.utils.db:1141 - Pool health test failed: (2013, 'Lost connection to MySQL server during query ([Errno 60] Operation timed out)')
2026-04-14 06:03:16.036 [ERROR]    doris_mcp_server.utils.db:1141 - Pool health test failed: (2013, 'Lost connection to MySQL server during query ([Errno 60] Operation timed out)')
2026-04-14 06:03:20.382 [ERROR]    doris_mcp_server.utils.db:1141 - Pool health test failed: (2013, 'Lost connection to MySQL server during query ([Errno 60] Operation timed out)')
2026-04-14 06:03:23.311 [ERROR]    doris_mcp_server.utils.db:1141 - Pool health test failed: (2013, 'Lost connection to MySQL server during query ([Errno 60] Operation timed out)')
2026-04-14 06:19:40.123 [ERROR]    doris_mcp_server.utils.db:1141 - Pool health test failed: (2013, 'Lost connection to MySQL server during query ([Errno 60] Operation timed out)')
2026-04-14 06:19:40.172 [ERROR]    doris_mcp_server.utils.db:1141 - Pool health test failed: (2013, 'Lost connection to MySQL server during query ([Errno 60] Operation timed out)')
2026-04-14 06:19:46.114 [ERROR]    doris_mcp_server.utils.db:1141 - Pool health test failed: (2013, 'Lost connection to MySQL server during query ([Errno 60] Operation timed out)')
2026-04-14 06:19:47.736 [ERROR]    doris_mcp_server.utils.db:1141 - Pool health test failed: (2013, 'Lost connection to MySQL server during query ([Errno 60] Operation timed out)')
2026-04-14 06:36:31.421 [ERROR]    doris_mcp_server.utils.db:1141 - Pool health test failed: (2013, 'Lost connection to MySQL server during query ([Errno 60] Operation timed out)')
2026-04-14 06:36:32.823 [ERROR]    doris_mcp_server.utils.db:1141 - Pool health test failed: (2013, 'Lost connection to MySQL server during query ([Errno 60] Operation timed out)')
2026-04-14 06:36:36.345 [ERROR]    doris_mcp_server.utils.db:1141 - Pool health test failed: (2013, 'Lost connection to MySQL server during query ([Errno 60] Operation timed out)')
2026-04-14 06:36:42.830 [ERROR]    doris_mcp_server.utils.db:1141 - Pool health test failed: (2013, 'Lost connection to MySQL server during query ([Errno 60] Operation timed out)')
2026-04-14 06:36:42.883 [ERROR]    doris_mcp_server.utils.db:1141 - Pool health test failed: (1203, 'Reach limit of connections. Total: 1024, User: 100, Current: 123')
2026-04-14 06:36:44.950 [ERROR]    doris_mcp_server.utils.db:1141 - Pool health test failed: (1203, 'Reach limit of connections. Total: 1024, User: 100, Current: 123')
2026-04-14 06:36:47.013 [ERROR]    doris_mcp_server.utils.db:1141 - Pool health test failed: (1203, 'Reach limit of connections. Total: 1024, User: 100, Current: 123')
2026-04-14 06:36:47.014 [ERROR]    doris_mcp_server.utils.db:1361 - ❌ Pool recovery failed after all attempts
2026-04-14 06:36:51.929 [ERROR]    doris_mcp_server.utils.db:1270 - Stale connection cleanup error: 'NoneType' object has no attribute 'size'
2026-04-14 06:37:17.016 [ERROR]    doris_mcp_server.utils.db:1141 - Pool health test failed: 'NoneType' object has no attribute 'acquire'
2026-04-14 06:37:17.088 [ERROR]    doris_mcp_server.utils.db:1141 - Pool health test failed: (1203, 'Reach limit of connections. Total: 1024, User: 100, Current: 123')
2026-04-14 06:37:19.155 [ERROR]    doris_mcp_server.utils.db:1141 - Pool health test failed: (1203, 'Reach limit of connections. Total: 1024, User: 100, Current: 123')
2026-04-14 06:37:21.223 [ERROR]    doris_mcp_server.utils.db:1141 - Pool health test failed: (1203, 'Reach limit of connections. Total: 1024, User: 100, Current: 123')
2026-04-14 06:37:21.224 [ERROR]    doris_mcp_server.utils.db:1361 - ❌ Pool recovery failed after all attempts
2026-04-14 06:37:51.226 [ERROR]    doris_mcp_server.utils.db:1141 - Pool health test failed: 'NoneType' object has no attribute 'acquire'
2026-04-14 06:37:51.305 [ERROR]    doris_mcp_server.utils.db:1141 - Pool health test failed: (1203, 'Reach limit of connections. Total: 1024, User: 100, Current: 123')
2026-04-14 06:37:51.931 [ERROR]    doris_mcp_server.utils.db:1270 - Stale connection cleanup error: 'NoneType' object has no attribute 'size'
2026-04-14 06:54:57.406 [ERROR]    doris_mcp_server.utils.db:1141 - Pool health test failed: (2013, 'Lost connection to MySQL server during query ([Errno 60] Operation timed out)')
2026-04-14 06:55:15.132 [ERROR]    doris_mcp_server.utils.db:1141 - Pool health test failed: (2013, 'Lost connection to MySQL server during query ([Errno 60] Operation timed out)')
2026-04-14 06:55:23.295 [ERROR]    doris_mcp_server.utils.db:1141 - Pool health test failed: (2013, 'Lost connection to MySQL server during query ([Errno 60] Operation timed out)')
2026-04-14 06:55:23.656 [ERROR]    doris_mcp_server.utils.db:1141 - Pool health test failed: (2013, 'Lost connection to MySQL server during query ([Errno 60] Operation timed out)')
2026-04-14 06:55:23.739 [ERROR]    doris_mcp_server.utils.db:1141 - Pool health test failed: (1203, 'Reach limit of connections. Total: 1024, User: 100, Current: 123')
2026-04-14 06:55:24.306 [ERROR]    doris_mcp_server.utils.db:1270 - Stale connection cleanup error: 'NoneType' object has no attribute 'size'
2026-04-14 07:03:53.379 [ERROR]    doris_mcp_server.utils.db:1340 - Pool recovery attempt 2 timed out
2026-04-14 07:03:55.435 [ERROR]    doris_mcp_server.utils.db:1141 - Pool health test failed: (1203, 'Reach limit of connections. Total: 1024, User: 100, Current: 123')
2026-04-14 07:03:55.436 [ERROR]    doris_mcp_server.utils.db:1361 - ❌ Pool recovery failed after all attempts
2026-04-14 07:04:08.860 [ERROR]    doris_mcp_server.utils.db:1141 - Pool health test failed: (2013, 'Lost connection to MySQL server during query ([Errno 60] Operation timed out)')
2026-04-14 07:04:08.934 [ERROR]    doris_mcp_server.utils.db:1141 - Pool health test failed: (1203, 'Reach limit of connections. Total: 1024, User: 100, Current: 123')
2026-04-14 07:04:11.009 [ERROR]    doris_mcp_server.utils.db:1141 - Pool health test failed: (1203, 'Reach limit of connections. Total: 1024, User: 100, Current: 123')
2026-04-14 07:04:13.078 [ERROR]    doris_mcp_server.utils.db:1141 - Pool health test failed: (1203, 'Reach limit of connections. Total: 1024, User: 100, Current: 123')
2026-04-14 07:04:13.079 [ERROR]    doris_mcp_server.utils.db:1361 - ❌ Pool recovery failed after all attempts
2026-04-14 07:04:16.249 [ERROR]    doris_mcp_server.utils.db:1141 - Pool health test failed: (1203, 'Reach limit of connections. Total: 1024, User: 100, Current: 123')
2026-04-14 07:04:19.320 [ERROR]    doris_mcp_server.utils.db:1141 - Pool health test failed: (1203, 'Reach limit of connections. Total: 1024, User: 100, Current: 123')
2026-04-14 07:04:21.399 [ERROR]    doris_mcp_server.utils.db:1141 - Pool health test failed: (1203, 'Reach limit of connections. Total: 1024, User: 100, Current: 123')
2026-04-14 07:04:23.454 [ERROR]    doris_mcp_server.utils.db:1141 - Pool health test failed: (1203, 'Reach limit of connections. Total: 1024, User: 100, Current: 123')
2026-04-14 07:04:23.455 [ERROR]    doris_mcp_server.utils.db:1361 - ❌ Pool recovery failed after all attempts
2026-04-14 07:04:25.439 [ERROR]    doris_mcp_server.utils.db:1141 - Pool health test failed: 'NoneType' object has no attribute 'acquire'
2026-04-14 07:04:25.517 [ERROR]    doris_mcp_server.utils.db:1141 - Pool health test failed: (1203, 'Reach limit of connections. Total: 1024, User: 100, Current: 123')
2026-04-14 07:04:27.584 [ERROR]    doris_mcp_server.utils.db:1141 - Pool health test failed: (1203, 'Reach limit of connections. Total: 1024, User: 100, Current: 123')
2026-04-14 07:04:28.142 [ERROR]    doris_mcp_server.utils.db:1141 - Pool health test failed: (2013, 'Lost connection to MySQL server during query ([Errno 60] Operation timed out)')
2026-04-14 07:04:28.209 [ERROR]    doris_mcp_server.utils.db:1141 - Pool health test failed: (1203, 'Reach limit of connections. Total: 1024, User: 100, Current: 123')
2026-04-14 07:04:29.659 [ERROR]    doris_mcp_server.utils.db:1141 - Pool health test failed: (1203, 'Reach limit of connections. Total: 1024, User: 100, Current: 123')
2026-04-14 07:04:29.660 [ERROR]    doris_mcp_server.utils.db:1361 - ❌ Pool recovery failed after all attempts
2026-04-14 07:04:30.280 [ERROR]    doris_mcp_server.utils.db:1141 - Pool health test failed: (1203, 'Reach limit of connections. Total: 1024, User: 100, Current: 123')
2026-04-14 07:04:32.337 [ERROR]    doris_mcp_server.utils.db:1141 - Pool health test failed: (1203, 'Reach limit of connections. Total: 1024, User: 100, Current: 123')
2026-04-14 07:04:32.337 [ERROR]    doris_mcp_server.utils.db:1361 - ❌ Pool recovery failed after all attempts
2026-04-14 07:22:23.787 [ERROR]    doris_mcp_server.utils.db:1141 - Pool health test failed: 'NoneType' object has no attribute 'acquire'
2026-04-14 07:22:27.544 [ERROR]    doris_mcp_server.utils.db:1270 - Stale connection cleanup error: 'NoneType' object has no attribute 'size'
2026-04-14 07:22:27.648 [ERROR]    doris_mcp_server.utils.db:1270 - Stale connection cleanup error: 'NoneType' object has no attribute 'size'
2026-04-14 07:22:34.162 [ERROR]    doris_mcp_server.utils.db:1141 - Pool health test failed: 'NoneType' object has no attribute 'acquire'
2026-04-14 07:22:40.367 [ERROR]    doris_mcp_server.utils.db:1141 - Pool health test failed: 'NoneType' object has no attribute 'acquire'
2026-04-14 07:22:43.045 [ERROR]    doris_mcp_server.utils.db:1141 - Pool health test failed: 'NoneType' object has no attribute 'acquire'
2026-04-14 07:22:43.116 [ERROR]    doris_mcp_server.utils.db:1141 - Pool health test failed: (1203, 'Reach limit of connections. Total: 1024, User: 100, Current: 123')
2026-04-14 07:22:45.174 [ERROR]    doris_mcp_server.utils.db:1141 - Pool health test failed: (1203, 'Reach limit of connections. Total: 1024, User: 100, Current: 123')
2026-04-14 07:22:47.242 [ERROR]    doris_mcp_server.utils.db:1141 - Pool health test failed: (1203, 'Reach limit of connections. Total: 1024, User: 100, Current: 123')
2026-04-14 07:22:47.244 [ERROR]    doris_mcp_server.utils.db:1361 - ❌ Pool recovery failed after all attempts
2026-04-14 07:23:17.246 [ERROR]    doris_mcp_server.utils.db:1141 - Pool health test failed: 'NoneType' object has no attribute 'acquire'
2026-04-14 07:23:17.310 [ERROR]    doris_mcp_server.utils.db:1141 - Pool health test failed: (1203, 'Reach limit of connections. Total: 1024, User: 100, Current: 123')
2026-04-14 07:23:19.374 [ERROR]    doris_mcp_server.utils.db:1141 - Pool health test failed: (1203, 'Reach limit of connections. Total: 1024, User: 100, Current: 123')
2026-04-14 07:23:21.434 [ERROR]    doris_mcp_server.utils.db:1141 - Pool health test failed: (1203, 'Reach limit of connections. Total: 1024, User: 100, Current: 123')
2026-04-14 07:23:21.434 [ERROR]    doris_mcp_server.utils.db:1361 - ❌ Pool recovery failed after all attempts
2026-04-14 07:23:27.546 [ERROR]    doris_mcp_server.utils.db:1270 - Stale connection cleanup error: 'NoneType' object has no attribute 'size'
2026-04-14 07:23:51.437 [ERROR]    doris_mcp_server.utils.db:1141 - Pool health test failed: 'NoneType' object has no attribute 'acquire'
2026-04-14 07:43:22.429 [ERROR]    doris_mcp_server.utils.db:1141 - Pool health test failed: (2013, 'Lost connection to MySQL server during query ([Errno 60] Operation timed out)')
2026-04-14 07:43:33.532 [ERROR]    doris_mcp_server.utils.db:1141 - Pool health test failed: (2013, 'Lost connection to MySQL server during query ([Errno 60] Operation timed out)')
2026-04-14 07:43:36.150 [ERROR]    doris_mcp_server.utils.db:1141 - Pool health test failed: (2013, 'Lost connection to MySQL server during query ([Errno 60] Operation timed out)')
2026-04-14 07:58:50.041 [ERROR]    doris_mcp_server.utils.db:1141 - Pool health test failed: (2013, 'Lost connection to MySQL server during query ([Errno 60] Operation timed out)')
2026-04-14 07:59:17.669 [ERROR]    doris_mcp_server.utils.db:1141 - Pool health test failed: (2013, 'Lost connection to MySQL server during query ([Errno 60] Operation timed out)')
2026-04-14 07:59:30.229 [ERROR]    doris_mcp_server.utils.db:1141 - Pool health test failed: (2013, 'Lost connection to MySQL server during query ([Errno 60] Operation timed out)')
2026-04-14 07:59:31.198 [ERROR]    doris_mcp_server.utils.db:1141 - Pool health test failed: (2013, 'Lost connection to MySQL server during query ([Errno 60] Operation timed out)')
2026-04-14 08:05:20.371 [ERROR]    doris_mcp_server.utils.db:1141 - Pool health test failed: (2013, 'Lost connection to MySQL server during query ([Errno 60] Operation timed out)')
2026-04-14 08:05:26.406 [ERROR]    doris_mcp_server.utils.db:1141 - Pool health test failed: (2013, 'Lost connection to MySQL server during query ([Errno 60] Operation timed out)')
2026-04-14 08:05:33.821 [ERROR]    doris_mcp_server.utils.db:1141 - Pool health test failed: (2013, 'Lost connection to MySQL server during query ([Errno 60] Operation timed out)')
2026-04-14 08:05:34.616 [ERROR]    doris_mcp_server.utils.db:1141 - Pool health test failed: (2013, 'Lost connection to MySQL server during query ([Errno 60] Operation timed out)')
2026-04-14 08:14:07.234 [ERROR]    doris_mcp_server.utils.db:1141 - Pool health test failed: (1203, 'Reach limit of connections. Total: 1024, User: 100, Current: 123')
2026-04-14 08:14:09.291 [ERROR]    doris_mcp_server.utils.db:1141 - Pool health test failed: (1203, 'Reach limit of connections. Total: 1024, User: 100, Current: 123')
2026-04-14 08:14:11.362 [ERROR]    doris_mcp_server.utils.db:1141 - Pool health test failed: (1203, 'Reach limit of connections. Total: 1024, User: 100, Current: 123')
2026-04-14 08:14:11.363 [ERROR]    doris_mcp_server.utils.db:1361 - ❌ Pool recovery failed after all attempts
2026-04-14 08:14:41.365 [ERROR]    doris_mcp_server.utils.db:1141 - Pool health test failed: 'NoneType' object has no attribute 'acquire'
2026-04-14 08:14:41.442 [ERROR]    doris_mcp_server.utils.db:1141 - Pool health test failed: (1203, 'Reach limit of connections. Total: 1024, User: 100, Current: 123')
2026-04-14 08:14:41.709 [ERROR]    doris_mcp_server.utils.db:1141 - Pool health test failed: (2013, 'Lost connection to MySQL server during query ([Errno 60] Operation timed out)')
2026-04-14 08:14:41.775 [ERROR]    doris_mcp_server.utils.db:1141 - Pool health test failed: (1203, 'Reach limit of connections. Total: 1024, User: 100, Current: 123')
2026-04-14 08:14:43.877 [ERROR]    doris_mcp_server.utils.db:1141 - Pool health test failed: (1203, 'Reach limit of connections. Total: 1024, User: 100, Current: 123')
2026-04-14 08:14:44.530 [ERROR]    doris_mcp_server.utils.db:1141 - Pool health test failed: (1203, 'Reach limit of connections. Total: 1024, User: 100, Current: 123')
2026-04-14 08:14:45.951 [ERROR]    doris_mcp_server.utils.db:1141 - Pool health test failed: (1203, 'Reach limit of connections. Total: 1024, User: 100, Current: 123')
2026-04-14 08:14:45.952 [ERROR]    doris_mcp_server.utils.db:1361 - ❌ Pool recovery failed after all attempts
2026-04-14 08:14:46.605 [ERROR]    doris_mcp_server.utils.db:1141 - Pool health test failed: (1203, 'Reach limit of connections. Total: 1024, User: 100, Current: 123')
2026-04-14 08:14:46.605 [ERROR]    doris_mcp_server.utils.db:1361 - ❌ Pool recovery failed after all attempts
2026-04-14 08:14:47.346 [ERROR]    doris_mcp_server.utils.db:1270 - Stale connection cleanup error: 'NoneType' object has no attribute 'size'
2026-04-14 08:14:47.459 [ERROR]    doris_mcp_server.utils.db:1270 - Stale connection cleanup error: 'NoneType' object has no attribute 'size'
2026-04-14 08:30:53.220 [ERROR]    doris_mcp_server.utils.db:1141 - Pool health test failed: (2013, 'Lost connection to MySQL server during query ([Errno 60] Operation timed out)')
2026-04-14 08:31:14.011 [ERROR]    doris_mcp_server.utils.db:1141 - Pool health test failed: 'NoneType' object has no attribute 'acquire'
2026-04-14 08:31:14.664 [ERROR]    doris_mcp_server.utils.db:1141 - Pool health test failed: 'NoneType' object has no attribute 'acquire'
2026-04-14 08:39:54.022 [ERROR]    doris_mcp_server.utils.db:1141 - Pool health test failed: (2013, 'Lost connection to MySQL server during query ([Errno 60] Operation timed out)')
2026-04-14 08:39:54.958 [ERROR]    doris_mcp_server.utils.db:1141 - Pool health test failed: (2013, 'Lost connection to MySQL server during query ([Errno 60] Operation timed out)')
2026-04-14 08:40:01.535 [ERROR]    doris_mcp_server.utils.db:1141 - Pool health test failed: (2013, 'Lost connection to MySQL server during query ([Errno 60] Operation timed out)')
2026-04-14 12:20:13.173 [ERROR]    doris_mcp_server.utils.db:1141 - Pool health test failed: (2013, 'Lost connection to MySQL server during query ([Errno 60] Operation timed out)')
2026-04-14 12:20:32.768 [ERROR]    doris_mcp_server.utils.db:1141 - Pool health test failed: (2013, 'Lost connection to MySQL server during query ([Errno 60] Operation timed out)')
2026-04-14 12:20:33.418 [ERROR]    doris_mcp_server.utils.db:1141 - Pool health test failed: (2013, 'Lost connection to MySQL server during query ([Errno 60] Operation timed out)')
2026-04-14 12:36:11.322 [ERROR]    doris_mcp_server.utils.db:1141 - Pool health test failed: (2013, 'Lost connection to MySQL server during query ([Errno 60] Operation timed out)')
2026-04-14 12:36:29.945 [ERROR]    doris_mcp_server.utils.db:1141 - Pool health test failed: (2013, 'Lost connection to MySQL server during query ([Errno 60] Operation timed out)')
2026-04-14 12:36:30.183 [ERROR]    doris_mcp_server.utils.db:1141 - Pool health test failed: (2013, 'Lost connection to MySQL server during query ([Errno 60] Operation timed out)')
2026-04-14 12:40:40.901 [ERROR]    doris_mcp_server.utils.db:1141 - Pool health test failed: (2013, 'Lost connection to MySQL server during query ([Errno 60] Operation timed out)')
2026-04-14 12:57:44.211 [ERROR]    doris_mcp_server.utils.db:1141 - Pool health test failed: (2013, 'Lost connection to MySQL server during query ([Errno 60] Operation timed out)')
2026-04-14 12:57:45.098 [ERROR]    doris_mcp_server.utils.db:1141 - Pool health test failed: (2013, 'Lost connection to MySQL server during query ([Errno 60] Operation timed out)')
2026-04-14 12:57:46.618 [ERROR]    doris_mcp_server.utils.db:1141 - Pool health test failed: (2013, 'Lost connection to MySQL server during query ([Errno 60] Operation timed out)')
2026-04-14 13:14:31.492 [ERROR]    doris_mcp_server.utils.db:1141 - Pool health test failed: (2013, 'Lost connection to MySQL server during query ([Errno 60] Operation timed out)')
2026-04-14 13:14:35.557 [ERROR]    doris_mcp_server.utils.db:1141 - Pool health test failed: (2013, 'Lost connection to MySQL server during query ([Errno 60] Operation timed out)')
2026-04-14 13:29:50.888 [ERROR]    doris_mcp_server.utils.db:1141 - Pool health test failed: (2013, 'Lost connection to MySQL server during query ([Errno 60] Operation timed out)')
2026-04-14 13:30:41.676 [ERROR]    doris_mcp_server.utils.db:1141 - Pool health test failed: (2013, 'Lost connection to MySQL server during query ([Errno 60] Operation timed out)')
2026-04-14 15:48:38.684 [ERROR]    doris_mcp_server.utils.db:1141 - Pool health test failed: (2013, "Lost connection to MySQL server during query ([Errno 49] Can't assign requested address)")
2026-04-14 15:48:50.338 [ERROR]    doris_mcp_server.utils.db:1141 - Pool health test failed: (2013, "Lost connection to MySQL server during query ([Errno 49] Can't assign requested address)")
2026-04-15 18:19:15.301 [ERROR]    doris_mcp_server.utils.db:1141 - Pool health test failed: (2013, 'Lost connection to MySQL server during query ([Errno 60] Operation timed out)')
2026-04-15 18:36:20.813 [ERROR]    doris_mcp_server.utils.db:1141 - Pool health test failed: (2013, 'Lost connection to MySQL server during query ([Errno 60] Operation timed out)')
2026-04-15 18:54:50.511 [ERROR]    doris_mcp_server.utils.db:1141 - Pool health test failed: (2013, 'Lost connection to MySQL server during query ([Errno 60] Operation timed out)')
2026-04-15 20:04:19.929 [ERROR]    doris_mcp_server.utils.db:1141 - Pool health test failed: (2013, 'Lost connection to MySQL server during query ([Errno 60] Operation timed out)')
2026-04-15 20:37:54.114 [ERROR]    doris_mcp_server.utils.db:1141 - Pool health test failed: (2013, 'Lost connection to MySQL server during query ([Errno 60] Operation timed out)')
2026-04-15 20:55:51.881 [ERROR]    doris_mcp_server.utils.db:1141 - Pool health test failed: (2013, 'Lost connection to MySQL server during query ([Errno 60] Operation timed out)')
2026-04-15 21:05:06.621 [ERROR]    doris_mcp_server.utils.db:1141 - Pool health test failed: (2013, 'Lost connection to MySQL server during query ([Errno 60] Operation timed out)')
2026-04-15 21:25:13.629 [ERROR]    doris_mcp_server.utils.db:1141 - Pool health test failed: (2013, 'Lost connection to MySQL server during query ([Errno 60] Operation timed out)')
2026-04-15 21:45:11.393 [ERROR]    doris_mcp_server.utils.db:1141 - Pool health test failed: (2013, 'Lost connection to MySQL server during query ([Errno 60] Operation timed out)')
2026-04-15 22:03:03.628 [ERROR]    doris_mcp_server.utils.db:1141 - Pool health test failed: (2013, 'Lost connection to MySQL server during query ([Errno 60] Operation timed out)')
2026-04-15 22:25:34.390 [ERROR]    doris_mcp_server.utils.db:1141 - Pool health test failed: (2013, 'Lost connection to MySQL server during query ([Errno 60] Operation timed out)')
2026-04-15 22:42:05.482 [ERROR]    doris_mcp_server.utils.db:1141 - Pool health test failed: (2013, 'Lost connection to MySQL server during query ([Errno 60] Operation timed out)')
2026-04-16 14:19:18.004 [ERROR]    doris_mcp_server.utils.db:1141 - Pool health test failed: (2013, "Lost connection to MySQL server during query ([Errno 49] Can't assign requested address)")
2026-04-16 17:15:18.407 [ERROR]    doris_mcp_server.utils.db:1141 - Pool health test failed: (2013, 'Lost connection to MySQL server during query ([Errno 60] Operation timed out)')
2026-04-16 17:15:26.415 [ERROR]    doris_mcp_server.utils.db:1340 - Pool recovery attempt 1 timed out
2026-04-16 17:15:28.419 [ERROR]    doris_mcp_server.utils.db:1141 - Pool health test failed: (2003, "Can't connect to MySQL server on '124.71.61.163'")
2026-04-16 17:15:30.422 [ERROR]    doris_mcp_server.utils.db:1141 - Pool health test failed: (2003, "Can't connect to MySQL server on '124.71.61.163'")
2026-04-16 17:15:30.423 [ERROR]    doris_mcp_server.utils.db:1361 - ❌ Pool recovery failed after all attempts
2026-04-16 17:15:34.265 [ERROR]    doris_mcp_server.utils.db:1270 - Stale connection cleanup error: 'NoneType' object has no attribute 'size'
2026-04-16 17:20:59.363 [ERROR]    doris_mcp_server.utils.db:1141 - Pool health test failed: 'NoneType' object has no attribute 'acquire'
2026-04-16 17:21:04.367 [ERROR]    doris_mcp_server.utils.db:1340 - Pool recovery attempt 1 timed out
2026-04-16 17:26:04.946 [ERROR]    doris_mcp_server.utils.db:1141 - Pool health test failed: (2013, 'Lost connection to MySQL server during query ([Errno 60] Operation timed out)')
2026-04-16 18:26:08.692 [ERROR]    doris_mcp_server.utils.db:1141 - Pool health test failed: (2013, 'Lost connection to MySQL server during query ([Errno 60] Operation timed out)')
2026-04-16 18:42:33.306 [ERROR]    doris_mcp_server.utils.db:1141 - Pool health test failed: (2013, 'Lost connection to MySQL server during query ([Errno 60] Operation timed out)')
2026-04-16 18:58:31.430 [ERROR]    doris_mcp_server.utils.db:1141 - Pool health test failed: (2013, 'Lost connection to MySQL server during query ([Errno 60] Operation timed out)')
2026-04-16 19:15:42.731 [ERROR]    doris_mcp_server.utils.db:1141 - Pool health test failed: (2013, 'Lost connection to MySQL server during query ([Errno 60] Operation timed out)')
2026-04-16 19:31:50.584 [ERROR]    doris_mcp_server.utils.db:1141 - Pool health test failed: (2013, 'Lost connection to MySQL server during query ([Errno 60] Operation timed out)')
2026-04-16 19:49:50.728 [ERROR]    doris_mcp_server.utils.db:1141 - Pool health test failed: (2013, 'Lost connection to MySQL server during query ([Errno 60] Operation timed out)')
2026-04-16 20:09:49.295 [ERROR]    doris_mcp_server.utils.db:1141 - Pool health test failed: (2013, 'Lost connection to MySQL server during query ([Errno 60] Operation timed out)')
2026-04-16 20:28:01.696 [ERROR]    doris_mcp_server.utils.db:1141 - Pool health test failed: (2013, 'Lost connection to MySQL server during query ([Errno 60] Operation timed out)')
2026-04-16 20:44:01.829 [ERROR]    doris_mcp_server.utils.db:1141 - Pool health test failed: (2013, 'Lost connection to MySQL server during query ([Errno 60] Operation timed out)')
2026-04-16 21:10:09.016 [ERROR]    doris_mcp_server.utils.db:1141 - Pool health test failed: (2013, 'Lost connection to MySQL server during query ([Errno 60] Operation timed out)')
2026-04-16 21:42:18.669 [ERROR]    doris_mcp_server.utils.db:1141 - Pool health test failed: (2013, 'Lost connection to MySQL server during query ([Errno 60] Operation timed out)')
2026-04-16 22:01:31.045 [ERROR]    doris_mcp_server.utils.db:1141 - Pool health test failed: (2013, 'Lost connection to MySQL server during query ([Errno 60] Operation timed out)')
2026-04-16 22:11:35.872 [ERROR]    doris_mcp_server.utils.db:1141 - Pool health test failed: (2013, 'Lost connection to MySQL server during query ([Errno 60] Operation timed out)')
2026-04-16 22:27:58.370 [ERROR]    doris_mcp_server.utils.db:1141 - Pool health test failed: (2013, 'Lost connection to MySQL server during query ([Errno 60] Operation timed out)')
2026-04-16 22:44:52.149 [ERROR]    doris_mcp_server.utils.db:1141 - Pool health test failed: (2013, 'Lost connection to MySQL server during query ([Errno 60] Operation timed out)')
2026-04-16 23:01:01.528 [ERROR]    doris_mcp_server.utils.db:1141 - Pool health test failed: (2013, 'Lost connection to MySQL server during query ([Errno 60] Operation timed out)')
2026-04-16 23:17:14.721 [ERROR]    doris_mcp_server.utils.db:1141 - Pool health test failed: (2013, 'Lost connection to MySQL server during query ([Errno 60] Operation timed out)')
2026-04-16 23:35:07.433 [ERROR]    doris_mcp_server.utils.db:1141 - Pool health test failed: (2013, 'Lost connection to MySQL server during query ([Errno 60] Operation timed out)')
2026-04-16 23:51:40.555 [ERROR]    doris_mcp_server.utils.db:1141 - Pool health test failed: (2013, 'Lost connection to MySQL server during query ([Errno 60] Operation timed out)')
2026-04-17 00:07:35.380 [ERROR]    doris_mcp_server.utils.db:1141 - Pool health test failed: (2003, "Can't connect to MySQL server on '124.71.61.163'")
2026-04-17 00:25:13.643 [ERROR]    doris_mcp_server.utils.db:1141 - Pool health test failed: (2013, 'Lost connection to MySQL server during query ([Errno 60] Operation timed out)')
2026-04-17 00:34:40.166 [ERROR]    doris_mcp_server.utils.db:1141 - Pool health test failed: (2013, 'Lost connection to MySQL server during query ([Errno 60] Operation timed out)')
2026-04-17 00:52:47.840 [ERROR]    doris_mcp_server.utils.db:1141 - Pool health test failed: (2013, 'Lost connection to MySQL server during query ([Errno 60] Operation timed out)')
2026-04-17 01:10:19.399 [ERROR]    doris_mcp_server.utils.db:1141 - Pool health test failed: (2013, 'Lost connection to MySQL server during query ([Errno 60] Operation timed out)')
2026-04-17 01:26:24.602 [ERROR]    doris_mcp_server.utils.db:1141 - Pool health test failed: (2013, 'Lost connection to MySQL server during query ([Errno 60] Operation timed out)')
2026-04-17 01:59:32.186 [ERROR]    doris_mcp_server.utils.db:1141 - Pool health test failed: (2013, 'Lost connection to MySQL server during query ([Errno 60] Operation timed out)')
2026-04-17 02:34:03.214 [ERROR]    doris_mcp_server.utils.db:1141 - Pool health test failed: (2013, 'Lost connection to MySQL server during query ([Errno 60] Operation timed out)')
2026-04-17 03:09:36.060 [ERROR]    doris_mcp_server.utils.db:1141 - Pool health test failed: (2013, 'Lost connection to MySQL server during query ([Errno 60] Operation timed out)')
2026-04-17 03:26:37.319 [ERROR]    doris_mcp_server.utils.db:1141 - Pool health test failed: (2013, 'Lost connection to MySQL server during query ([Errno 60] Operation timed out)')
2026-04-17 03:43:03.788 [ERROR]    doris_mcp_server.utils.db:1141 - Pool health test failed: (2013, 'Lost connection to MySQL server during query ([Errno 60] Operation timed out)')
2026-04-17 03:59:30.304 [ERROR]    doris_mcp_server.utils.db:1141 - Pool health test failed: (2013, 'Lost connection to MySQL server during query ([Errno 60] Operation timed out)')
2026-04-17 04:21:06.387 [ERROR]    doris_mcp_server.utils.db:1141 - Pool health test failed: (2013, 'Lost connection to MySQL server during query ([Errno 60] Operation timed out)')
2026-04-17 04:38:24.025 [ERROR]    doris_mcp_server.utils.db:1141 - Pool health test failed: (2013, 'Lost connection to MySQL server during query ([Errno 60] Operation timed out)')
2026-04-17 04:54:59.047 [ERROR]    doris_mcp_server.utils.db:1141 - Pool health test failed: (2013, 'Lost connection to MySQL server during query ([Errno 60] Operation timed out)')
2026-04-17 05:20:12.371 [ERROR]    doris_mcp_server.utils.db:1141 - Pool health test failed: (2013, 'Lost connection to MySQL server during query ([Errno 60] Operation timed out)')
2026-04-17 05:36:12.763 [ERROR]    doris_mcp_server.utils.db:1141 - Pool health test failed: (2013, 'Lost connection to MySQL server during query ([Errno 60] Operation timed out)')
2026-04-17 05:52:50.068 [ERROR]    doris_mcp_server.utils.db:1141 - Pool health test failed: (2013, 'Lost connection to MySQL server during query ([Errno 60] Operation timed out)')
2026-04-17 06:04:44.931 [ERROR]    doris_mcp_server.utils.db:1141 - Pool health test failed: (2013, 'Lost connection to MySQL server during query ([Errno 60] Operation timed out)')
2026-04-17 06:20:54.145 [ERROR]    doris_mcp_server.utils.db:1141 - Pool health test failed: (2013, 'Lost connection to MySQL server during query ([Errno 60] Operation timed out)')
2026-04-17 06:37:25.812 [ERROR]    doris_mcp_server.utils.db:1141 - Pool health test failed: (2013, 'Lost connection to MySQL server during query ([Errno 60] Operation timed out)')
2026-04-17 06:54:23.502 [ERROR]    doris_mcp_server.utils.db:1141 - Pool health test failed: (2013, 'Lost connection to MySQL server during query ([Errno 60] Operation timed out)')
2026-04-17 07:06:08.107 [ERROR]    doris_mcp_server.utils.db:1141 - Pool health test failed: (2013, 'Lost connection to MySQL server during query ([Errno 60] Operation timed out)')
2026-04-17 07:37:58.738 [ERROR]    doris_mcp_server.utils.db:1141 - Pool health test failed: (2013, 'Lost connection to MySQL server during query ([Errno 60] Operation timed out)')
2026-04-17 07:54:42.819 [ERROR]    doris_mcp_server.utils.db:1141 - Pool health test failed: (2013, 'Lost connection to MySQL server during query ([Errno 60] Operation timed out)')
2026-04-17 08:06:43.375 [ERROR]    doris_mcp_server.utils.db:1141 - Pool health test failed: (2013, 'Lost connection to MySQL server during query ([Errno 60] Operation timed out)')
2026-04-17 08:22:33.818 [ERROR]    doris_mcp_server.utils.db:1141 - Pool health test failed: (2013, 'Lost connection to MySQL server during query ([Errno 60] Operation timed out)')
2026-04-17 08:33:28.866 [ERROR]    doris_mcp_server.utils.db:1141 - Pool health test failed: (2013, 'Lost connection to MySQL server during query ([Errno 60] Operation timed out)')
2026-04-17 10:08:23.629 [ERROR]    doris_mcp_server.utils.db:1141 - Pool health test failed: (2013, 'Lost connection to MySQL server during query ([Errno 60] Operation timed out)')
2026-04-20 11:20:49.702 [ERROR]    doris_mcp_server.utils.db:1141 - Pool health test failed: (2013, 'Lost connection to MySQL server during query ([Errno 60] Operation timed out)')
2026-04-20 11:38:09.708 [ERROR]    doris_mcp_server.utils.db:1141 - Pool health test failed: (2013, 'Lost connection to MySQL server during query ([Errno 60] Operation timed out)')
2026-04-20 11:56:43.921 [ERROR]    doris_mcp_server.utils.db:1141 - Pool health test failed: (2013, 'Lost connection to MySQL server during query ([Errno 60] Operation timed out)')
2026-04-20 12:18:58.978 [ERROR]    doris_mcp_server.utils.db:1141 - Pool health test failed: (2013, 'Lost connection to MySQL server during query ([Errno 60] Operation timed out)')
2026-04-20 12:35:56.623 [ERROR]    doris_mcp_server.utils.db:1141 - Pool health test failed: (2013, 'Lost connection to MySQL server during query ([Errno 60] Operation timed out)')
2026-04-20 12:54:00.062 [ERROR]    doris_mcp_server.utils.db:1141 - Pool health test failed: (2013, 'Lost connection to MySQL server during query ([Errno 60] Operation timed out)')
2026-04-20 13:10:29.468 [ERROR]    doris_mcp_server.utils.db:1141 - Pool health test failed: (2013, 'Lost connection to MySQL server during query ([Errno 60] Operation timed out)')
2026-04-20 13:28:40.536 [ERROR]    doris_mcp_server.utils.db:1141 - Pool health test failed: (2013, 'Lost connection to MySQL server during query ([Errno 60] Operation timed out)')
2026-04-20 13:30:30.427 [ERROR]    doris_mcp_server.utils.db:1141 - Pool health test failed: (2013, 'Lost connection to MySQL server during query ([Errno 60] Operation timed out)')
2026-04-20 17:23:19.755 [ERROR]    doris_mcp_server.utils.db:1141 - Pool health test failed: (2013, 'Lost connection to MySQL server during query ([Errno 60] Operation timed out)')
2026-04-20 18:25:23.374 [ERROR]    doris_mcp_server.utils.db:1141 - Pool health test failed: (2013, 'Lost connection to MySQL server during query ([Errno 60] Operation timed out)')
2026-04-20 18:42:32.128 [ERROR]    doris_mcp_server.utils.db:1141 - Pool health test failed: (2013, 'Lost connection to MySQL server during query ([Errno 60] Operation timed out)')
2026-04-20 18:59:42.120 [ERROR]    doris_mcp_server.utils.db:1141 - Pool health test failed: (2013, 'Lost connection to MySQL server during query ([Errno 60] Operation timed out)')
2026-04-20 19:17:18.307 [ERROR]    doris_mcp_server.utils.db:1141 - Pool health test failed: (2013, 'Lost connection to MySQL server during query ([Errno 60] Operation timed out)')
2026-04-20 19:52:59.521 [ERROR]    doris_mcp_server.utils.db:1141 - Pool health test failed: (2013, 'Lost connection to MySQL server during query ([Errno 60] Operation timed out)')
2026-04-20 20:08:21.204 [ERROR]    doris_mcp_server.utils.db:1141 - Pool health test failed: (2013, 'Lost connection to MySQL server during query ([Errno 60] Operation timed out)')
2026-04-20 20:41:40.531 [ERROR]    doris_mcp_server.utils.db:1141 - Pool health test failed: (2013, 'Lost connection to MySQL server during query ([Errno 60] Operation timed out)')
2026-04-20 21:04:09.145 [ERROR]    doris_mcp_server.utils.db:1141 - Pool health test failed: (2013, 'Lost connection to MySQL server during query ([Errno 60] Operation timed out)')
2026-04-20 21:09:05.535 [ERROR]    doris_mcp_server.utils.db:1141 - Pool health test failed: (2013, 'Lost connection to MySQL server during query ([Errno 60] Operation timed out)')
2026-04-20 21:26:25.991 [ERROR]    doris_mcp_server.utils.db:1141 - Pool health test failed: (2013, 'Lost connection to MySQL server during query ([Errno 60] Operation timed out)')
2026-04-20 21:43:56.881 [ERROR]    doris_mcp_server.utils.db:1141 - Pool health test failed: (2013, 'Lost connection to MySQL server during query ([Errno 60] Operation timed out)')
2026-04-20 22:01:54.240 [ERROR]    doris_mcp_server.utils.db:1141 - Pool health test failed: (2013, 'Lost connection to MySQL server during query ([Errno 60] Operation timed out)')
2026-04-20 22:10:00.778 [ERROR]    doris_mcp_server.utils.db:1141 - Pool health test failed: (2013, 'Lost connection to MySQL server during query ([Errno 60] Operation timed out)')
2026-04-20 22:25:52.285 [ERROR]    doris_mcp_server.utils.db:1141 - Pool health test failed: (2013, 'Lost connection to MySQL server during query ([Errno 60] Operation timed out)')
2026-04-20 22:43:17.740 [ERROR]    doris_mcp_server.utils.db:1141 - Pool health test failed: (2013, 'Lost connection to MySQL server during query ([Errno 60] Operation timed out)')
2026-04-20 23:10:37.186 [ERROR]    doris_mcp_server.utils.db:1141 - Pool health test failed: (2013, 'Lost connection to MySQL server during query ([Errno 60] Operation timed out)')
2026-04-20 23:28:06.554 [ERROR]    doris_mcp_server.utils.db:1141 - Pool health test failed: (2013, 'Lost connection to MySQL server during query ([Errno 60] Operation timed out)')
2026-04-20 23:45:16.850 [ERROR]    doris_mcp_server.utils.db:1141 - Pool health test failed: (2013, 'Lost connection to MySQL server during query ([Errno 60] Operation timed out)')
2026-04-21 00:01:13.705 [ERROR]    doris_mcp_server.utils.db:1141 - Pool health test failed: (2013, 'Lost connection to MySQL server during query ([Errno 60] Operation timed out)')
2026-04-21 00:12:02.012 [ERROR]    doris_mcp_server.utils.db:1141 - Pool health test failed: (2013, 'Lost connection to MySQL server during query ([Errno 60] Operation timed out)')
2026-04-21 00:28:42.439 [ERROR]    doris_mcp_server.utils.db:1141 - Pool health test failed: (2013, 'Lost connection to MySQL server during query ([Errno 60] Operation timed out)')
2026-04-21 00:44:47.435 [ERROR]    doris_mcp_server.utils.db:1141 - Pool health test failed: (2013, 'Lost connection to MySQL server during query ([Errno 60] Operation timed out)')
2026-04-21 01:00:45.525 [ERROR]    doris_mcp_server.utils.db:1141 - Pool health test failed: (2013, 'Lost connection to MySQL server during query ([Errno 60] Operation timed out)')
2026-04-21 01:16:40.811 [ERROR]    doris_mcp_server.utils.db:1141 - Pool health test failed: (2013, 'Lost connection to MySQL server during query ([Errno 60] Operation timed out)')
2026-04-21 01:34:09.374 [ERROR]    doris_mcp_server.utils.db:1141 - Pool health test failed: (2013, 'Lost connection to MySQL server during query ([Errno 60] Operation timed out)')
2026-04-21 01:51:16.366 [ERROR]    doris_mcp_server.utils.db:1141 - Pool health test failed: (2013, 'Lost connection to MySQL server during query ([Errno 60] Operation timed out)')
2026-04-21 02:25:29.615 [ERROR]    doris_mcp_server.utils.db:1141 - Pool health test failed: (2013, 'Lost connection to MySQL server during query ([Errno 60] Operation timed out)')
2026-04-21 02:43:26.218 [ERROR]    doris_mcp_server.utils.db:1141 - Pool health test failed: (2013, 'Lost connection to MySQL server during query ([Errno 60] Operation timed out)')
2026-04-21 02:59:24.654 [ERROR]    doris_mcp_server.utils.db:1141 - Pool health test failed: (2013, 'Lost connection to MySQL server during query ([Errno 60] Operation timed out)')
2026-04-21 03:17:44.832 [ERROR]    doris_mcp_server.utils.db:1141 - Pool health test failed: (2013, 'Lost connection to MySQL server during query ([Errno 60] Operation timed out)')
2026-04-21 03:34:11.302 [ERROR]    doris_mcp_server.utils.db:1141 - Pool health test failed: (2013, 'Lost connection to MySQL server during query ([Errno 60] Operation timed out)')
2026-04-21 03:50:58.149 [ERROR]    doris_mcp_server.utils.db:1141 - Pool health test failed: (2013, 'Lost connection to MySQL server during query ([Errno 60] Operation timed out)')
2026-04-21 04:03:47.439 [ERROR]    doris_mcp_server.utils.db:1141 - Pool health test failed: (2013, 'Lost connection to MySQL server during query ([Errno 60] Operation timed out)')
2026-04-21 04:20:52.547 [ERROR]    doris_mcp_server.utils.db:1141 - Pool health test failed: (2013, 'Lost connection to MySQL server during query ([Errno 60] Operation timed out)')
2026-04-21 04:37:17.392 [ERROR]    doris_mcp_server.utils.db:1141 - Pool health test failed: (2013, 'Lost connection to MySQL server during query ([Errno 60] Operation timed out)')
2026-04-21 04:53:41.011 [ERROR]    doris_mcp_server.utils.db:1141 - Pool health test failed: (2013, 'Lost connection to MySQL server during query ([Errno 60] Operation timed out)')
2026-04-21 05:10:56.134 [ERROR]    doris_mcp_server.utils.db:1141 - Pool health test failed: (2013, 'Lost connection to MySQL server during query ([Errno 60] Operation timed out)')
2026-04-21 05:28:16.367 [ERROR]    doris_mcp_server.utils.db:1141 - Pool health test failed: (2013, 'Lost connection to MySQL server during query ([Errno 60] Operation timed out)')
2026-04-21 05:44:58.993 [ERROR]    doris_mcp_server.utils.db:1141 - Pool health test failed: (2013, 'Lost connection to MySQL server during query ([Errno 60] Operation timed out)')
2026-04-21 06:22:22.910 [ERROR]    doris_mcp_server.utils.db:1141 - Pool health test failed: (2013, 'Lost connection to MySQL server during query ([Errno 60] Operation timed out)')
2026-04-21 06:57:05.193 [ERROR]    doris_mcp_server.utils.db:1141 - Pool health test failed: (2013, 'Lost connection to MySQL server during query ([Errno 60] Operation timed out)')
2026-04-21 07:21:49.426 [ERROR]    doris_mcp_server.utils.db:1141 - Pool health test failed: (2013, 'Lost connection to MySQL server during query ([Errno 60] Operation timed out)')
2026-04-21 07:37:40.000 [ERROR]    doris_mcp_server.utils.db:1141 - Pool health test failed: (2013, 'Lost connection to MySQL server during query ([Errno 60] Operation timed out)')
2026-04-21 07:54:23.778 [ERROR]    doris_mcp_server.utils.db:1141 - Pool health test failed: (2013, 'Lost connection to MySQL server during query ([Errno 60] Operation timed out)')
2026-04-21 08:06:36.737 [ERROR]    doris_mcp_server.utils.db:1141 - Pool health test failed: (2013, 'Lost connection to MySQL server during query ([Errno 60] Operation timed out)')
2026-04-21 08:23:12.229 [ERROR]    doris_mcp_server.utils.db:1141 - Pool health test failed: (2013, 'Lost connection to MySQL server during query ([Errno 60] Operation timed out)')
2026-04-21 08:36:41.165 [ERROR]    doris_mcp_server.utils.db:1141 - Pool health test failed: (2013, 'Lost connection to MySQL server during query ([Errno 60] Operation timed out)')
2026-04-21 09:13:55.569 [ERROR]    doris_mcp_server.utils.db:1141 - Pool health test failed: (2013, 'Lost connection to MySQL server during query ([Errno 60] Operation timed out)')
2026-04-21 10:02:29.183 [ERROR]    doris_mcp_server.utils.db:1141 - Pool health test failed: (2013, 'Lost connection to MySQL server during query ([Errno 60] Operation timed out)')
2026-04-21 10:27:32.050 [ERROR]    doris_mcp_server.utils.db:1141 - Pool health test failed: (2013, 'Lost connection to MySQL server during query ([Errno 60] Operation timed out)')
2026-04-21 14:27:45.002 [ERROR]    doris_mcp_server.utils.db:1141 - Pool health test failed: (2013, "Lost connection to MySQL server during query ([Errno 49] Can't assign requested address)")
2026-04-21 17:36:14.308 [ERROR]    doris_mcp_server.utils.db:1141 - Pool health test failed: (2013, 'Lost connection to MySQL server during query ([Errno 60] Operation timed out)')
2026-04-21 18:23:12.382 [ERROR]    doris_mcp_server.utils.db:1141 - Pool health test failed: (2013, 'Lost connection to MySQL server during query ([Errno 60] Operation timed out)')
2026-04-21 18:41:47.336 [ERROR]    doris_mcp_server.utils.db:1141 - Pool health test failed: (2013, 'Lost connection to MySQL server during query ([Errno 60] Operation timed out)')
2026-04-21 18:57:54.717 [ERROR]    doris_mcp_server.utils.db:1141 - Pool health test failed: (2013, 'Lost connection to MySQL server during query ([Errno 60] Operation timed out)')
2026-04-21 19:15:55.475 [ERROR]    doris_mcp_server.utils.db:1141 - Pool health test failed: (2013, 'Lost connection to MySQL server during query ([Errno 60] Operation timed out)')
2026-04-21 19:31:50.435 [ERROR]    doris_mcp_server.utils.db:1141 - Pool health test failed: (2013, 'Lost connection to MySQL server during query ([Errno 60] Operation timed out)')
2026-04-21 19:50:05.309 [ERROR]    doris_mcp_server.utils.db:1141 - Pool health test failed: (2013, 'Lost connection to MySQL server during query ([Errno 60] Operation timed out)')
2026-04-21 20:05:45.501 [ERROR]    doris_mcp_server.utils.db:1141 - Pool health test failed: (2013, 'Lost connection to MySQL server during query ([Errno 60] Operation timed out)')
2026-04-21 20:25:37.453 [ERROR]    doris_mcp_server.utils.db:1141 - Pool health test failed: (2013, 'Lost connection to MySQL server during query ([Errno 60] Operation timed out)')
2026-04-21 20:41:34.973 [ERROR]    doris_mcp_server.utils.db:1141 - Pool health test failed: (2013, 'Lost connection to MySQL server during query ([Errno 60] Operation timed out)')
2026-04-21 20:58:28.183 [ERROR]    doris_mcp_server.utils.db:1141 - Pool health test failed: (2013, 'Lost connection to MySQL server during query ([Errno 60] Operation timed out)')
2026-04-21 21:07:00.020 [ERROR]    doris_mcp_server.utils.db:1141 - Pool health test failed: (2013, 'Lost connection to MySQL server during query ([Errno 60] Operation timed out)')
2026-04-21 21:23:47.427 [ERROR]    doris_mcp_server.utils.db:1141 - Pool health test failed: (2013, 'Lost connection to MySQL server during query ([Errno 60] Operation timed out)')
2026-04-21 21:40:36.984 [ERROR]    doris_mcp_server.utils.db:1141 - Pool health test failed: (2013, 'Lost connection to MySQL server during query ([Errno 60] Operation timed out)')
2026-04-21 21:57:23.249 [ERROR]    doris_mcp_server.utils.db:1141 - Pool health test failed: (2013, 'Lost connection to MySQL server during query ([Errno 60] Operation timed out)')
2026-04-21 22:08:00.979 [ERROR]    doris_mcp_server.utils.db:1141 - Pool health test failed: (2013, 'Lost connection to MySQL server during query ([Errno 60] Operation timed out)')
2026-04-21 22:25:34.748 [ERROR]    doris_mcp_server.utils.db:1141 - Pool health test failed: (2013, 'Lost connection to MySQL server during query ([Errno 60] Operation timed out)')
2026-04-21 22:43:24.504 [ERROR]    doris_mcp_server.utils.db:1141 - Pool health test failed: (2013, 'Lost connection to MySQL server during query ([Errno 60] Operation timed out)')
2026-04-21 22:59:20.436 [ERROR]    doris_mcp_server.utils.db:1141 - Pool health test failed: (2013, 'Lost connection to MySQL server during query ([Errno 60] Operation timed out)')
2026-04-21 23:15:52.522 [ERROR]    doris_mcp_server.utils.db:1141 - Pool health test failed: (2013, 'Lost connection to MySQL server during query ([Errno 60] Operation timed out)')
2026-04-21 23:31:58.030 [ERROR]    doris_mcp_server.utils.db:1141 - Pool health test failed: (2013, 'Lost connection to MySQL server during query ([Errno 60] Operation timed out)')
2026-04-21 23:48:04.735 [ERROR]    doris_mcp_server.utils.db:1141 - Pool health test failed: (2013, 'Lost connection to MySQL server during query ([Errno 60] Operation timed out)')
2026-04-22 00:04:24.033 [ERROR]    doris_mcp_server.utils.db:1141 - Pool health test failed: (2013, 'Lost connection to MySQL server during query ([Errno 60] Operation timed out)')
2026-04-22 00:20:51.649 [ERROR]    doris_mcp_server.utils.db:1141 - Pool health test failed: (2013, 'Lost connection to MySQL server during query ([Errno 60] Operation timed out)')
2026-04-22 00:36:48.083 [ERROR]    doris_mcp_server.utils.db:1141 - Pool health test failed: (2013, 'Lost connection to MySQL server during query ([Errno 60] Operation timed out)')
2026-04-22 00:53:42.921 [ERROR]    doris_mcp_server.utils.db:1141 - Pool health test failed: (2013, 'Lost connection to MySQL server during query ([Errno 60] Operation timed out)')
2026-04-22 01:11:20.153 [ERROR]    doris_mcp_server.utils.db:1141 - Pool health test failed: (2013, 'Lost connection to MySQL server during query ([Errno 60] Operation timed out)')
2026-04-22 01:27:52.581 [ERROR]    doris_mcp_server.utils.db:1141 - Pool health test failed: (2013, 'Lost connection to MySQL server during query ([Errno 60] Operation timed out)')
2026-04-22 01:40:39.972 [ERROR]    doris_mcp_server.utils.db:1141 - Pool health test failed: (2013, 'Lost connection to MySQL server during query ([Errno 60] Operation timed out)')
2026-04-22 01:57:01.819 [ERROR]    doris_mcp_server.utils.db:1141 - Pool health test failed: (2013, 'Lost connection to MySQL server during query ([Errno 60] Operation timed out)')
2026-04-22 02:13:18.250 [ERROR]    doris_mcp_server.utils.db:1141 - Pool health test failed: (2013, 'Lost connection to MySQL server during query ([Errno 60] Operation timed out)')
2026-04-22 02:30:45.740 [ERROR]    doris_mcp_server.utils.db:1141 - Pool health test failed: (2013, 'Lost connection to MySQL server during query ([Errno 60] Operation timed out)')
2026-04-22 02:47:23.865 [ERROR]    doris_mcp_server.utils.db:1141 - Pool health test failed: (2013, 'Lost connection to MySQL server during query ([Errno 60] Operation timed out)')
2026-04-22 03:03:44.194 [ERROR]    doris_mcp_server.utils.db:1141 - Pool health test failed: (2013, 'Lost connection to MySQL server during query ([Errno 60] Operation timed out)')
2026-04-22 03:21:33.315 [ERROR]    doris_mcp_server.utils.db:1141 - Pool health test failed: (2013, 'Lost connection to MySQL server during query ([Errno 60] Operation timed out)')
2026-04-22 03:39:07.821 [ERROR]    doris_mcp_server.utils.db:1141 - Pool health test failed: (2013, 'Lost connection to MySQL server during query ([Errno 60] Operation timed out)')
2026-04-22 03:56:15.589 [ERROR]    doris_mcp_server.utils.db:1141 - Pool health test failed: (2013, 'Lost connection to MySQL server during query ([Errno 60] Operation timed out)')
2026-04-22 04:14:10.812 [ERROR]    doris_mcp_server.utils.db:1141 - Pool health test failed: (2013, 'Lost connection to MySQL server during query ([Errno 60] Operation timed out)')
2026-04-22 04:32:56.843 [ERROR]    doris_mcp_server.utils.db:1141 - Pool health test failed: (2013, 'Lost connection to MySQL server during query ([Errno 60] Operation timed out)')
2026-04-22 04:50:32.155 [ERROR]    doris_mcp_server.utils.db:1141 - Pool health test failed: (2013, 'Lost connection to MySQL server during query ([Errno 60] Operation timed out)')
2026-04-22 05:15:54.946 [ERROR]    doris_mcp_server.utils.db:1141 - Pool health test failed: (2013, 'Lost connection to MySQL server during query ([Errno 60] Operation timed out)')
2026-04-22 05:48:43.716 [ERROR]    doris_mcp_server.utils.db:1141 - Pool health test failed: (2013, 'Lost connection to MySQL server during query ([Errno 60] Operation timed out)')
2026-04-22 06:00:12.093 [ERROR]    doris_mcp_server.utils.db:1141 - Pool health test failed: (2013, 'Lost connection to MySQL server during query ([Errno 60] Operation timed out)')
2026-04-22 06:17:07.444 [ERROR]    doris_mcp_server.utils.db:1141 - Pool health test failed: (2013, 'Lost connection to MySQL server during query ([Errno 60] Operation timed out)')
2026-04-22 06:33:36.508 [ERROR]    doris_mcp_server.utils.db:1141 - Pool health test failed: (2013, 'Lost connection to MySQL server during query ([Errno 60] Operation timed out)')
2026-04-22 06:50:52.074 [ERROR]    doris_mcp_server.utils.db:1141 - Pool health test failed: (2013, 'Lost connection to MySQL server during query ([Errno 60] Operation timed out)')
2026-04-22 07:01:09.382 [ERROR]    doris_mcp_server.utils.db:1141 - Pool health test failed: (2013, 'Lost connection to MySQL server during query ([Errno 60] Operation timed out)')
2026-04-22 07:18:21.800 [ERROR]    doris_mcp_server.utils.db:1141 - Pool health test failed: (2013, 'Lost connection to MySQL server during query ([Errno 60] Operation timed out)')
2026-04-22 07:34:49.238 [ERROR]    doris_mcp_server.utils.db:1141 - Pool health test failed: (2013, 'Lost connection to MySQL server during query ([Errno 60] Operation timed out)')
2026-04-22 07:51:57.088 [ERROR]    doris_mcp_server.utils.db:1141 - Pool health test failed: (2013, 'Lost connection to MySQL server during query ([Errno 60] Operation timed out)')
2026-04-22 08:02:03.679 [ERROR]    doris_mcp_server.utils.db:1141 - Pool health test failed: (2013, 'Lost connection to MySQL server during query ([Errno 60] Operation timed out)')
2026-04-22 08:19:13.053 [ERROR]    doris_mcp_server.utils.db:1141 - Pool health test failed: (2013, 'Lost connection to MySQL server during query ([Errno 60] Operation timed out)')
2026-04-22 08:35:09.377 [ERROR]    doris_mcp_server.utils.db:1141 - Pool health test failed: (2013, 'Lost connection to MySQL server during query ([Errno 60] Operation timed out)')
2026-04-22 08:41:45.641 [ERROR]    doris_mcp_server.utils.db:1141 - Pool health test failed: (2013, 'Lost connection to MySQL server during query ([Errno 60] Operation timed out)')
2026-04-22 09:26:36.650 [ERROR]    doris_mcp_server.utils.db:1141 - Pool health test failed: (2013, "Lost connection to MySQL server during query ([Errno 49] Can't assign requested address)")
2026-04-22 12:17:53.483 [ERROR]    doris_mcp_server.utils.db:1141 - Pool health test failed: (2013, 'Lost connection to MySQL server during query ([Errno 60] Operation timed out)')
2026-04-22 12:34:15.487 [ERROR]    doris_mcp_server.utils.db:1141 - Pool health test failed: (2013, 'Lost connection to MySQL server during query ([Errno 60] Operation timed out)')
2026-04-22 14:04:18.722 [ERROR]    doris_mcp_server.utils.db:1141 - Pool health test failed: (2013, 'Lost connection to MySQL server during query ([Errno 60] Operation timed out)')
2026-04-22 14:57:10.835 [ERROR]    doris_mcp_server.utils.db:1141 - Pool health test failed: (2013, 'Lost connection to MySQL server during query ([Errno 60] Operation timed out)')
2026-04-22 18:22:05.423 [ERROR]    doris_mcp_server.utils.db:1141 - Pool health test failed: (2013, 'Lost connection to MySQL server during query ([Errno 60] Operation timed out)')
2026-04-22 18:38:29.559 [ERROR]    doris_mcp_server.utils.db:1141 - Pool health test failed: (2013, 'Lost connection to MySQL server during query ([Errno 60] Operation timed out)')
2026-04-22 18:57:57.403 [ERROR]    doris_mcp_server.utils.db:1141 - Pool health test failed: (2013, 'Lost connection to MySQL server during query ([Errno 60] Operation timed out)')
2026-04-22 19:14:27.810 [ERROR]    doris_mcp_server.utils.db:1141 - Pool health test failed: (2013, 'Lost connection to MySQL server during query ([Errno 60] Operation timed out)')
2026-04-22 19:36:43.485 [ERROR]    doris_mcp_server.utils.db:1141 - Pool health test failed: (2013, 'Lost connection to MySQL server during query ([Errno 60] Operation timed out)')
2026-04-22 19:53:55.189 [ERROR]    doris_mcp_server.utils.db:1141 - Pool health test failed: (2013, 'Lost connection to MySQL server during query ([Errno 60] Operation timed out)')
2026-04-22 20:05:26.709 [ERROR]    doris_mcp_server.utils.db:1141 - Pool health test failed: (2013, 'Lost connection to MySQL server during query ([Errno 60] Operation timed out)')
2026-04-22 20:21:16.869 [ERROR]    doris_mcp_server.utils.db:1141 - Pool health test failed: (2013, 'Lost connection to MySQL server during query ([Errno 60] Operation timed out)')
2026-04-22 20:38:00.379 [ERROR]    doris_mcp_server.utils.db:1141 - Pool health test failed: (2013, 'Lost connection to MySQL server during query ([Errno 60] Operation timed out)')
2026-04-22 20:54:46.746 [ERROR]    doris_mcp_server.utils.db:1141 - Pool health test failed: (2013, 'Lost connection to MySQL server during query ([Errno 60] Operation timed out)')
2026-04-22 21:06:19.945 [ERROR]    doris_mcp_server.utils.db:1141 - Pool health test failed: (2013, 'Lost connection to MySQL server during query ([Errno 60] Operation timed out)')
2026-04-22 21:22:35.034 [ERROR]    doris_mcp_server.utils.db:1141 - Pool health test failed: (2013, 'Lost connection to MySQL server during query ([Errno 60] Operation timed out)')
2026-04-22 21:39:46.846 [ERROR]    doris_mcp_server.utils.db:1141 - Pool health test failed: (2013, 'Lost connection to MySQL server during query ([Errno 60] Operation timed out)')
2026-04-22 21:56:14.448 [ERROR]    doris_mcp_server.utils.db:1141 - Pool health test failed: (2013, 'Lost connection to MySQL server during query ([Errno 60] Operation timed out)')
2026-04-22 22:07:21.085 [ERROR]    doris_mcp_server.utils.db:1141 - Pool health test failed: (2013, 'Lost connection to MySQL server during query ([Errno 60] Operation timed out)')
2026-04-22 22:25:40.404 [ERROR]    doris_mcp_server.utils.db:1141 - Pool health test failed: (2013, 'Lost connection to MySQL server during query ([Errno 60] Operation timed out)')
2026-04-22 22:43:28.939 [ERROR]    doris_mcp_server.utils.db:1141 - Pool health test failed: (2013, 'Lost connection to MySQL server during query ([Errno 60] Operation timed out)')
2026-04-22 22:59:55.917 [ERROR]    doris_mcp_server.utils.db:1141 - Pool health test failed: (2013, 'Lost connection to MySQL server during query ([Errno 60] Operation timed out)')
2026-04-22 23:16:58.993 [ERROR]    doris_mcp_server.utils.db:1141 - Pool health test failed: (2013, 'Lost connection to MySQL server during query ([Errno 60] Operation timed out)')
2026-04-22 23:33:45.761 [ERROR]    doris_mcp_server.utils.db:1141 - Pool health test failed: (2013, 'Lost connection to MySQL server during query ([Errno 60] Operation timed out)')
2026-04-22 23:50:36.151 [ERROR]    doris_mcp_server.utils.db:1141 - Pool health test failed: (2013, 'Lost connection to MySQL server during query ([Errno 60] Operation timed out)')
2026-04-23 00:08:26.641 [ERROR]    doris_mcp_server.utils.db:1141 - Pool health test failed: (2013, 'Lost connection to MySQL server during query ([Errno 60] Operation timed out)')
2026-04-23 00:24:48.131 [ERROR]    doris_mcp_server.utils.db:1141 - Pool health test failed: (2013, 'Lost connection to MySQL server during query ([Errno 60] Operation timed out)')
2026-04-23 00:41:13.424 [ERROR]    doris_mcp_server.utils.db:1141 - Pool health test failed: (2013, 'Lost connection to MySQL server during query ([Errno 60] Operation timed out)')
2026-04-23 00:58:24.777 [ERROR]    doris_mcp_server.utils.db:1141 - Pool health test failed: (2013, 'Lost connection to MySQL server during query ([Errno 60] Operation timed out)')
2026-04-23 01:14:19.372 [ERROR]    doris_mcp_server.utils.db:1141 - Pool health test failed: (2013, 'Lost connection to MySQL server during query ([Errno 60] Operation timed out)')
2026-04-23 01:32:19.351 [ERROR]    doris_mcp_server.utils.db:1141 - Pool health test failed: (2013, 'Lost connection to MySQL server during query ([Errno 60] Operation timed out)')
2026-04-23 01:38:51.166 [ERROR]    doris_mcp_server.utils.db:1141 - Pool health test failed: (2013, 'Lost connection to MySQL server during query ([Errno 60] Operation timed out)')
2026-04-23 01:55:03.852 [ERROR]    doris_mcp_server.utils.db:1141 - Pool health test failed: (2013, 'Lost connection to MySQL server during query ([Errno 60] Operation timed out)')
2026-04-23 02:15:17.143 [ERROR]    doris_mcp_server.utils.db:1141 - Pool health test failed: (2013, 'Lost connection to MySQL server during query ([Errno 60] Operation timed out)')
2026-04-23 02:31:52.271 [ERROR]    doris_mcp_server.utils.db:1141 - Pool health test failed: (2013, 'Lost connection to MySQL server during query ([Errno 60] Operation timed out)')
2026-04-23 02:47:49.915 [ERROR]    doris_mcp_server.utils.db:1141 - Pool health test failed: (2013, 'Lost connection to MySQL server during query ([Errno 60] Operation timed out)')
2026-04-23 03:04:47.131 [ERROR]    doris_mcp_server.utils.db:1141 - Pool health test failed: (2013, 'Lost connection to MySQL server during query ([Errno 60] Operation timed out)')
2026-04-23 03:22:48.821 [ERROR]    doris_mcp_server.utils.db:1141 - Pool health test failed: (2013, 'Lost connection to MySQL server during query ([Errno 60] Operation timed out)')
2026-04-23 03:39:52.450 [ERROR]    doris_mcp_server.utils.db:1141 - Pool health test failed: (2013, 'Lost connection to MySQL server during query ([Errno 60] Operation timed out)')
2026-04-23 03:56:59.958 [ERROR]    doris_mcp_server.utils.db:1141 - Pool health test failed: (2013, 'Lost connection to MySQL server during query ([Errno 60] Operation timed out)')
2026-04-23 04:16:04.749 [ERROR]    doris_mcp_server.utils.db:1141 - Pool health test failed: (2013, 'Lost connection to MySQL server during query ([Errno 60] Operation timed out)')
2026-04-23 04:33:21.317 [ERROR]    doris_mcp_server.utils.db:1141 - Pool health test failed: (2013, 'Lost connection to MySQL server during query ([Errno 60] Operation timed out)')
2026-04-23 05:00:39.502 [ERROR]    doris_mcp_server.utils.db:1141 - Pool health test failed: (2013, 'Lost connection to MySQL server during query ([Errno 60] Operation timed out)')
2026-04-23 05:17:40.106 [ERROR]    doris_mcp_server.utils.db:1141 - Pool health test failed: (2013, 'Lost connection to MySQL server during query ([Errno 60] Operation timed out)')
2026-04-23 05:33:44.536 [ERROR]    doris_mcp_server.utils.db:1141 - Pool health test failed: (2013, 'Lost connection to MySQL server during query ([Errno 60] Operation timed out)')
2026-04-23 05:50:59.589 [ERROR]    doris_mcp_server.utils.db:1141 - Pool health test failed: (2013, 'Lost connection to MySQL server during query ([Errno 60] Operation timed out)')
2026-04-23 06:01:44.541 [ERROR]    doris_mcp_server.utils.db:1141 - Pool health test failed: (2013, 'Lost connection to MySQL server during query ([Errno 60] Operation timed out)')
2026-04-23 06:18:30.896 [ERROR]    doris_mcp_server.utils.db:1141 - Pool health test failed: (2013, 'Lost connection to MySQL server during query ([Errno 60] Operation timed out)')
2026-04-23 07:02:05.695 [ERROR]    doris_mcp_server.utils.db:1141 - Pool health test failed: (2013, 'Lost connection to MySQL server during query ([Errno 60] Operation timed out)')
2026-04-23 07:35:45.085 [ERROR]    doris_mcp_server.utils.db:1141 - Pool health test failed: (2013, 'Lost connection to MySQL server during query ([Errno 60] Operation timed out)')
2026-04-23 07:52:53.865 [ERROR]    doris_mcp_server.utils.db:1141 - Pool health test failed: (2013, 'Lost connection to MySQL server during query ([Errno 60] Operation timed out)')
2026-04-23 08:03:32.366 [ERROR]    doris_mcp_server.utils.db:1141 - Pool health test failed: (2013, 'Lost connection to MySQL server during query ([Errno 60] Operation timed out)')
2026-04-23 08:20:45.847 [ERROR]    doris_mcp_server.utils.db:1141 - Pool health test failed: (2013, 'Lost connection to MySQL server during query ([Errno 60] Operation timed out)')
2026-04-23 08:33:45.028 [ERROR]    doris_mcp_server.utils.db:1141 - Pool health test failed: (2013, 'Lost connection to MySQL server during query ([Errno 60] Operation timed out)')
2026-04-23 11:09:11.299 [ERROR]    doris_mcp_server.utils.db:1141 - Pool health test failed: (2013, 'Lost connection to MySQL server during query ([Errno 60] Operation timed out)')
2026-04-23 17:26:39.975 [ERROR]    doris_mcp_server.utils.db:1141 - Pool health test failed: (2013, 'Lost connection to MySQL server during query ([Errno 54] Connection reset by peer)')
2026-04-23 21:48:23.049 [ERROR]    doris_mcp_server.utils.db:1141 - Pool health test failed: (2013, 'Lost connection to MySQL server during query ([Errno 60] Operation timed out)')
2026-04-23 21:48:23.057 [ERROR]    doris_mcp_server.utils.db:1141 - Pool health test failed: (2003, "Can't connect to MySQL server on '124.71.61.163'")
2026-04-23 21:48:25.060 [ERROR]    doris_mcp_server.utils.db:1141 - Pool health test failed: (2003, "Can't connect to MySQL server on '124.71.61.163'")
2026-04-23 22:04:38.653 [ERROR]    doris_mcp_server.utils.db:1270 - Stale connection cleanup error: 'NoneType' object has no attribute 'size'
2026-04-29 16:42:05.203 [ERROR]    doris_mcp_server.utils.db:1141 - Pool health test failed: (2013, "Lost connection to MySQL server during query ([Errno 49] Can't assign requested address)")
2026-04-29 16:56:55.707 [ERROR]    doris_mcp_server.utils.db:1141 - Pool health test failed: (2013, 'Lost connection to MySQL server during query ([Errno 60] Operation timed out)')
2026-04-29 16:57:03.717 [ERROR]    doris_mcp_server.utils.db:1340 - Pool recovery attempt 1 timed out
2026-04-29 17:02:11.724 [ERROR]    doris_mcp_server.utils.db:1141 - Pool health test failed: (2013, 'Lost connection to MySQL server during query ([Errno 60] Operation timed out)')
2026-04-29 18:21:24.601 [ERROR]    doris_mcp_server.utils.db:1141 - Pool health test failed: (2013, 'Lost connection to MySQL server during query ([Errno 60] Operation timed out)')
2026-04-29 18:37:51.664 [ERROR]    doris_mcp_server.utils.db:1141 - Pool health test failed: (2013, 'Lost connection to MySQL server during query ([Errno 60] Operation timed out)')
2026-04-29 18:56:24.412 [ERROR]    doris_mcp_server.utils.db:1141 - Pool health test failed: (2013, 'Lost connection to MySQL server during query ([Errno 60] Operation timed out)')
2026-04-29 19:16:58.968 [ERROR]    doris_mcp_server.utils.db:1141 - Pool health test failed: (2013, 'Lost connection to MySQL server during query ([Errno 60] Operation timed out)')
2026-04-29 19:33:39.616 [ERROR]    doris_mcp_server.utils.db:1141 - Pool health test failed: (2013, 'Lost connection to MySQL server during query ([Errno 60] Operation timed out)')
2026-04-29 19:50:52.487 [ERROR]    doris_mcp_server.utils.db:1141 - Pool health test failed: (2013, 'Lost connection to MySQL server during query ([Errno 60] Operation timed out)')
2026-04-29 20:20:35.771 [ERROR]    doris_mcp_server.utils.db:1141 - Pool health test failed: (2013, 'Lost connection to MySQL server during query ([Errno 60] Operation timed out)')
2026-04-29 20:39:05.345 [ERROR]    doris_mcp_server.utils.db:1141 - Pool health test failed: (2013, 'Lost connection to MySQL server during query ([Errno 60] Operation timed out)')
2026-04-29 20:55:54.819 [ERROR]    doris_mcp_server.utils.db:1141 - Pool health test failed: (2013, 'Lost connection to MySQL server during query ([Errno 60] Operation timed out)')
2026-04-29 21:05:44.341 [ERROR]    doris_mcp_server.utils.db:1141 - Pool health test failed: (2013, 'Lost connection to MySQL server during query ([Errno 60] Operation timed out)')
2026-04-29 21:22:26.257 [ERROR]    doris_mcp_server.utils.db:1141 - Pool health test failed: (2013, 'Lost connection to MySQL server during query ([Errno 60] Operation timed out)')
2026-04-29 21:38:26.688 [ERROR]    doris_mcp_server.utils.db:1141 - Pool health test failed: (2013, 'Lost connection to MySQL server during query ([Errno 60] Operation timed out)')
2026-04-29 21:56:52.594 [ERROR]    doris_mcp_server.utils.db:1141 - Pool health test failed: (2013, 'Lost connection to MySQL server during query ([Errno 60] Operation timed out)')
2026-04-29 22:06:48.184 [ERROR]    doris_mcp_server.utils.db:1141 - Pool health test failed: (2013, 'Lost connection to MySQL server during query ([Errno 60] Operation timed out)')
2026-04-29 22:25:26.477 [ERROR]    doris_mcp_server.utils.db:1141 - Pool health test failed: (2013, 'Lost connection to MySQL server during query ([Errno 60] Operation timed out)')
2026-04-29 22:41:16.876 [ERROR]    doris_mcp_server.utils.db:1141 - Pool health test failed: (2013, 'Lost connection to MySQL server during query ([Errno 60] Operation timed out)')
2026-04-29 23:13:03.925 [ERROR]    doris_mcp_server.utils.db:1141 - Pool health test failed: (2013, 'Lost connection to MySQL server during query ([Errno 60] Operation timed out)')
2026-04-29 23:29:16.244 [ERROR]    doris_mcp_server.utils.db:1141 - Pool health test failed: (2013, 'Lost connection to MySQL server during query ([Errno 60] Operation timed out)')
2026-04-29 23:46:47.164 [ERROR]    doris_mcp_server.utils.db:1141 - Pool health test failed: (2013, 'Lost connection to MySQL server during query ([Errno 60] Operation timed out)')
2026-04-30 00:02:41.792 [ERROR]    doris_mcp_server.utils.db:1141 - Pool health test failed: (2013, 'Lost connection to MySQL server during query ([Errno 60] Operation timed out)')
2026-04-30 00:19:12.375 [ERROR]    doris_mcp_server.utils.db:1141 - Pool health test failed: (2013, 'Lost connection to MySQL server during query ([Errno 60] Operation timed out)')
2026-04-30 00:35:32.104 [ERROR]    doris_mcp_server.utils.db:1141 - Pool health test failed: (2013, 'Lost connection to MySQL server during query ([Errno 60] Operation timed out)')
2026-04-30 00:52:28.943 [ERROR]    doris_mcp_server.utils.db:1141 - Pool health test failed: (2013, 'Lost connection to MySQL server during query ([Errno 60] Operation timed out)')
2026-04-30 01:24:51.125 [ERROR]    doris_mcp_server.utils.db:1141 - Pool health test failed: (2013, 'Lost connection to MySQL server during query ([Errno 60] Operation timed out)')
2026-04-30 01:41:57.500 [ERROR]    doris_mcp_server.utils.db:1141 - Pool health test failed: (2013, 'Lost connection to MySQL server during query ([Errno 60] Operation timed out)')
2026-04-30 02:01:01.050 [ERROR]    doris_mcp_server.utils.db:1141 - Pool health test failed: (2013, 'Lost connection to MySQL server during query ([Errno 60] Operation timed out)')
2026-04-30 02:17:21.903 [ERROR]    doris_mcp_server.utils.db:1141 - Pool health test failed: (2013, 'Lost connection to MySQL server during query ([Errno 60] Operation timed out)')
2026-04-30 02:34:01.307 [ERROR]    doris_mcp_server.utils.db:1141 - Pool health test failed: (2013, 'Lost connection to MySQL server during query ([Errno 60] Operation timed out)')
2026-04-30 02:49:59.297 [ERROR]    doris_mcp_server.utils.db:1141 - Pool health test failed: (2013, 'Lost connection to MySQL server during query ([Errno 60] Operation timed out)')
2026-04-30 03:06:34.029 [ERROR]    doris_mcp_server.utils.db:1141 - Pool health test failed: (2013, 'Lost connection to MySQL server during query ([Errno 60] Operation timed out)')
2026-04-30 03:24:22.436 [ERROR]    doris_mcp_server.utils.db:1141 - Pool health test failed: (2013, 'Lost connection to MySQL server during query ([Errno 60] Operation timed out)')
2026-04-30 03:42:05.970 [ERROR]    doris_mcp_server.utils.db:1141 - Pool health test failed: (2013, 'Lost connection to MySQL server during query ([Errno 60] Operation timed out)')
2026-04-30 03:59:02.319 [ERROR]    doris_mcp_server.utils.db:1141 - Pool health test failed: (2013, 'Lost connection to MySQL server during query ([Errno 60] Operation timed out)')
2026-04-30 04:15:52.441 [ERROR]    doris_mcp_server.utils.db:1141 - Pool health test failed: (2013, 'Lost connection to MySQL server during query ([Errno 60] Operation timed out)')
2026-04-30 04:32:26.218 [ERROR]    doris_mcp_server.utils.db:1141 - Pool health test failed: (2013, 'Lost connection to MySQL server during query ([Errno 60] Operation timed out)')
2026-04-30 04:49:59.273 [ERROR]    doris_mcp_server.utils.db:1141 - Pool health test failed: (2013, 'Lost connection to MySQL server during query ([Errno 60] Operation timed out)')
2026-04-30 05:00:03.944 [ERROR]    doris_mcp_server.utils.db:1141 - Pool health test failed: (2013, 'Lost connection to MySQL server during query ([Errno 60] Operation timed out)')
2026-04-30 05:18:36.483 [ERROR]    doris_mcp_server.utils.db:1141 - Pool health test failed: (2013, 'Lost connection to MySQL server during query ([Errno 60] Operation timed out)')
2026-04-30 05:36:53.860 [ERROR]    doris_mcp_server.utils.db:1141 - Pool health test failed: (2013, 'Lost connection to MySQL server during query ([Errno 60] Operation timed out)')
2026-04-30 05:52:55.569 [ERROR]    doris_mcp_server.utils.db:1141 - Pool health test failed: (2013, 'Lost connection to MySQL server during query ([Errno 60] Operation timed out)')
2026-04-30 06:00:56.187 [ERROR]    doris_mcp_server.utils.db:1141 - Pool health test failed: (2013, 'Lost connection to MySQL server during query ([Errno 60] Operation timed out)')
2026-04-30 06:17:32.475 [ERROR]    doris_mcp_server.utils.db:1141 - Pool health test failed: (2013, 'Lost connection to MySQL server during query ([Errno 60] Operation timed out)')
2026-04-30 06:34:48.458 [ERROR]    doris_mcp_server.utils.db:1141 - Pool health test failed: (2013, 'Lost connection to MySQL server during query ([Errno 60] Operation timed out)')
2026-04-30 06:51:32.211 [ERROR]    doris_mcp_server.utils.db:1141 - Pool health test failed: (2013, 'Lost connection to MySQL server during query ([Errno 60] Operation timed out)')
2026-04-30 07:02:06.668 [ERROR]    doris_mcp_server.utils.db:1141 - Pool health test failed: (2013, 'Lost connection to MySQL server during query ([Errno 60] Operation timed out)')
2026-04-30 07:19:04.719 [ERROR]    doris_mcp_server.utils.db:1141 - Pool health test failed: (2013, 'Lost connection to MySQL server during query ([Errno 60] Operation timed out)')
2026-04-30 07:36:43.307 [ERROR]    doris_mcp_server.utils.db:1141 - Pool health test failed: (2013, 'Lost connection to MySQL server during query ([Errno 60] Operation timed out)')
2026-04-30 07:53:32.116 [ERROR]    doris_mcp_server.utils.db:1141 - Pool health test failed: (2013, 'Lost connection to MySQL server during query ([Errno 60] Operation timed out)')
2026-04-30 08:03:03.068 [ERROR]    doris_mcp_server.utils.db:1141 - Pool health test failed: (2013, 'Lost connection to MySQL server during query ([Errno 60] Operation timed out)')
2026-04-30 08:20:27.316 [ERROR]    doris_mcp_server.utils.db:1141 - Pool health test failed: (2013, 'Lost connection to MySQL server during query ([Errno 60] Operation timed out)')
2026-04-30 08:32:28.718 [ERROR]    doris_mcp_server.utils.db:1141 - Pool health test failed: (2013, 'Lost connection to MySQL server during query ([Errno 60] Operation timed out)')
2026-04-30 12:06:58.548 [ERROR]    doris_mcp_server.utils.db:1141 - Pool health test failed: (2013, 'Lost connection to MySQL server during query ([Errno 60] Operation timed out)')
2026-04-30 12:24:12.603 [ERROR]    doris_mcp_server.utils.db:1141 - Pool health test failed: (2013, 'Lost connection to MySQL server during query ([Errno 60] Operation timed out)')
2026-04-30 12:41:47.872 [ERROR]    doris_mcp_server.utils.db:1141 - Pool health test failed: (2013, 'Lost connection to MySQL server during query ([Errno 60] Operation timed out)')
2026-04-30 12:59:09.433 [ERROR]    doris_mcp_server.utils.db:1141 - Pool health test failed: (2013, 'Lost connection to MySQL server during query ([Errno 60] Operation timed out)')
2026-04-30 13:16:57.154 [ERROR]    doris_mcp_server.utils.db:1141 - Pool health test failed: (2013, 'Lost connection to MySQL server during query ([Errno 60] Operation timed out)')
2026-04-30 13:30:30.095 [ERROR]    doris_mcp_server.utils.db:1141 - Pool health test failed: (2013, 'Lost connection to MySQL server during query ([Errno 60] Operation timed out)')
2026-04-30 13:54:03.196 [ERROR]    doris_mcp_server.utils.db:1141 - Pool health test failed: (2013, 'Lost connection to MySQL server during query ([Errno 60] Operation timed out)')
2026-05-07 12:20:23.656 [ERROR]    doris_mcp_server.utils.db:1141 - Pool health test failed: (2013, 'Lost connection to MySQL server during query ([Errno 60] Operation timed out)')
2026-05-07 12:36:31.724 [ERROR]    doris_mcp_server.utils.db:1141 - Pool health test failed: (2013, 'Lost connection to MySQL server during query ([Errno 60] Operation timed out)')
2026-05-07 12:53:16.477 [ERROR]    doris_mcp_server.utils.db:1141 - Pool health test failed: (2013, 'Lost connection to MySQL server during query ([Errno 60] Operation timed out)')
2026-05-07 13:10:59.321 [ERROR]    doris_mcp_server.utils.db:1141 - Pool health test failed: (2013, 'Lost connection to MySQL server during query ([Errno 60] Operation timed out)')
2026-05-07 13:26:49.878 [ERROR]    doris_mcp_server.utils.db:1141 - Pool health test failed: (2013, 'Lost connection to MySQL server during query ([Errno 60] Operation timed out)')
2026-05-07 14:14:57.297 [ERROR]    doris_mcp_server.utils.db:1141 - Pool health test failed: (2013, 'Lost connection to MySQL server during query ([Errno 60] Operation timed out)')
2026-05-07 16:40:30.001 [ERROR]    doris_mcp_server.utils.db:1141 - Pool health test failed: (2013, 'Lost connection to MySQL server during query ([Errno 60] Operation timed out)')
2026-05-09 09:46:22.507 [ERROR]    doris_mcp_server.utils.db:1141 - Pool health test failed: (2013, 'Lost connection to MySQL server during query ([Errno 60] Operation timed out)')
2026-05-09 11:15:24.264 [ERROR]    doris_mcp_server.utils.db:1141 - Pool health test failed: (2013, 'Lost connection to MySQL server during query ([Errno 60] Operation timed out)')
2026-05-09 11:32:21.480 [ERROR]    doris_mcp_server.utils.db:1141 - Pool health test failed: (2013, 'Lost connection to MySQL server during query ([Errno 60] Operation timed out)')
2026-05-09 11:49:08.923 [ERROR]    doris_mcp_server.utils.db:1141 - Pool health test failed: (2013, 'Lost connection to MySQL server during query ([Errno 60] Operation timed out)')
2026-05-09 12:05:47.279 [ERROR]    doris_mcp_server.utils.db:1141 - Pool health test failed: (2013, 'Lost connection to MySQL server during query ([Errno 60] Operation timed out)')
2026-05-09 12:23:30.767 [ERROR]    doris_mcp_server.utils.db:1141 - Pool health test failed: (2013, 'Lost connection to MySQL server during query ([Errno 60] Operation timed out)')
2026-05-09 12:40:22.450 [ERROR]    doris_mcp_server.utils.db:1141 - Pool health test failed: (2013, 'Lost connection to MySQL server during query ([Errno 60] Operation timed out)')
2026-05-09 12:56:12.841 [ERROR]    doris_mcp_server.utils.db:1141 - Pool health test failed: (2013, 'Lost connection to MySQL server during query ([Errno 60] Operation timed out)')
2026-05-09 13:17:08.267 [ERROR]    doris_mcp_server.utils.db:1141 - Pool health test failed: (2013, 'Lost connection to MySQL server during query ([Errno 60] Operation timed out)')
2026-05-09 13:30:57.287 [ERROR]    doris_mcp_server.utils.db:1141 - Pool health test failed: (2013, 'Lost connection to MySQL server during query ([Errno 60] Operation timed out)')
2026-05-09 15:14:12.325 [ERROR]    doris_mcp_server.utils.db:1141 - Pool health test failed: (2013, 'Lost connection to MySQL server during query ([Errno 60] Operation timed out)')
2026-05-09 18:19:21.206 [ERROR]    doris_mcp_server.utils.db:1141 - Pool health test failed: (2013, 'Lost connection to MySQL server during query ([Errno 60] Operation timed out)')
2026-05-09 18:35:22.801 [ERROR]    doris_mcp_server.utils.db:1141 - Pool health test failed: (2013, 'Lost connection to MySQL server during query ([Errno 60] Operation timed out)')
2026-05-09 18:51:32.967 [ERROR]    doris_mcp_server.utils.db:1141 - Pool health test failed: (2013, 'Lost connection to MySQL server during query ([Errno 60] Operation timed out)')
2026-05-09 19:11:32.186 [ERROR]    doris_mcp_server.utils.db:1141 - Pool health test failed: (2013, 'Lost connection to MySQL server during query ([Errno 60] Operation timed out)')
2026-05-09 19:32:48.351 [ERROR]    doris_mcp_server.utils.db:1141 - Pool health test failed: (2013, 'Lost connection to MySQL server during query ([Errno 60] Operation timed out)')
2026-05-09 19:49:00.509 [ERROR]    doris_mcp_server.utils.db:1141 - Pool health test failed: (2013, 'Lost connection to MySQL server during query ([Errno 60] Operation timed out)')
2026-05-09 20:02:42.055 [ERROR]    doris_mcp_server.utils.db:1141 - Pool health test failed: (2013, 'Lost connection to MySQL server during query ([Errno 60] Operation timed out)')
2026-05-09 20:18:30.234 [ERROR]    doris_mcp_server.utils.db:1141 - Pool health test failed: (2013, 'Lost connection to MySQL server during query ([Errno 60] Operation timed out)')
2026-05-09 20:36:39.506 [ERROR]    doris_mcp_server.utils.db:1141 - Pool health test failed: (2013, 'Lost connection to MySQL server during query ([Errno 60] Operation timed out)')
2026-05-09 21:19:40.396 [ERROR]    doris_mcp_server.utils.db:1141 - Pool health test failed: (2013, 'Lost connection to MySQL server during query ([Errno 60] Operation timed out)')
2026-05-09 21:37:07.019 [ERROR]    doris_mcp_server.utils.db:1141 - Pool health test failed: (2013, 'Lost connection to MySQL server during query ([Errno 60] Operation timed out)')
2026-05-09 21:53:36.507 [ERROR]    doris_mcp_server.utils.db:1141 - Pool health test failed: (2013, 'Lost connection to MySQL server during query ([Errno 60] Operation timed out)')
2026-05-09 22:09:42.168 [ERROR]    doris_mcp_server.utils.db:1141 - Pool health test failed: (2013, 'Lost connection to MySQL server during query ([Errno 60] Operation timed out)')
2026-05-09 22:26:15.045 [ERROR]    doris_mcp_server.utils.db:1141 - Pool health test failed: (2013, 'Lost connection to MySQL server during query ([Errno 60] Operation timed out)')
2026-05-09 22:54:04.828 [ERROR]    doris_mcp_server.utils.db:1141 - Pool health test failed: (2013, 'Lost connection to MySQL server during query ([Errno 60] Operation timed out)')
2026-05-09 23:11:22.394 [ERROR]    doris_mcp_server.utils.db:1141 - Pool health test failed: (2013, 'Lost connection to MySQL server during query ([Errno 60] Operation timed out)')
2026-05-09 23:27:54.003 [ERROR]    doris_mcp_server.utils.db:1141 - Pool health test failed: (2013, 'Lost connection to MySQL server during query ([Errno 60] Operation timed out)')
2026-05-09 23:44:39.236 [ERROR]    doris_mcp_server.utils.db:1141 - Pool health test failed: (2013, 'Lost connection to MySQL server during query ([Errno 60] Operation timed out)')
2026-05-10 00:00:53.200 [ERROR]    doris_mcp_server.utils.db:1141 - Pool health test failed: (2013, 'Lost connection to MySQL server during query ([Errno 60] Operation timed out)')
2026-05-10 00:18:14.341 [ERROR]    doris_mcp_server.utils.db:1141 - Pool health test failed: (2013, 'Lost connection to MySQL server during query ([Errno 60] Operation timed out)')
2026-05-10 00:36:16.519 [ERROR]    doris_mcp_server.utils.db:1141 - Pool health test failed: (2013, 'Lost connection to MySQL server during query ([Errno 60] Operation timed out)')
2026-05-10 00:52:58.792 [ERROR]    doris_mcp_server.utils.db:1141 - Pool health test failed: (2013, 'Lost connection to MySQL server during query ([Errno 60] Operation timed out)')
2026-05-10 01:11:04.835 [ERROR]    doris_mcp_server.utils.db:1141 - Pool health test failed: (2013, 'Lost connection to MySQL server during query ([Errno 60] Operation timed out)')
2026-05-10 01:29:30.996 [ERROR]    doris_mcp_server.utils.db:1141 - Pool health test failed: (2013, 'Lost connection to MySQL server during query ([Errno 60] Operation timed out)')
2026-05-10 01:45:42.464 [ERROR]    doris_mcp_server.utils.db:1141 - Pool health test failed: (2013, 'Lost connection to MySQL server during query ([Errno 60] Operation timed out)')
2026-05-10 02:01:57.647 [ERROR]    doris_mcp_server.utils.db:1141 - Pool health test failed: (2013, 'Lost connection to MySQL server during query ([Errno 60] Operation timed out)')
2026-05-10 02:18:50.445 [ERROR]    doris_mcp_server.utils.db:1141 - Pool health test failed: (2013, 'Lost connection to MySQL server during query ([Errno 60] Operation timed out)')
2026-05-10 02:36:19.707 [ERROR]    doris_mcp_server.utils.db:1141 - Pool health test failed: (2013, 'Lost connection to MySQL server during query ([Errno 60] Operation timed out)')
2026-05-10 02:52:11.896 [ERROR]    doris_mcp_server.utils.db:1141 - Pool health test failed: (2013, 'Lost connection to MySQL server during query ([Errno 60] Operation timed out)')
2026-05-10 03:10:04.850 [ERROR]    doris_mcp_server.utils.db:1141 - Pool health test failed: (2013, 'Lost connection to MySQL server during query ([Errno 60] Operation timed out)')
2026-05-10 03:26:25.431 [ERROR]    doris_mcp_server.utils.db:1141 - Pool health test failed: (2013, 'Lost connection to MySQL server during query ([Errno 60] Operation timed out)')
2026-05-10 03:43:29.064 [ERROR]    doris_mcp_server.utils.db:1141 - Pool health test failed: (2013, 'Lost connection to MySQL server during query ([Errno 60] Operation timed out)')
2026-05-10 04:01:19.362 [ERROR]    doris_mcp_server.utils.db:1141 - Pool health test failed: (2013, 'Lost connection to MySQL server during query ([Errno 60] Operation timed out)')
2026-05-10 04:18:43.330 [ERROR]    doris_mcp_server.utils.db:1141 - Pool health test failed: (2013, 'Lost connection to MySQL server during query ([Errno 60] Operation timed out)')
2026-05-10 04:35:27.877 [ERROR]    doris_mcp_server.utils.db:1141 - Pool health test failed: (2013, 'Lost connection to MySQL server during query ([Errno 54] Connection reset by peer)')
2026-05-10 04:51:43.153 [ERROR]    doris_mcp_server.utils.db:1141 - Pool health test failed: (2013, 'Lost connection to MySQL server during query ([Errno 60] Operation timed out)')
2026-05-10 05:09:40.421 [ERROR]    doris_mcp_server.utils.db:1141 - Pool health test failed: (2013, 'Lost connection to MySQL server during query ([Errno 60] Operation timed out)')
2026-05-10 05:26:19.717 [ERROR]    doris_mcp_server.utils.db:1141 - Pool health test failed: (2013, 'Lost connection to MySQL server during query ([Errno 60] Operation timed out)')
2026-05-10 05:43:47.294 [ERROR]    doris_mcp_server.utils.db:1141 - Pool health test failed: (2013, 'Lost connection to MySQL server during query ([Errno 60] Operation timed out)')
2026-05-10 06:00:43.644 [ERROR]    doris_mcp_server.utils.db:1141 - Pool health test failed: (2013, 'Lost connection to MySQL server during query ([Errno 60] Operation timed out)')
2026-05-10 06:16:33.989 [ERROR]    doris_mcp_server.utils.db:1141 - Pool health test failed: (2013, 'Lost connection to MySQL server during query ([Errno 60] Operation timed out)')
2026-05-10 06:48:18.067 [ERROR]    doris_mcp_server.utils.db:1141 - Pool health test failed: (2013, 'Lost connection to MySQL server during query ([Errno 60] Operation timed out)')
2026-05-10 07:07:32.093 [ERROR]    doris_mcp_server.utils.db:1141 - Pool health test failed: (2013, 'Lost connection to MySQL server during query ([Errno 60] Operation timed out)')
2026-05-10 07:24:14.516 [ERROR]    doris_mcp_server.utils.db:1141 - Pool health test failed: (2013, 'Lost connection to MySQL server during query ([Errno 60] Operation timed out)')
2026-05-10 07:38:34.624 [ERROR]    doris_mcp_server.utils.db:1141 - Pool health test failed: (2013, 'Lost connection to MySQL server during query ([Errno 60] Operation timed out)')
2026-05-10 07:53:32.985 [ERROR]    doris_mcp_server.utils.db:1141 - Pool health test failed: (2013, 'Lost connection to MySQL server during query ([Errno 60] Operation timed out)')
2026-05-10 08:10:34.683 [ERROR]    doris_mcp_server.utils.db:1141 - Pool health test failed: (2013, 'Lost connection to MySQL server during query ([Errno 60] Operation timed out)')
2026-05-10 08:27:37.453 [ERROR]    doris_mcp_server.utils.db:1141 - Pool health test failed: (2013, 'Lost connection to MySQL server during query ([Errno 60] Operation timed out)')
2026-05-10 08:43:37.518 [ERROR]    doris_mcp_server.utils.db:1141 - Pool health test failed: (2013, 'Lost connection to MySQL server during query ([Errno 60] Operation timed out)')
2026-05-10 08:54:32.692 [ERROR]    doris_mcp_server.utils.db:1141 - Pool health test failed: (2013, 'Lost connection to MySQL server during query ([Errno 60] Operation timed out)')
2026-05-10 09:29:35.885 [ERROR]    doris_mcp_server.utils.db:1141 - Pool health test failed: (2013, 'Lost connection to MySQL server during query ([Errno 60] Operation timed out)')
2026-05-10 09:47:54.230 [ERROR]    doris_mcp_server.utils.db:1141 - Pool health test failed: (2013, 'Lost connection to MySQL server during query ([Errno 60] Operation timed out)')
2026-05-10 09:55:11.019 [ERROR]    doris_mcp_server.utils.db:1141 - Pool health test failed: (2013, 'Lost connection to MySQL server during query ([Errno 60] Operation timed out)')
2026-05-10 10:11:25.734 [ERROR]    doris_mcp_server.utils.db:1141 - Pool health test failed: (2013, 'Lost connection to MySQL server during query ([Errno 60] Operation timed out)')
2026-05-10 10:27:30.309 [ERROR]    doris_mcp_server.utils.db:1141 - Pool health test failed: (2013, 'Lost connection to MySQL server during query ([Errno 60] Operation timed out)')
2026-05-10 10:44:44.912 [ERROR]    doris_mcp_server.utils.db:1141 - Pool health test failed: (2013, 'Lost connection to MySQL server during query ([Errno 60] Operation timed out)')
2026-05-10 10:56:06.090 [ERROR]    doris_mcp_server.utils.db:1141 - Pool health test failed: (2013, 'Lost connection to MySQL server during query ([Errno 60] Operation timed out)')
2026-05-10 11:13:02.569 [ERROR]    doris_mcp_server.utils.db:1141 - Pool health test failed: (2013, 'Lost connection to MySQL server during query ([Errno 60] Operation timed out)')
2026-05-10 11:33:28.959 [ERROR]    doris_mcp_server.utils.db:1141 - Pool health test failed: (2013, 'Lost connection to MySQL server during query ([Errno 60] Operation timed out)')
2026-05-10 11:50:12.415 [ERROR]    doris_mcp_server.utils.db:1141 - Pool health test failed: (2013, 'Lost connection to MySQL server during query ([Errno 60] Operation timed out)')
2026-05-10 11:57:11.807 [ERROR]    doris_mcp_server.utils.db:1141 - Pool health test failed: (2013, 'Lost connection to MySQL server during query ([Errno 60] Operation timed out)')
2026-05-10 12:14:31.350 [ERROR]    doris_mcp_server.utils.db:1141 - Pool health test failed: (2013, 'Lost connection to MySQL server during query ([Errno 60] Operation timed out)')
2026-05-10 12:31:07.772 [ERROR]    doris_mcp_server.utils.db:1141 - Pool health test failed: (2013, 'Lost connection to MySQL server during query ([Errno 60] Operation timed out)')
2026-05-10 12:47:40.218 [ERROR]    doris_mcp_server.utils.db:1141 - Pool health test failed: (2013, 'Lost connection to MySQL server during query ([Errno 60] Operation timed out)')
2026-05-10 12:58:25.439 [ERROR]    doris_mcp_server.utils.db:1141 - Pool health test failed: (2013, 'Lost connection to MySQL server during query ([Errno 60] Operation timed out)')
2026-05-10 13:14:27.581 [ERROR]    doris_mcp_server.utils.db:1141 - Pool health test failed: (2013, 'Lost connection to MySQL server during query ([Errno 60] Operation timed out)')
2026-05-10 13:46:39.483 [ERROR]    doris_mcp_server.utils.db:1141 - Pool health test failed: (2013, 'Lost connection to MySQL server during query ([Errno 60] Operation timed out)')
2026-05-10 13:59:06.458 [ERROR]    doris_mcp_server.utils.db:1141 - Pool health test failed: (2013, 'Lost connection to MySQL server during query ([Errno 60] Operation timed out)')
2026-05-10 14:15:48.900 [ERROR]    doris_mcp_server.utils.db:1141 - Pool health test failed: (2013, 'Lost connection to MySQL server during query ([Errno 60] Operation timed out)')
2026-05-10 14:33:24.835 [ERROR]    doris_mcp_server.utils.db:1141 - Pool health test failed: (2013, 'Lost connection to MySQL server during query ([Errno 60] Operation timed out)')
2026-05-10 14:50:17.117 [ERROR]    doris_mcp_server.utils.db:1141 - Pool health test failed: (2013, 'Lost connection to MySQL server during query ([Errno 60] Operation timed out)')
2026-05-10 15:00:30.819 [ERROR]    doris_mcp_server.utils.db:1141 - Pool health test failed: (2013, 'Lost connection to MySQL server during query ([Errno 60] Operation timed out)')
2026-05-10 15:37:56.175 [ERROR]    doris_mcp_server.utils.db:1141 - Pool health test failed: (2013, 'Lost connection to MySQL server during query ([Errno 60] Operation timed out)')
2026-05-10 15:54:03.280 [ERROR]    doris_mcp_server.utils.db:1141 - Pool health test failed: (2013, 'Lost connection to MySQL server during query ([Errno 60] Operation timed out)')
2026-05-10 16:01:17.042 [ERROR]    doris_mcp_server.utils.db:1141 - Pool health test failed: (2013, 'Lost connection to MySQL server during query ([Errno 60] Operation timed out)')
2026-05-10 16:19:22.354 [ERROR]    doris_mcp_server.utils.db:1141 - Pool health test failed: (2013, 'Lost connection to MySQL server during query ([Errno 60] Operation timed out)')
2026-05-10 16:36:27.881 [ERROR]    doris_mcp_server.utils.db:1141 - Pool health test failed: (2013, 'Lost connection to MySQL server during query ([Errno 60] Operation timed out)')
2026-05-10 16:53:26.404 [ERROR]    doris_mcp_server.utils.db:1141 - Pool health test failed: (2013, 'Lost connection to MySQL server during query ([Errno 60] Operation timed out)')
2026-05-10 17:18:01.568 [ERROR]    doris_mcp_server.utils.db:1141 - Pool health test failed: (2013, 'Lost connection to MySQL server during query ([Errno 60] Operation timed out)')
2026-05-10 17:34:46.168 [ERROR]    doris_mcp_server.utils.db:1141 - Pool health test failed: (2013, 'Lost connection to MySQL server during query ([Errno 60] Operation timed out)')
2026-05-10 17:50:43.428 [ERROR]    doris_mcp_server.utils.db:1141 - Pool health test failed: (2013, 'Lost connection to MySQL server during query ([Errno 60] Operation timed out)')
2026-05-10 18:01:00.647 [ERROR]    doris_mcp_server.utils.db:1141 - Pool health test failed: (2013, 'Lost connection to MySQL server during query ([Errno 60] Operation timed out)')
2026-05-10 18:19:02.260 [ERROR]    doris_mcp_server.utils.db:1141 - Pool health test failed: (2013, 'Lost connection to MySQL server during query ([Errno 60] Operation timed out)')
2026-05-10 18:35:08.558 [ERROR]    doris_mcp_server.utils.db:1141 - Pool health test failed: (2013, 'Lost connection to MySQL server during query ([Errno 60] Operation timed out)')
2026-05-10 18:54:19.613 [ERROR]    doris_mcp_server.utils.db:1141 - Pool health test failed: (2013, 'Lost connection to MySQL server during query ([Errno 60] Operation timed out)')
2026-05-10 19:13:39.968 [ERROR]    doris_mcp_server.utils.db:1141 - Pool health test failed: (2013, 'Lost connection to MySQL server during query ([Errno 60] Operation timed out)')
2026-05-10 19:30:22.842 [ERROR]    doris_mcp_server.utils.db:1141 - Pool health test failed: (2013, 'Lost connection to MySQL server during query ([Errno 60] Operation timed out)')
2026-05-10 19:46:22.189 [ERROR]    doris_mcp_server.utils.db:1141 - Pool health test failed: (2013, 'Lost connection to MySQL server during query ([Errno 60] Operation timed out)')
2026-05-10 20:02:27.454 [ERROR]    doris_mcp_server.utils.db:1141 - Pool health test failed: (2013, 'Lost connection to MySQL server during query ([Errno 60] Operation timed out)')
2026-05-10 20:18:59.740 [ERROR]    doris_mcp_server.utils.db:1141 - Pool health test failed: (2013, 'Lost connection to MySQL server during query ([Errno 60] Operation timed out)')
2026-05-10 20:35:44.999 [ERROR]    doris_mcp_server.utils.db:1141 - Pool health test failed: (2013, 'Lost connection to MySQL server during query ([Errno 60] Operation timed out)')
2026-05-10 20:51:47.849 [ERROR]    doris_mcp_server.utils.db:1141 - Pool health test failed: (2013, 'Lost connection to MySQL server during query ([Errno 60] Operation timed out)')
2026-05-10 21:09:08.708 [ERROR]    doris_mcp_server.utils.db:1141 - Pool health test failed: (2013, 'Lost connection to MySQL server during query ([Errno 60] Operation timed out)')
2026-05-10 21:43:04.074 [ERROR]    doris_mcp_server.utils.db:1141 - Pool health test failed: (2013, 'Lost connection to MySQL server during query ([Errno 60] Operation timed out)')
2026-05-10 21:58:55.582 [ERROR]    doris_mcp_server.utils.db:1141 - Pool health test failed: (2013, 'Lost connection to MySQL server during query ([Errno 60] Operation timed out)')
2026-05-10 22:14:54.113 [ERROR]    doris_mcp_server.utils.db:1141 - Pool health test failed: (2013, 'Lost connection to MySQL server during query ([Errno 60] Operation timed out)')
2026-05-10 22:31:05.329 [ERROR]    doris_mcp_server.utils.db:1141 - Pool health test failed: (2013, 'Lost connection to MySQL server during query ([Errno 60] Operation timed out)')
2026-05-10 22:47:34.010 [ERROR]    doris_mcp_server.utils.db:1141 - Pool health test failed: (2013, 'Lost connection to MySQL server during query ([Errno 60] Operation timed out)')
2026-05-10 23:04:31.786 [ERROR]    doris_mcp_server.utils.db:1141 - Pool health test failed: (2013, 'Lost connection to MySQL server during query ([Errno 60] Operation timed out)')
2026-05-10 23:20:24.139 [ERROR]    doris_mcp_server.utils.db:1141 - Pool health test failed: (2013, 'Lost connection to MySQL server during query ([Errno 60] Operation timed out)')
2026-05-10 23:33:43.761 [ERROR]    doris_mcp_server.utils.db:1141 - Pool health test failed: (2013, 'Lost connection to MySQL server during query ([Errno 60] Operation timed out)')
2026-05-10 23:52:00.795 [ERROR]    doris_mcp_server.utils.db:1141 - Pool health test failed: (2013, 'Lost connection to MySQL server during query ([Errno 60] Operation timed out)')
2026-05-11 00:10:06.347 [ERROR]    doris_mcp_server.utils.db:1141 - Pool health test failed: (2013, 'Lost connection to MySQL server during query ([Errno 60] Operation timed out)')
2026-05-11 00:26:46.010 [ERROR]    doris_mcp_server.utils.db:1141 - Pool health test failed: (2013, 'Lost connection to MySQL server during query ([Errno 60] Operation timed out)')
2026-05-11 00:57:41.327 [ERROR]    doris_mcp_server.utils.db:1141 - Pool health test failed: (2013, 'Lost connection to MySQL server during query ([Errno 60] Operation timed out)')
2026-05-11 01:14:55.613 [ERROR]    doris_mcp_server.utils.db:1141 - Pool health test failed: (2013, 'Lost connection to MySQL server during query ([Errno 60] Operation timed out)')
2026-05-11 01:32:48.786 [ERROR]    doris_mcp_server.utils.db:1141 - Pool health test failed: (2013, 'Lost connection to MySQL server during query ([Errno 60] Operation timed out)')
2026-05-11 01:48:11.185 [ERROR]    doris_mcp_server.utils.db:1141 - Pool health test failed: (2013, 'Lost connection to MySQL server during query ([Errno 60] Operation timed out)')
2026-05-11 02:04:09.948 [ERROR]    doris_mcp_server.utils.db:1141 - Pool health test failed: (2013, 'Lost connection to MySQL server during query ([Errno 60] Operation timed out)')
2026-05-11 02:20:46.332 [ERROR]    doris_mcp_server.utils.db:1141 - Pool health test failed: (2013, 'Lost connection to MySQL server during query ([Errno 60] Operation timed out)')
2026-05-11 02:36:36.866 [ERROR]    doris_mcp_server.utils.db:1141 - Pool health test failed: (2013, 'Lost connection to MySQL server during query ([Errno 60] Operation timed out)')
2026-05-11 02:55:00.373 [ERROR]    doris_mcp_server.utils.db:1141 - Pool health test failed: (2013, 'Lost connection to MySQL server during query ([Errno 60] Operation timed out)')
2026-05-11 03:11:54.242 [ERROR]    doris_mcp_server.utils.db:1141 - Pool health test failed: (2013, 'Lost connection to MySQL server during query ([Errno 60] Operation timed out)')
2026-05-11 03:29:17.387 [ERROR]    doris_mcp_server.utils.db:1141 - Pool health test failed: (2013, 'Lost connection to MySQL server during query ([Errno 60] Operation timed out)')
2026-05-11 04:05:22.125 [ERROR]    doris_mcp_server.utils.db:1141 - Pool health test failed: (2013, 'Lost connection to MySQL server during query ([Errno 60] Operation timed out)')
2026-05-11 04:21:14.867 [ERROR]    doris_mcp_server.utils.db:1141 - Pool health test failed: (2013, 'Lost connection to MySQL server during query ([Errno 60] Operation timed out)')
2026-05-11 04:37:43.208 [ERROR]    doris_mcp_server.utils.db:1141 - Pool health test failed: (2013, 'Lost connection to MySQL server during query ([Errno 60] Operation timed out)')
2026-05-11 05:07:38.452 [ERROR]    doris_mcp_server.utils.db:1141 - Pool health test failed: (2013, 'Lost connection to MySQL server during query ([Errno 60] Operation timed out)')
2026-05-11 05:23:50.662 [ERROR]    doris_mcp_server.utils.db:1141 - Pool health test failed: (2013, 'Lost connection to MySQL server during query ([Errno 60] Operation timed out)')
2026-05-11 05:40:44.002 [ERROR]    doris_mcp_server.utils.db:1141 - Pool health test failed: (2013, 'Lost connection to MySQL server during query ([Errno 60] Operation timed out)')
2026-05-11 05:51:04.336 [ERROR]    doris_mcp_server.utils.db:1141 - Pool health test failed: (2013, 'Lost connection to MySQL server during query ([Errno 60] Operation timed out)')
2026-05-11 06:07:39.806 [ERROR]    doris_mcp_server.utils.db:1141 - Pool health test failed: (2013, 'Lost connection to MySQL server during query ([Errno 60] Operation timed out)')
2026-05-11 06:25:53.445 [ERROR]    doris_mcp_server.utils.db:1141 - Pool health test failed: (2013, 'Lost connection to MySQL server during query ([Errno 60] Operation timed out)')
2026-05-11 06:42:35.820 [ERROR]    doris_mcp_server.utils.db:1141 - Pool health test failed: (2013, 'Lost connection to MySQL server during query ([Errno 60] Operation timed out)')
2026-05-11 06:52:01.544 [ERROR]    doris_mcp_server.utils.db:1141 - Pool health test failed: (2013, 'Lost connection to MySQL server during query ([Errno 60] Operation timed out)')
2026-05-11 07:08:16.988 [ERROR]    doris_mcp_server.utils.db:1141 - Pool health test failed: (2013, 'Lost connection to MySQL server during query ([Errno 60] Operation timed out)')
2026-05-11 07:25:34.338 [ERROR]    doris_mcp_server.utils.db:1141 - Pool health test failed: (2013, 'Lost connection to MySQL server during query ([Errno 60] Operation timed out)')
2026-05-11 07:42:18.756 [ERROR]    doris_mcp_server.utils.db:1141 - Pool health test failed: (2013, 'Lost connection to MySQL server during query ([Errno 60] Operation timed out)')
2026-05-11 07:53:06.769 [ERROR]    doris_mcp_server.utils.db:1141 - Pool health test failed: (2013, 'Lost connection to MySQL server during query ([Errno 60] Operation timed out)')
2026-05-11 08:11:12.514 [ERROR]    doris_mcp_server.utils.db:1141 - Pool health test failed: (2013, 'Lost connection to MySQL server during query ([Errno 60] Operation timed out)')
2026-05-11 08:27:23.754 [ERROR]    doris_mcp_server.utils.db:1141 - Pool health test failed: (2013, 'Lost connection to MySQL server during query ([Errno 60] Operation timed out)')
2026-05-11 08:43:19.244 [ERROR]    doris_mcp_server.utils.db:1141 - Pool health test failed: (2013, 'Lost connection to MySQL server during query ([Errno 60] Operation timed out)')
2026-05-11 09:47:43.952 [ERROR]    doris_mcp_server.utils.db:1141 - Pool health test failed: (2013, 'Lost connection to MySQL server during query ([Errno 60] Operation timed out)')
2026-05-12 12:18:16.767 [ERROR]    doris_mcp_server.utils.db:1141 - Pool health test failed: (2013, 'Lost connection to MySQL server during query ([Errno 60] Operation timed out)')
2026-05-12 12:41:03.150 [ERROR]    doris_mcp_server.utils.db:1141 - Pool health test failed: (2013, 'Lost connection to MySQL server during query ([Errno 60] Operation timed out)')
2026-05-12 12:57:21.331 [ERROR]    doris_mcp_server.utils.db:1141 - Pool health test failed: (2013, 'Lost connection to MySQL server during query ([Errno 60] Operation timed out)')
2026-05-12 13:15:15.981 [ERROR]    doris_mcp_server.utils.db:1141 - Pool health test failed: (2013, 'Lost connection to MySQL server during query ([Errno 60] Operation timed out)')
2026-05-12 13:31:35.816 [ERROR]    doris_mcp_server.utils.db:1141 - Pool health test failed: (2013, 'Lost connection to MySQL server during query ([Errno 60] Operation timed out)')
2026-05-12 14:59:47.538 [ERROR]    doris_mcp_server.utils.db:1141 - Pool health test failed: (2013, 'Lost connection to MySQL server during query ([Errno 60] Operation timed out)')
2026-05-12 16:40:06.841 [ERROR]    doris_mcp_server.utils.db:1141 - Pool health test failed: (2013, 'Lost connection to MySQL server during query ([Errno 60] Operation timed out)')
2026-05-12 18:19:58.181 [ERROR]    doris_mcp_server.utils.db:1141 - Pool health test failed: (2013, 'Lost connection to MySQL server during query ([Errno 60] Operation timed out)')
2026-05-12 18:35:44.488 [ERROR]    doris_mcp_server.utils.db:1141 - Pool health test failed: (2013, 'Lost connection to MySQL server during query ([Errno 60] Operation timed out)')
2026-05-12 18:51:34.683 [ERROR]    doris_mcp_server.utils.db:1141 - Pool health test failed: (2013, 'Lost connection to MySQL server during query ([Errno 60] Operation timed out)')
2026-05-12 19:01:16.524 [ERROR]    doris_mcp_server.utils.db:1141 - Pool health test failed: (2013, 'Lost connection to MySQL server during query ([Errno 60] Operation timed out)')
2026-05-12 19:06:51.239 [ERROR]    doris_mcp_server.utils.db:1141 - Pool health test failed: (2013, 'Lost connection to MySQL server during query ([Errno 60] Operation timed out)')
2026-05-12 19:34:15.581 [ERROR]    doris_mcp_server.utils.db:1141 - Pool health test failed: (2013, 'Lost connection to MySQL server during query ([Errno 60] Operation timed out)')
2026-05-12 19:50:15.057 [ERROR]    doris_mcp_server.utils.db:1141 - Pool health test failed: (2013, 'Lost connection to MySQL server during query ([Errno 60] Operation timed out)')
2026-05-12 20:04:31.682 [ERROR]    doris_mcp_server.utils.db:1141 - Pool health test failed: (2013, 'Lost connection to MySQL server during query ([Errno 60] Operation timed out)')
2026-05-12 20:21:23.057 [ERROR]    doris_mcp_server.utils.db:1141 - Pool health test failed: (2013, 'Lost connection to MySQL server during query ([Errno 60] Operation timed out)')
2026-05-12 20:38:15.507 [ERROR]    doris_mcp_server.utils.db:1141 - Pool health test failed: (2013, 'Lost connection to MySQL server during query ([Errno 60] Operation timed out)')
2026-05-12 20:56:45.195 [ERROR]    doris_mcp_server.utils.db:1141 - Pool health test failed: (2013, 'Lost connection to MySQL server during query ([Errno 60] Operation timed out)')
2026-05-12 21:29:29.036 [ERROR]    doris_mcp_server.utils.db:1141 - Pool health test failed: (2013, 'Lost connection to MySQL server during query ([Errno 60] Operation timed out)')
2026-05-12 21:47:21.082 [ERROR]    doris_mcp_server.utils.db:1141 - Pool health test failed: (2013, 'Lost connection to MySQL server during query ([Errno 60] Operation timed out)')
2026-05-12 22:03:18.452 [ERROR]    doris_mcp_server.utils.db:1141 - Pool health test failed: (2013, 'Lost connection to MySQL server during query ([Errno 60] Operation timed out)')
2026-05-12 22:19:52.023 [ERROR]    doris_mcp_server.utils.db:1141 - Pool health test failed: (2013, 'Lost connection to MySQL server during query ([Errno 60] Operation timed out)')
2026-05-12 22:37:30.413 [ERROR]    doris_mcp_server.utils.db:1141 - Pool health test failed: (2013, 'Lost connection to MySQL server during query ([Errno 60] Operation timed out)')
2026-05-12 22:55:51.380 [ERROR]    doris_mcp_server.utils.db:1141 - Pool health test failed: (2013, 'Lost connection to MySQL server during query ([Errno 60] Operation timed out)')
2026-05-12 23:11:50.404 [ERROR]    doris_mcp_server.utils.db:1141 - Pool health test failed: (2013, 'Lost connection to MySQL server during query ([Errno 60] Operation timed out)')
2026-05-12 23:28:10.509 [ERROR]    doris_mcp_server.utils.db:1141 - Pool health test failed: (2013, 'Lost connection to MySQL server during query ([Errno 60] Operation timed out)')
2026-05-12 23:44:19.100 [ERROR]    doris_mcp_server.utils.db:1141 - Pool health test failed: (2013, 'Lost connection to MySQL server during query ([Errno 60] Operation timed out)')
2026-05-13 00:00:38.658 [ERROR]    doris_mcp_server.utils.db:1141 - Pool health test failed: (2013, 'Lost connection to MySQL server during query ([Errno 60] Operation timed out)')
2026-05-13 00:17:31.027 [ERROR]    doris_mcp_server.utils.db:1141 - Pool health test failed: (2013, 'Lost connection to MySQL server during query ([Errno 60] Operation timed out)')
2026-05-13 00:34:00.520 [ERROR]    doris_mcp_server.utils.db:1141 - Pool health test failed: (2013, 'Lost connection to MySQL server during query ([Errno 60] Operation timed out)')
2026-05-13 00:51:06.901 [ERROR]    doris_mcp_server.utils.db:1141 - Pool health test failed: (2013, 'Lost connection to MySQL server during query ([Errno 60] Operation timed out)')
2026-05-13 01:08:43.409 [ERROR]    doris_mcp_server.utils.db:1141 - Pool health test failed: (2013, 'Lost connection to MySQL server during query ([Errno 60] Operation timed out)')
2026-05-13 01:25:37.859 [ERROR]    doris_mcp_server.utils.db:1141 - Pool health test failed: (2013, 'Lost connection to MySQL server during query ([Errno 60] Operation timed out)')
2026-05-13 01:41:48.548 [ERROR]    doris_mcp_server.utils.db:1141 - Pool health test failed: (2013, 'Lost connection to MySQL server during query ([Errno 60] Operation timed out)')
2026-05-13 01:57:46.581 [ERROR]    doris_mcp_server.utils.db:1141 - Pool health test failed: (2013, 'Lost connection to MySQL server during query ([Errno 60] Operation timed out)')
2026-05-13 12:20:15.746 [ERROR]    doris_mcp_server.utils.db:1141 - Pool health test failed: (2013, "Lost connection to MySQL server during query ([Errno 49] Can't assign requested address)")
2026-05-13 12:42:08.482 [ERROR]    doris_mcp_server.utils.db:1141 - Pool health test failed: (2013, 'Lost connection to MySQL server during query ([Errno 60] Operation timed out)')
2026-05-13 12:58:28.135 [ERROR]    doris_mcp_server.utils.db:1141 - Pool health test failed: (2013, 'Lost connection to MySQL server during query ([Errno 60] Operation timed out)')
2026-05-13 13:15:47.739 [ERROR]    doris_mcp_server.utils.db:1141 - Pool health test failed: (2013, 'Lost connection to MySQL server during query ([Errno 60] Operation timed out)')
2026-05-13 13:31:27.012 [ERROR]    doris_mcp_server.utils.db:1141 - Pool health test failed: (2013, 'Lost connection to MySQL server during query ([Errno 60] Operation timed out)')
2026-05-13 14:45:03.441 [ERROR]    doris_mcp_server.utils.db:1141 - Pool health test failed: (2013, 'Lost connection to MySQL server during query ([Errno 60] Operation timed out)')
2026-05-14 18:23:07.756 [ERROR]    doris_mcp_server.utils.db:1141 - Pool health test failed: (2013, 'Lost connection to MySQL server during query ([Errno 60] Operation timed out)')
2026-05-14 18:39:02.267 [ERROR]    doris_mcp_server.utils.db:1141 - Pool health test failed: (2013, 'Lost connection to MySQL server during query ([Errno 60] Operation timed out)')
2026-05-14 18:57:29.046 [ERROR]    doris_mcp_server.utils.db:1141 - Pool health test failed: (2013, 'Lost connection to MySQL server during query ([Errno 60] Operation timed out)')
2026-05-14 19:15:41.287 [ERROR]    doris_mcp_server.utils.db:1141 - Pool health test failed: (2013, 'Lost connection to MySQL server during query ([Errno 60] Operation timed out)')
2026-05-14 19:33:18.939 [ERROR]    doris_mcp_server.utils.db:1141 - Pool health test failed: (2013, 'Lost connection to MySQL server during query ([Errno 60] Operation timed out)')
2026-05-14 19:51:09.379 [ERROR]    doris_mcp_server.utils.db:1141 - Pool health test failed: (2013, 'Lost connection to MySQL server during query ([Errno 60] Operation timed out)')
2026-05-14 20:06:17.855 [ERROR]    doris_mcp_server.utils.db:1141 - Pool health test failed: (2013, 'Lost connection to MySQL server during query ([Errno 60] Operation timed out)')
2026-05-14 20:25:57.499 [ERROR]    doris_mcp_server.utils.db:1141 - Pool health test failed: (2013, 'Lost connection to MySQL server during query ([Errno 60] Operation timed out)')
2026-05-14 20:46:09.397 [ERROR]    doris_mcp_server.utils.db:1141 - Pool health test failed: (2013, 'Lost connection to MySQL server during query ([Errno 60] Operation timed out)')
2026-05-14 21:05:56.151 [ERROR]    doris_mcp_server.utils.db:1141 - Pool health test failed: (2013, 'Lost connection to MySQL server during query ([Errno 60] Operation timed out)')
2026-05-18 09:31:05.524 [ERROR]    doris_mcp_server.utils.db:1141 - Pool health test failed: (2013, 'Lost connection to MySQL server during query ([Errno 60] Operation timed out)')
2026-05-18 11:20:29.209 [ERROR]    doris_mcp_server.utils.db:1141 - Pool health test failed: (2013, 'Lost connection to MySQL server during query ([Errno 60] Operation timed out)')
2026-05-18 11:37:16.513 [ERROR]    doris_mcp_server.utils.db:1141 - Pool health test failed: (2013, 'Lost connection to MySQL server during query ([Errno 60] Operation timed out)')
2026-05-18 11:52:32.418 [ERROR]    doris_mcp_server.utils.db:1141 - Pool health test failed: (2013, 'Lost connection to MySQL server during query ([Errno 60] Operation timed out)')
2026-05-18 12:18:50.163 [ERROR]    doris_mcp_server.utils.db:1141 - Pool health test failed: (2013, 'Lost connection to MySQL server during query ([Errno 60] Operation timed out)')
2026-05-18 12:34:40.537 [ERROR]    doris_mcp_server.utils.db:1141 - Pool health test failed: (2013, 'Lost connection to MySQL server during query ([Errno 60] Operation timed out)')
2026-05-18 12:50:41.492 [ERROR]    doris_mcp_server.utils.db:1141 - Pool health test failed: (2013, 'Lost connection to MySQL server during query ([Errno 60] Operation timed out)')
2026-05-18 13:08:31.619 [ERROR]    doris_mcp_server.utils.db:1141 - Pool health test failed: (2013, 'Lost connection to MySQL server during query ([Errno 60] Operation timed out)')
2026-05-18 13:13:35.993 [ERROR]    doris_mcp_server.utils.db:1141 - Pool health test failed: (2013, 'Lost connection to MySQL server during query ([Errno 60] Operation timed out)')
2026-05-18 17:12:19.759 [ERROR]    doris_mcp_server.utils.db:1141 - Pool health test failed: (2013, 'Lost connection to MySQL server during query ([Errno 60] Operation timed out)')
2026-05-18 18:21:10.466 [ERROR]    doris_mcp_server.utils.db:1141 - Pool health test failed: (2013, 'Lost connection to MySQL server during query ([Errno 60] Operation timed out)')
2026-05-18 18:37:12.966 [ERROR]    doris_mcp_server.utils.db:1141 - Pool health test failed: (2013, 'Lost connection to MySQL server during query ([Errno 60] Operation timed out)')
2026-05-18 18:54:03.057 [ERROR]    doris_mcp_server.utils.db:1141 - Pool health test failed: (2013, 'Lost connection to MySQL server during query ([Errno 60] Operation timed out)')
2026-05-18 19:11:29.397 [ERROR]    doris_mcp_server.utils.db:1141 - Pool health test failed: (2013, 'Lost connection to MySQL server during query ([Errno 60] Operation timed out)')
2026-05-18 19:28:06.862 [ERROR]    doris_mcp_server.utils.db:1141 - Pool health test failed: (2013, 'Lost connection to MySQL server during query ([Errno 60] Operation timed out)')
2026-05-18 19:44:57.328 [ERROR]    doris_mcp_server.utils.db:1141 - Pool health test failed: (2013, 'Lost connection to MySQL server during query ([Errno 60] Operation timed out)')
2026-05-18 20:01:54.696 [ERROR]    doris_mcp_server.utils.db:1141 - Pool health test failed: (2013, 'Lost connection to MySQL server during query ([Errno 60] Operation timed out)')
2026-05-18 20:22:00.847 [ERROR]    doris_mcp_server.utils.db:1141 - Pool health test failed: (2013, 'Lost connection to MySQL server during query ([Errno 60] Operation timed out)')
2026-05-18 20:55:58.188 [ERROR]    doris_mcp_server.utils.db:1141 - Pool health test failed: (2013, 'Lost connection to MySQL server during query ([Errno 60] Operation timed out)')
2026-05-18 21:25:58.206 [ERROR]    doris_mcp_server.utils.db:1141 - Pool health test failed: (2013, 'Lost connection to MySQL server during query ([Errno 60] Operation timed out)')
2026-05-18 21:42:53.350 [ERROR]    doris_mcp_server.utils.db:1141 - Pool health test failed: (2013, 'Lost connection to MySQL server during query ([Errno 60] Operation timed out)')
2026-05-18 21:59:13.260 [ERROR]    doris_mcp_server.utils.db:1141 - Pool health test failed: (2013, 'Lost connection to MySQL server during query ([Errno 60] Operation timed out)')
2026-05-18 22:15:23.809 [ERROR]    doris_mcp_server.utils.db:1141 - Pool health test failed: (2013, 'Lost connection to MySQL server during query ([Errno 60] Operation timed out)')
2026-05-18 22:33:37.340 [ERROR]    doris_mcp_server.utils.db:1141 - Pool health test failed: (2013, 'Lost connection to MySQL server during query ([Errno 60] Operation timed out)')
2026-05-18 22:50:10.546 [ERROR]    doris_mcp_server.utils.db:1141 - Pool health test failed: (2013, 'Lost connection to MySQL server during query ([Errno 60] Operation timed out)')
2026-05-18 23:08:43.261 [ERROR]    doris_mcp_server.utils.db:1141 - Pool health test failed: (2013, 'Lost connection to MySQL server during query ([Errno 60] Operation timed out)')
2026-05-18 23:18:00.928 [ERROR]    doris_mcp_server.utils.db:1141 - Pool health test failed: (2013, 'Lost connection to MySQL server during query ([Errno 60] Operation timed out)')
2026-05-18 23:35:29.425 [ERROR]    doris_mcp_server.utils.db:1141 - Pool health test failed: (2013, 'Lost connection to MySQL server during query ([Errno 60] Operation timed out)')
2026-05-18 23:51:22.582 [ERROR]    doris_mcp_server.utils.db:1141 - Pool health test failed: (2013, 'Lost connection to MySQL server during query ([Errno 60] Operation timed out)')
2026-05-19 00:07:36.254 [ERROR]    doris_mcp_server.utils.db:1141 - Pool health test failed: (2013, 'Lost connection to MySQL server during query ([Errno 60] Operation timed out)')
2026-05-19 00:24:37.531 [ERROR]    doris_mcp_server.utils.db:1141 - Pool health test failed: (2013, 'Lost connection to MySQL server during query ([Errno 60] Operation timed out)')
2026-05-19 00:41:31.149 [ERROR]    doris_mcp_server.utils.db:1141 - Pool health test failed: (2013, 'Lost connection to MySQL server during query ([Errno 60] Operation timed out)')
2026-05-19 00:58:25.811 [ERROR]    doris_mcp_server.utils.db:1141 - Pool health test failed: (2013, 'Lost connection to MySQL server during query ([Errno 60] Operation timed out)')
2026-05-19 01:14:31.166 [ERROR]    doris_mcp_server.utils.db:1141 - Pool health test failed: (2013, 'Lost connection to MySQL server during query ([Errno 60] Operation timed out)')
2026-05-19 01:32:28.422 [ERROR]    doris_mcp_server.utils.db:1141 - Pool health test failed: (2013, 'Lost connection to MySQL server during query ([Errno 60] Operation timed out)')
2026-05-19 01:50:43.487 [ERROR]    doris_mcp_server.utils.db:1141 - Pool health test failed: (2013, 'Lost connection to MySQL server during query ([Errno 60] Operation timed out)')
2026-05-19 02:07:02.736 [ERROR]    doris_mcp_server.utils.db:1141 - Pool health test failed: (2013, 'Lost connection to MySQL server during query ([Errno 60] Operation timed out)')
2026-05-19 02:24:14.308 [ERROR]    doris_mcp_server.utils.db:1141 - Pool health test failed: (2013, 'Lost connection to MySQL server during query ([Errno 60] Operation timed out)')
2026-05-19 02:40:23.930 [ERROR]    doris_mcp_server.utils.db:1141 - Pool health test failed: (2013, 'Lost connection to MySQL server during query ([Errno 60] Operation timed out)')
2026-05-19 02:56:49.966 [ERROR]    doris_mcp_server.utils.db:1141 - Pool health test failed: (2013, 'Lost connection to MySQL server during query ([Errno 60] Operation timed out)')
2026-05-19 03:22:59.695 [ERROR]    doris_mcp_server.utils.db:1141 - Pool health test failed: (2013, 'Lost connection to MySQL server during query ([Errno 60] Operation timed out)')
2026-05-19 03:39:20.321 [ERROR]    doris_mcp_server.utils.db:1141 - Pool health test failed: (2013, 'Lost connection to MySQL server during query ([Errno 65] No route to host)')
2026-05-19 03:49:19.120 [ERROR]    doris_mcp_server.utils.db:1141 - Pool health test failed: (2013, 'Lost connection to MySQL server during query ([Errno 60] Operation timed out)')
2026-05-19 04:21:20.630 [ERROR]    doris_mcp_server.utils.db:1141 - Pool health test failed: (2013, 'Lost connection to MySQL server during query ([Errno 60] Operation timed out)')
2026-05-19 04:38:58.765 [ERROR]    doris_mcp_server.utils.db:1141 - Pool health test failed: (2013, 'Lost connection to MySQL server during query ([Errno 60] Operation timed out)')
2026-05-19 04:55:57.029 [ERROR]    doris_mcp_server.utils.db:1141 - Pool health test failed: (2013, 'Lost connection to MySQL server during query ([Errno 60] Operation timed out)')
2026-05-19 05:13:10.906 [ERROR]    doris_mcp_server.utils.db:1141 - Pool health test failed: (2013, 'Lost connection to MySQL server during query ([Errno 60] Operation timed out)')
2026-05-19 05:30:59.970 [ERROR]    doris_mcp_server.utils.db:1141 - Pool health test failed: (2013, 'Lost connection to MySQL server during query ([Errno 60] Operation timed out)')
2026-05-19 05:49:30.695 [ERROR]    doris_mcp_server.utils.db:1141 - Pool health test failed: (2013, 'Lost connection to MySQL server during query ([Errno 60] Operation timed out)')
2026-05-19 06:07:20.489 [ERROR]    doris_mcp_server.utils.db:1141 - Pool health test failed: (2013, 'Lost connection to MySQL server during query ([Errno 60] Operation timed out)')
2026-05-19 06:24:39.830 [ERROR]    doris_mcp_server.utils.db:1141 - Pool health test failed: (2013, 'Lost connection to MySQL server during query ([Errno 60] Operation timed out)')
2026-05-19 06:50:41.708 [ERROR]    doris_mcp_server.utils.db:1141 - Pool health test failed: (2013, 'Lost connection to MySQL server during query ([Errno 60] Operation timed out)')
2026-05-19 07:06:58.288 [ERROR]    doris_mcp_server.utils.db:1141 - Pool health test failed: (2013, 'Lost connection to MySQL server during query ([Errno 60] Operation timed out)')
2026-05-19 07:24:41.495 [ERROR]    doris_mcp_server.utils.db:1141 - Pool health test failed: (2013, 'Lost connection to MySQL server during query ([Errno 60] Operation timed out)')
2026-05-19 07:31:19.404 [ERROR]    doris_mcp_server.utils.db:1141 - Pool health test failed: (2013, 'Lost connection to MySQL server during query ([Errno 60] Operation timed out)')
2026-05-19 07:48:29.308 [ERROR]    doris_mcp_server.utils.db:1141 - Pool health test failed: (2013, 'Lost connection to MySQL server during query ([Errno 60] Operation timed out)')
2026-05-19 08:08:50.571 [ERROR]    doris_mcp_server.utils.db:1141 - Pool health test failed: (2013, 'Lost connection to MySQL server during query ([Errno 60] Operation timed out)')
2026-05-19 08:25:39.491 [ERROR]    doris_mcp_server.utils.db:1141 - Pool health test failed: (2013, 'Lost connection to MySQL server during query ([Errno 60] Operation timed out)')
2026-05-19 08:35:24.569 [ERROR]    doris_mcp_server.utils.db:1141 - Pool health test failed: (2013, 'Lost connection to MySQL server during query ([Errno 60] Operation timed out)')
2026-05-19 12:11:41.533 [ERROR]    doris_mcp_server.utils.db:1141 - Pool health test failed: (2013, 'Lost connection to MySQL server during query ([Errno 60] Operation timed out)')
2026-05-19 12:16:50.790 [ERROR]    doris_mcp_server.utils.db:1141 - Pool health test failed: (2013, 'Lost connection to MySQL server during query ([Errno 60] Operation timed out)')
2026-05-19 12:21:51.680 [ERROR]    doris_mcp_server.utils.db:1141 - Pool health test failed: (2013, 'Lost connection to MySQL server during query ([Errno 60] Operation timed out)')
2026-05-19 12:26:52.448 [ERROR]    doris_mcp_server.utils.db:1141 - Pool health test failed: (2013, 'Lost connection to MySQL server during query ([Errno 60] Operation timed out)')
2026-05-19 12:31:56.260 [ERROR]    doris_mcp_server.utils.db:1141 - Pool health test failed: (2013, 'Lost connection to MySQL server during query ([Errno 60] Operation timed out)')
2026-05-19 12:37:00.087 [ERROR]    doris_mcp_server.utils.db:1141 - Pool health test failed: (2013, 'Lost connection to MySQL server during query ([Errno 60] Operation timed out)')
2026-05-19 12:51:13.017 [ERROR]    doris_mcp_server.utils.db:1141 - Pool health test failed: (2013, 'Lost connection to MySQL server during query ([Errno 60] Operation timed out)')
2026-05-19 13:31:08.718 [ERROR]    doris_mcp_server.utils.db:1141 - Pool health test failed: (2013, 'Lost connection to MySQL server during query ([Errno 60] Operation timed out)')
2026-05-19 13:31:11.823 [ERROR]    doris_mcp_server.utils.db:1141 - Pool health test failed: (1203, 'Reach limit of connections. Total: 1024, User: 100, Current: 125')
2026-05-19 13:31:13.888 [ERROR]    doris_mcp_server.utils.db:1141 - Pool health test failed: (1203, 'Reach limit of connections. Total: 1024, User: 100, Current: 125')
2026-05-19 13:31:15.959 [ERROR]    doris_mcp_server.utils.db:1141 - Pool health test failed: (1203, 'Reach limit of connections. Total: 1024, User: 100, Current: 125')
2026-05-19 13:31:15.960 [ERROR]    doris_mcp_server.utils.db:1361 - ❌ Pool recovery failed after all attempts
2026-05-19 13:31:45.963 [ERROR]    doris_mcp_server.utils.db:1141 - Pool health test failed: 'NoneType' object has no attribute 'acquire'
2026-05-19 13:31:46.026 [ERROR]    doris_mcp_server.utils.db:1141 - Pool health test failed: (1203, 'Reach limit of connections. Total: 1024, User: 100, Current: 125')
2026-05-19 13:31:48.093 [ERROR]    doris_mcp_server.utils.db:1141 - Pool health test failed: (1203, 'Reach limit of connections. Total: 1024, User: 100, Current: 125')
2026-05-19 13:31:50.161 [ERROR]    doris_mcp_server.utils.db:1141 - Pool health test failed: (1203, 'Reach limit of connections. Total: 1024, User: 100, Current: 125')
2026-05-19 13:31:50.161 [ERROR]    doris_mcp_server.utils.db:1361 - ❌ Pool recovery failed after all attempts
2026-05-19 13:32:04.725 [ERROR]    doris_mcp_server.utils.db:1270 - Stale connection cleanup error: 'NoneType' object has no attribute 'size'
2026-05-19 13:32:20.164 [ERROR]    doris_mcp_server.utils.db:1141 - Pool health test failed: 'NoneType' object has no attribute 'acquire'
2026-05-19 13:32:20.238 [ERROR]    doris_mcp_server.utils.db:1141 - Pool health test failed: (1203, 'Reach limit of connections. Total: 1024, User: 100, Current: 125')
2026-05-19 13:32:22.320 [ERROR]    doris_mcp_server.utils.db:1141 - Pool health test failed: (1203, 'Reach limit of connections. Total: 1024, User: 100, Current: 125')
2026-05-19 13:32:24.390 [ERROR]    doris_mcp_server.utils.db:1141 - Pool health test failed: (1203, 'Reach limit of connections. Total: 1024, User: 100, Current: 125')
2026-05-19 13:32:24.390 [ERROR]    doris_mcp_server.utils.db:1361 - ❌ Pool recovery failed after all attempts
2026-05-19 13:32:54.391 [ERROR]    doris_mcp_server.utils.db:1141 - Pool health test failed: 'NoneType' object has no attribute 'acquire'
2026-05-19 13:32:54.488 [ERROR]    doris_mcp_server.utils.db:1141 - Pool health test failed: (1203, 'Reach limit of connections. Total: 1024, User: 100, Current: 125')
2026-05-19 13:32:56.562 [ERROR]    doris_mcp_server.utils.db:1141 - Pool health test failed: (1203, 'Reach limit of connections. Total: 1024, User: 100, Current: 125')
2026-05-19 13:32:58.653 [ERROR]    doris_mcp_server.utils.db:1141 - Pool health test failed: (1203, 'Reach limit of connections. Total: 1024, User: 100, Current: 125')
2026-05-19 13:32:58.654 [ERROR]    doris_mcp_server.utils.db:1361 - ❌ Pool recovery failed after all attempts
2026-05-19 13:33:04.728 [ERROR]    doris_mcp_server.utils.db:1270 - Stale connection cleanup error: 'NoneType' object has no attribute 'size'
2026-05-19 13:33:28.656 [ERROR]    doris_mcp_server.utils.db:1141 - Pool health test failed: 'NoneType' object has no attribute 'acquire'
2026-05-19 13:33:28.742 [ERROR]    doris_mcp_server.utils.db:1141 - Pool health test failed: (1203, 'Reach limit of connections. Total: 1024, User: 100, Current: 125')
2026-05-19 13:33:30.847 [ERROR]    doris_mcp_server.utils.db:1141 - Pool health test failed: (1203, 'Reach limit of connections. Total: 1024, User: 100, Current: 125')
2026-05-19 13:33:32.914 [ERROR]    doris_mcp_server.utils.db:1141 - Pool health test failed: (1203, 'Reach limit of connections. Total: 1024, User: 100, Current: 125')
2026-05-19 13:33:32.915 [ERROR]    doris_mcp_server.utils.db:1361 - ❌ Pool recovery failed after all attempts
2026-05-19 13:34:02.916 [ERROR]    doris_mcp_server.utils.db:1141 - Pool health test failed: 'NoneType' object has no attribute 'acquire'
2026-05-19 13:34:02.986 [ERROR]    doris_mcp_server.utils.db:1141 - Pool health test failed: (1203, 'Reach limit of connections. Total: 1024, User: 100, Current: 125')
2026-05-19 13:34:04.729 [ERROR]    doris_mcp_server.utils.db:1270 - Stale connection cleanup error: 'NoneType' object has no attribute 'size'
2026-05-19 13:34:05.050 [ERROR]    doris_mcp_server.utils.db:1141 - Pool health test failed: (1203, 'Reach limit of connections. Total: 1024, User: 100, Current: 125')
2026-05-19 13:34:07.131 [ERROR]    doris_mcp_server.utils.db:1141 - Pool health test failed: (1203, 'Reach limit of connections. Total: 1024, User: 100, Current: 125')
2026-05-19 13:34:07.132 [ERROR]    doris_mcp_server.utils.db:1361 - ❌ Pool recovery failed after all attempts
2026-05-19 13:34:37.133 [ERROR]    doris_mcp_server.utils.db:1141 - Pool health test failed: 'NoneType' object has no attribute 'acquire'
2026-05-19 13:34:37.215 [ERROR]    doris_mcp_server.utils.db:1141 - Pool health test failed: (1203, 'Reach limit of connections. Total: 1024, User: 100, Current: 125')
2026-05-19 13:34:39.271 [ERROR]    doris_mcp_server.utils.db:1141 - Pool health test failed: (1203, 'Reach limit of connections. Total: 1024, User: 100, Current: 125')
2026-05-19 13:34:41.333 [ERROR]    doris_mcp_server.utils.db:1141 - Pool health test failed: (1203, 'Reach limit of connections. Total: 1024, User: 100, Current: 125')
2026-05-19 13:34:41.334 [ERROR]    doris_mcp_server.utils.db:1361 - ❌ Pool recovery failed after all attempts
2026-05-19 13:35:04.731 [ERROR]    doris_mcp_server.utils.db:1270 - Stale connection cleanup error: 'NoneType' object has no attribute 'size'
2026-05-19 13:35:11.335 [ERROR]    doris_mcp_server.utils.db:1141 - Pool health test failed: 'NoneType' object has no attribute 'acquire'
2026-05-19 13:35:11.416 [ERROR]    doris_mcp_server.utils.db:1141 - Pool health test failed: (1203, 'Reach limit of connections. Total: 1024, User: 100, Current: 125')
2026-05-19 13:35:13.507 [ERROR]    doris_mcp_server.utils.db:1141 - Pool health test failed: (1203, 'Reach limit of connections. Total: 1024, User: 100, Current: 125')
2026-05-19 13:35:15.578 [ERROR]    doris_mcp_server.utils.db:1141 - Pool health test failed: (1203, 'Reach limit of connections. Total: 1024, User: 100, Current: 125')
2026-05-19 13:35:15.579 [ERROR]    doris_mcp_server.utils.db:1361 - ❌ Pool recovery failed after all attempts
2026-05-19 13:35:45.581 [ERROR]    doris_mcp_server.utils.db:1141 - Pool health test failed: 'NoneType' object has no attribute 'acquire'
2026-05-19 13:35:45.657 [ERROR]    doris_mcp_server.utils.db:1141 - Pool health test failed: (1203, 'Reach limit of connections. Total: 1024, User: 100, Current: 125')
2026-05-19 13:35:47.746 [ERROR]    doris_mcp_server.utils.db:1141 - Pool health test failed: (1203, 'Reach limit of connections. Total: 1024, User: 100, Current: 125')
2026-05-19 13:35:49.821 [ERROR]    doris_mcp_server.utils.db:1141 - Pool health test failed: (1203, 'Reach limit of connections. Total: 1024, User: 100, Current: 125')
2026-05-19 13:35:49.821 [ERROR]    doris_mcp_server.utils.db:1361 - ❌ Pool recovery failed after all attempts
2026-05-19 13:36:04.734 [ERROR]    doris_mcp_server.utils.db:1270 - Stale connection cleanup error: 'NoneType' object has no attribute 'size'
2026-05-19 13:36:19.823 [ERROR]    doris_mcp_server.utils.db:1141 - Pool health test failed: 'NoneType' object has no attribute 'acquire'
2026-05-19 13:36:19.903 [ERROR]    doris_mcp_server.utils.db:1141 - Pool health test failed: (1203, 'Reach limit of connections. Total: 1024, User: 100, Current: 125')
2026-05-19 13:36:21.982 [ERROR]    doris_mcp_server.utils.db:1141 - Pool health test failed: (1203, 'Reach limit of connections. Total: 1024, User: 100, Current: 125')
2026-05-19 13:36:24.047 [ERROR]    doris_mcp_server.utils.db:1141 - Pool health test failed: (1203, 'Reach limit of connections. Total: 1024, User: 100, Current: 125')
2026-05-19 13:36:24.048 [ERROR]    doris_mcp_server.utils.db:1361 - ❌ Pool recovery failed after all attempts
2026-05-19 13:36:54.133 [ERROR]    doris_mcp_server.utils.db:1141 - Pool health test failed: 'NoneType' object has no attribute 'acquire'
2026-05-19 13:36:55.212 [ERROR]    doris_mcp_server.utils.db:1141 - Pool health test failed: (1203, 'Reach limit of connections. Total: 1024, User: 100, Current: 127')
2026-05-19 13:36:58.283 [ERROR]    doris_mcp_server.utils.db:1141 - Pool health test failed: (1203, 'Reach limit of connections. Total: 1024, User: 100, Current: 127')
2026-05-19 13:37:00.353 [ERROR]    doris_mcp_server.utils.db:1141 - Pool health test failed: (1203, 'Reach limit of connections. Total: 1024, User: 100, Current: 127')
2026-05-19 13:37:00.354 [ERROR]    doris_mcp_server.utils.db:1361 - ❌ Pool recovery failed after all attempts
2026-05-19 13:37:04.821 [ERROR]    doris_mcp_server.utils.db:1270 - Stale connection cleanup error: 'NoneType' object has no attribute 'size'
2026-05-19 13:37:30.355 [ERROR]    doris_mcp_server.utils.db:1141 - Pool health test failed: 'NoneType' object has no attribute 'acquire'
2026-05-19 13:37:30.420 [ERROR]    doris_mcp_server.utils.db:1141 - Pool health test failed: (1203, 'Reach limit of connections. Total: 1024, User: 100, Current: 126')
2026-05-19 13:37:32.504 [ERROR]    doris_mcp_server.utils.db:1141 - Pool health test failed: (1203, 'Reach limit of connections. Total: 1024, User: 100, Current: 125')
2026-05-19 13:37:34.587 [ERROR]    doris_mcp_server.utils.db:1141 - Pool health test failed: (1203, 'Reach limit of connections. Total: 1024, User: 100, Current: 125')
2026-05-19 13:37:34.587 [ERROR]    doris_mcp_server.utils.db:1361 - ❌ Pool recovery failed after all attempts
2026-05-19 13:38:04.589 [ERROR]    doris_mcp_server.utils.db:1141 - Pool health test failed: 'NoneType' object has no attribute 'acquire'
2026-05-19 13:38:04.674 [ERROR]    doris_mcp_server.utils.db:1141 - Pool health test failed: (1203, 'Reach limit of connections. Total: 1024, User: 100, Current: 125')
2026-05-19 13:38:04.823 [ERROR]    doris_mcp_server.utils.db:1270 - Stale connection cleanup error: 'NoneType' object has no attribute 'size'
2026-05-19 13:38:06.733 [ERROR]    doris_mcp_server.utils.db:1141 - Pool health test failed: (1203, 'Reach limit of connections. Total: 1024, User: 100, Current: 126')
2026-05-19 13:38:08.826 [ERROR]    doris_mcp_server.utils.db:1141 - Pool health test failed: (1203, 'Reach limit of connections. Total: 1024, User: 100, Current: 125')
2026-05-19 13:38:08.827 [ERROR]    doris_mcp_server.utils.db:1361 - ❌ Pool recovery failed after all attempts
2026-05-19 13:38:38.829 [ERROR]    doris_mcp_server.utils.db:1141 - Pool health test failed: 'NoneType' object has no attribute 'acquire'
2026-05-19 13:38:38.907 [ERROR]    doris_mcp_server.utils.db:1141 - Pool health test failed: (1203, 'Reach limit of connections. Total: 1024, User: 100, Current: 125')
2026-05-19 13:38:40.979 [ERROR]    doris_mcp_server.utils.db:1141 - Pool health test failed: (1203, 'Reach limit of connections. Total: 1024, User: 100, Current: 125')
2026-05-19 13:38:43.056 [ERROR]    doris_mcp_server.utils.db:1141 - Pool health test failed: (1203, 'Reach limit of connections. Total: 1024, User: 100, Current: 125')
2026-05-19 13:38:43.057 [ERROR]    doris_mcp_server.utils.db:1361 - ❌ Pool recovery failed after all attempts
2026-05-19 13:39:04.825 [ERROR]    doris_mcp_server.utils.db:1270 - Stale connection cleanup error: 'NoneType' object has no attribute 'size'
2026-05-19 13:39:13.059 [ERROR]    doris_mcp_server.utils.db:1141 - Pool health test failed: 'NoneType' object has no attribute 'acquire'
2026-05-19 13:39:13.122 [ERROR]    doris_mcp_server.utils.db:1141 - Pool health test failed: (1203, 'Reach limit of connections. Total: 1024, User: 100, Current: 125')
2026-05-19 13:39:16.202 [ERROR]    doris_mcp_server.utils.db:1141 - Pool health test failed: (1203, 'Reach limit of connections. Total: 1024, User: 100, Current: 125')
2026-05-19 13:39:18.271 [ERROR]    doris_mcp_server.utils.db:1141 - Pool health test failed: (1203, 'Reach limit of connections. Total: 1024, User: 100, Current: 125')
2026-05-19 13:39:18.272 [ERROR]    doris_mcp_server.utils.db:1361 - ❌ Pool recovery failed after all attempts
2026-05-19 13:39:48.274 [ERROR]    doris_mcp_server.utils.db:1141 - Pool health test failed: 'NoneType' object has no attribute 'acquire'
2026-05-19 13:39:48.368 [ERROR]    doris_mcp_server.utils.db:1141 - Pool health test failed: (1203, 'Reach limit of connections. Total: 1024, User: 100, Current: 125')
2026-05-19 13:39:50.446 [ERROR]    doris_mcp_server.utils.db:1141 - Pool health test failed: (1203, 'Reach limit of connections. Total: 1024, User: 100, Current: 125')
2026-05-19 13:39:52.536 [ERROR]    doris_mcp_server.utils.db:1141 - Pool health test failed: (1203, 'Reach limit of connections. Total: 1024, User: 100, Current: 125')
2026-05-19 13:39:52.537 [ERROR]    doris_mcp_server.utils.db:1361 - ❌ Pool recovery failed after all attempts
2026-05-19 13:40:04.829 [ERROR]    doris_mcp_server.utils.db:1270 - Stale connection cleanup error: 'NoneType' object has no attribute 'size'
2026-05-19 13:40:22.539 [ERROR]    doris_mcp_server.utils.db:1141 - Pool health test failed: 'NoneType' object has no attribute 'acquire'
2026-05-19 13:40:22.605 [ERROR]    doris_mcp_server.utils.db:1141 - Pool health test failed: (1203, 'Reach limit of connections. Total: 1024, User: 100, Current: 125')
2026-05-19 13:40:24.679 [ERROR]    doris_mcp_server.utils.db:1141 - Pool health test failed: (1203, 'Reach limit of connections. Total: 1024, User: 100, Current: 125')
2026-05-19 13:40:26.760 [ERROR]    doris_mcp_server.utils.db:1141 - Pool health test failed: (1203, 'Reach limit of connections. Total: 1024, User: 100, Current: 127')
2026-05-19 13:40:26.761 [ERROR]    doris_mcp_server.utils.db:1361 - ❌ Pool recovery failed after all attempts
2026-05-19 13:40:56.763 [ERROR]    doris_mcp_server.utils.db:1141 - Pool health test failed: 'NoneType' object has no attribute 'acquire'
2026-05-19 13:40:56.844 [ERROR]    doris_mcp_server.utils.db:1141 - Pool health test failed: (1203, 'Reach limit of connections. Total: 1024, User: 100, Current: 125')
2026-05-19 13:40:58.917 [ERROR]    doris_mcp_server.utils.db:1141 - Pool health test failed: (1203, 'Reach limit of connections. Total: 1024, User: 100, Current: 125')
2026-05-19 13:41:00.986 [ERROR]    doris_mcp_server.utils.db:1141 - Pool health test failed: (1203, 'Reach limit of connections. Total: 1024, User: 100, Current: 125')
2026-05-19 13:41:00.987 [ERROR]    doris_mcp_server.utils.db:1361 - ❌ Pool recovery failed after all attempts
2026-05-19 13:41:04.832 [ERROR]    doris_mcp_server.utils.db:1270 - Stale connection cleanup error: 'NoneType' object has no attribute 'size'
2026-05-19 13:41:30.989 [ERROR]    doris_mcp_server.utils.db:1141 - Pool health test failed: 'NoneType' object has no attribute 'acquire'
2026-05-19 13:41:31.055 [ERROR]    doris_mcp_server.utils.db:1141 - Pool health test failed: (1203, 'Reach limit of connections. Total: 1024, User: 100, Current: 125')
2026-05-19 13:41:33.110 [ERROR]    doris_mcp_server.utils.db:1141 - Pool health test failed: (1203, 'Reach limit of connections. Total: 1024, User: 100, Current: 125')
2026-05-19 13:41:35.177 [ERROR]    doris_mcp_server.utils.db:1141 - Pool health test failed: (1203, 'Reach limit of connections. Total: 1024, User: 100, Current: 125')
2026-05-19 13:41:35.178 [ERROR]    doris_mcp_server.utils.db:1361 - ❌ Pool recovery failed after all attempts
2026-05-19 13:42:04.836 [ERROR]    doris_mcp_server.utils.db:1270 - Stale connection cleanup error: 'NoneType' object has no attribute 'size'
2026-05-19 13:42:05.179 [ERROR]    doris_mcp_server.utils.db:1141 - Pool health test failed: 'NoneType' object has no attribute 'acquire'
2026-05-19 13:42:05.267 [ERROR]    doris_mcp_server.utils.db:1141 - Pool health test failed: (1203, 'Reach limit of connections. Total: 1024, User: 100, Current: 125')
2026-05-19 13:42:07.348 [ERROR]    doris_mcp_server.utils.db:1141 - Pool health test failed: (1203, 'Reach limit of connections. Total: 1024, User: 100, Current: 125')
2026-05-19 13:42:09.407 [ERROR]    doris_mcp_server.utils.db:1141 - Pool health test failed: (1203, 'Reach limit of connections. Total: 1024, User: 100, Current: 125')
2026-05-19 13:42:09.407 [ERROR]    doris_mcp_server.utils.db:1361 - ❌ Pool recovery failed after all attempts
2026-05-19 13:42:39.410 [ERROR]    doris_mcp_server.utils.db:1141 - Pool health test failed: 'NoneType' object has no attribute 'acquire'
2026-05-19 13:42:39.490 [ERROR]    doris_mcp_server.utils.db:1141 - Pool health test failed: (1203, 'Reach limit of connections. Total: 1024, User: 100, Current: 125')
2026-05-19 13:42:41.564 [ERROR]    doris_mcp_server.utils.db:1141 - Pool health test failed: (1203, 'Reach limit of connections. Total: 1024, User: 100, Current: 125')
2026-05-19 13:42:43.646 [ERROR]    doris_mcp_server.utils.db:1141 - Pool health test failed: (1203, 'Reach limit of connections. Total: 1024, User: 100, Current: 125')
2026-05-19 13:42:43.647 [ERROR]    doris_mcp_server.utils.db:1361 - ❌ Pool recovery failed after all attempts
2026-05-19 13:43:04.840 [ERROR]    doris_mcp_server.utils.db:1270 - Stale connection cleanup error: 'NoneType' object has no attribute 'size'
2026-05-19 13:43:13.648 [ERROR]    doris_mcp_server.utils.db:1141 - Pool health test failed: 'NoneType' object has no attribute 'acquire'
2026-05-19 13:43:13.734 [ERROR]    doris_mcp_server.utils.db:1141 - Pool health test failed: (1203, 'Reach limit of connections. Total: 1024, User: 100, Current: 125')
2026-05-19 13:43:15.824 [ERROR]    doris_mcp_server.utils.db:1141 - Pool health test failed: (1203, 'Reach limit of connections. Total: 1024, User: 100, Current: 125')
2026-05-19 13:43:17.918 [ERROR]    doris_mcp_server.utils.db:1141 - Pool health test failed: (1203, 'Reach limit of connections. Total: 1024, User: 100, Current: 125')
2026-05-19 13:43:17.919 [ERROR]    doris_mcp_server.utils.db:1361 - ❌ Pool recovery failed after all attempts
2026-05-19 13:43:47.921 [ERROR]    doris_mcp_server.utils.db:1141 - Pool health test failed: 'NoneType' object has no attribute 'acquire'
2026-05-19 13:43:48.000 [ERROR]    doris_mcp_server.utils.db:1141 - Pool health test failed: (1203, 'Reach limit of connections. Total: 1024, User: 100, Current: 125')
2026-05-19 13:43:50.082 [ERROR]    doris_mcp_server.utils.db:1141 - Pool health test failed: (1203, 'Reach limit of connections. Total: 1024, User: 100, Current: 125')
2026-05-19 13:43:52.141 [ERROR]    doris_mcp_server.utils.db:1141 - Pool health test failed: (1203, 'Reach limit of connections. Total: 1024, User: 100, Current: 125')
2026-05-19 13:43:52.142 [ERROR]    doris_mcp_server.utils.db:1361 - ❌ Pool recovery failed after all attempts
2026-05-19 13:44:04.843 [ERROR]    doris_mcp_server.utils.db:1270 - Stale connection cleanup error: 'NoneType' object has no attribute 'size'
2026-05-19 13:44:22.143 [ERROR]    doris_mcp_server.utils.db:1141 - Pool health test failed: 'NoneType' object has no attribute 'acquire'
2026-05-19 13:44:22.194 [ERROR]    doris_mcp_server.utils.db:1141 - Pool health test failed: (1203, 'Reach limit of connections. Total: 1024, User: 100, Current: 125')
2026-05-19 13:44:24.272 [ERROR]    doris_mcp_server.utils.db:1141 - Pool health test failed: (1203, 'Reach limit of connections. Total: 1024, User: 100, Current: 125')
2026-05-19 13:44:26.335 [ERROR]    doris_mcp_server.utils.db:1141 - Pool health test failed: (1203, 'Reach limit of connections. Total: 1024, User: 100, Current: 125')
2026-05-19 13:44:26.335 [ERROR]    doris_mcp_server.utils.db:1361 - ❌ Pool recovery failed after all attempts
2026-05-19 13:44:56.336 [ERROR]    doris_mcp_server.utils.db:1141 - Pool health test failed: 'NoneType' object has no attribute 'acquire'
2026-05-19 13:44:56.412 [ERROR]    doris_mcp_server.utils.db:1141 - Pool health test failed: (1203, 'Reach limit of connections. Total: 1024, User: 100, Current: 125')
2026-05-19 13:44:58.477 [ERROR]    doris_mcp_server.utils.db:1141 - Pool health test failed: (1203, 'Reach limit of connections. Total: 1024, User: 100, Current: 125')
2026-05-19 13:45:00.564 [ERROR]    doris_mcp_server.utils.db:1141 - Pool health test failed: (1203, 'Reach limit of connections. Total: 1024, User: 100, Current: 125')
2026-05-19 13:45:00.565 [ERROR]    doris_mcp_server.utils.db:1361 - ❌ Pool recovery failed after all attempts
2026-05-19 13:45:04.845 [ERROR]    doris_mcp_server.utils.db:1270 - Stale connection cleanup error: 'NoneType' object has no attribute 'size'
2026-05-19 13:45:30.566 [ERROR]    doris_mcp_server.utils.db:1141 - Pool health test failed: 'NoneType' object has no attribute 'acquire'
2026-05-19 13:45:30.651 [ERROR]    doris_mcp_server.utils.db:1141 - Pool health test failed: (1203, 'Reach limit of connections. Total: 1024, User: 100, Current: 125')
2026-05-19 13:45:32.708 [ERROR]    doris_mcp_server.utils.db:1141 - Pool health test failed: (1203, 'Reach limit of connections. Total: 1024, User: 100, Current: 125')
2026-05-19 13:45:34.784 [ERROR]    doris_mcp_server.utils.db:1141 - Pool health test failed: (1203, 'Reach limit of connections. Total: 1024, User: 100, Current: 125')
2026-05-19 13:45:34.784 [ERROR]    doris_mcp_server.utils.db:1361 - ❌ Pool recovery failed after all attempts
2026-05-19 13:46:04.787 [ERROR]    doris_mcp_server.utils.db:1141 - Pool health test failed: 'NoneType' object has no attribute 'acquire'
2026-05-19 13:46:04.866 [ERROR]    doris_mcp_server.utils.db:1141 - Pool health test failed: (1203, 'Reach limit of connections. Total: 1024, User: 100, Current: 125')
2026-05-19 13:46:06.919 [ERROR]    doris_mcp_server.utils.db:1141 - Pool health test failed: (1203, 'Reach limit of connections. Total: 1024, User: 100, Current: 125')
2026-05-19 13:46:08.980 [ERROR]    doris_mcp_server.utils.db:1141 - Pool health test failed: (1203, 'Reach limit of connections. Total: 1024, User: 100, Current: 125')
2026-05-19 13:46:08.980 [ERROR]    doris_mcp_server.utils.db:1361 - ❌ Pool recovery failed after all attempts
2026-05-19 13:46:38.983 [ERROR]    doris_mcp_server.utils.db:1141 - Pool health test failed: 'NoneType' object has no attribute 'acquire'
2026-05-19 13:46:39.057 [ERROR]    doris_mcp_server.utils.db:1141 - Pool health test failed: (1203, 'Reach limit of connections. Total: 1024, User: 100, Current: 125')
2026-05-19 13:46:41.136 [ERROR]    doris_mcp_server.utils.db:1141 - Pool health test failed: (1203, 'Reach limit of connections. Total: 1024, User: 100, Current: 125')
2026-05-19 13:46:43.208 [ERROR]    doris_mcp_server.utils.db:1141 - Pool health test failed: (1203, 'Reach limit of connections. Total: 1024, User: 100, Current: 125')
2026-05-19 13:46:43.208 [ERROR]    doris_mcp_server.utils.db:1361 - ❌ Pool recovery failed after all attempts
2026-05-19 13:47:04.849 [ERROR]    doris_mcp_server.utils.db:1270 - Stale connection cleanup error: 'NoneType' object has no attribute 'size'
2026-05-19 13:47:13.210 [ERROR]    doris_mcp_server.utils.db:1141 - Pool health test failed: 'NoneType' object has no attribute 'acquire'
2026-05-19 13:47:13.290 [ERROR]    doris_mcp_server.utils.db:1141 - Pool health test failed: (1203, 'Reach limit of connections. Total: 1024, User: 100, Current: 125')
2026-05-19 13:47:15.355 [ERROR]    doris_mcp_server.utils.db:1141 - Pool health test failed: (1203, 'Reach limit of connections. Total: 1024, User: 100, Current: 125')
2026-05-19 13:47:17.418 [ERROR]    doris_mcp_server.utils.db:1141 - Pool health test failed: (1203, 'Reach limit of connections. Total: 1024, User: 100, Current: 125')
2026-05-19 13:47:17.418 [ERROR]    doris_mcp_server.utils.db:1361 - ❌ Pool recovery failed after all attempts
2026-05-19 13:47:47.420 [ERROR]    doris_mcp_server.utils.db:1141 - Pool health test failed: 'NoneType' object has no attribute 'acquire'
2026-05-19 13:47:47.504 [ERROR]    doris_mcp_server.utils.db:1141 - Pool health test failed: (1203, 'Reach limit of connections. Total: 1024, User: 100, Current: 125')
2026-05-19 13:47:49.581 [ERROR]    doris_mcp_server.utils.db:1141 - Pool health test failed: (1203, 'Reach limit of connections. Total: 1024, User: 100, Current: 125')
2026-05-19 13:47:51.639 [ERROR]    doris_mcp_server.utils.db:1141 - Pool health test failed: (1203, 'Reach limit of connections. Total: 1024, User: 100, Current: 126')
2026-05-19 13:47:51.639 [ERROR]    doris_mcp_server.utils.db:1361 - ❌ Pool recovery failed after all attempts
2026-05-19 13:48:04.852 [ERROR]    doris_mcp_server.utils.db:1270 - Stale connection cleanup error: 'NoneType' object has no attribute 'size'
2026-05-19 13:48:21.640 [ERROR]    doris_mcp_server.utils.db:1141 - Pool health test failed: 'NoneType' object has no attribute 'acquire'
2026-05-19 13:48:21.710 [ERROR]    doris_mcp_server.utils.db:1141 - Pool health test failed: (1203, 'Reach limit of connections. Total: 1024, User: 100, Current: 128')
2026-05-19 13:48:23.805 [ERROR]    doris_mcp_server.utils.db:1141 - Pool health test failed: (1203, 'Reach limit of connections. Total: 1024, User: 100, Current: 127')
2026-05-19 13:48:25.882 [ERROR]    doris_mcp_server.utils.db:1141 - Pool health test failed: (1203, 'Reach limit of connections. Total: 1024, User: 100, Current: 127')
2026-05-19 13:48:25.883 [ERROR]    doris_mcp_server.utils.db:1361 - ❌ Pool recovery failed after all attempts
2026-05-19 13:48:55.885 [ERROR]    doris_mcp_server.utils.db:1141 - Pool health test failed: 'NoneType' object has no attribute 'acquire'
2026-05-19 13:48:55.963 [ERROR]    doris_mcp_server.utils.db:1141 - Pool health test failed: (1203, 'Reach limit of connections. Total: 1024, User: 100, Current: 125')
2026-05-19 13:48:58.031 [ERROR]    doris_mcp_server.utils.db:1141 - Pool health test failed: (1203, 'Reach limit of connections. Total: 1024, User: 100, Current: 125')
2026-05-19 13:49:00.098 [ERROR]    doris_mcp_server.utils.db:1141 - Pool health test failed: (1203, 'Reach limit of connections. Total: 1024, User: 100, Current: 125')
2026-05-19 13:49:00.099 [ERROR]    doris_mcp_server.utils.db:1361 - ❌ Pool recovery failed after all attempts
2026-05-19 13:49:04.855 [ERROR]    doris_mcp_server.utils.db:1270 - Stale connection cleanup error: 'NoneType' object has no attribute 'size'
2026-05-19 13:49:30.100 [ERROR]    doris_mcp_server.utils.db:1141 - Pool health test failed: 'NoneType' object has no attribute 'acquire'
2026-05-19 13:49:30.152 [ERROR]    doris_mcp_server.utils.db:1141 - Pool health test failed: (1203, 'Reach limit of connections. Total: 1024, User: 100, Current: 125')
2026-05-19 13:49:32.215 [ERROR]    doris_mcp_server.utils.db:1141 - Pool health test failed: (1203, 'Reach limit of connections. Total: 1024, User: 100, Current: 125')
2026-05-19 13:49:34.290 [ERROR]    doris_mcp_server.utils.db:1141 - Pool health test failed: (1203, 'Reach limit of connections. Total: 1024, User: 100, Current: 125')
2026-05-19 13:49:34.291 [ERROR]    doris_mcp_server.utils.db:1361 - ❌ Pool recovery failed after all attempts
2026-05-19 13:50:04.293 [ERROR]    doris_mcp_server.utils.db:1141 - Pool health test failed: 'NoneType' object has no attribute 'acquire'
2026-05-19 13:50:04.371 [ERROR]    doris_mcp_server.utils.db:1141 - Pool health test failed: (1203, 'Reach limit of connections. Total: 1024, User: 100, Current: 125')
2026-05-19 13:50:04.858 [ERROR]    doris_mcp_server.utils.db:1270 - Stale connection cleanup error: 'NoneType' object has no attribute 'size'
2026-05-19 13:50:06.454 [ERROR]    doris_mcp_server.utils.db:1141 - Pool health test failed: (1203, 'Reach limit of connections. Total: 1024, User: 100, Current: 125')
2026-05-19 13:50:08.513 [ERROR]    doris_mcp_server.utils.db:1141 - Pool health test failed: (1203, 'Reach limit of connections. Total: 1024, User: 100, Current: 125')
2026-05-19 13:50:08.514 [ERROR]    doris_mcp_server.utils.db:1361 - ❌ Pool recovery failed after all attempts
2026-05-19 13:50:38.515 [ERROR]    doris_mcp_server.utils.db:1141 - Pool health test failed: 'NoneType' object has no attribute 'acquire'
2026-05-19 13:50:38.587 [ERROR]    doris_mcp_server.utils.db:1141 - Pool health test failed: (1203, 'Reach limit of connections. Total: 1024, User: 100, Current: 126')
2026-05-19 13:50:40.683 [ERROR]    doris_mcp_server.utils.db:1141 - Pool health test failed: (1203, 'Reach limit of connections. Total: 1024, User: 100, Current: 126')
2026-05-19 13:50:42.751 [ERROR]    doris_mcp_server.utils.db:1141 - Pool health test failed: (1203, 'Reach limit of connections. Total: 1024, User: 100, Current: 126')
2026-05-19 13:50:42.752 [ERROR]    doris_mcp_server.utils.db:1361 - ❌ Pool recovery failed after all attempts
2026-05-19 13:51:04.858 [ERROR]    doris_mcp_server.utils.db:1270 - Stale connection cleanup error: 'NoneType' object has no attribute 'size'
2026-05-19 13:51:12.753 [ERROR]    doris_mcp_server.utils.db:1141 - Pool health test failed: 'NoneType' object has no attribute 'acquire'
2026-05-19 13:51:12.832 [ERROR]    doris_mcp_server.utils.db:1141 - Pool health test failed: (1203, 'Reach limit of connections. Total: 1024, User: 100, Current: 127')
2026-05-19 13:51:14.905 [ERROR]    doris_mcp_server.utils.db:1141 - Pool health test failed: (1203, 'Reach limit of connections. Total: 1024, User: 100, Current: 127')
2026-05-19 13:51:16.987 [ERROR]    doris_mcp_server.utils.db:1141 - Pool health test failed: (1203, 'Reach limit of connections. Total: 1024, User: 100, Current: 127')
2026-05-19 13:51:16.988 [ERROR]    doris_mcp_server.utils.db:1361 - ❌ Pool recovery failed after all attempts
2026-05-19 13:51:46.989 [ERROR]    doris_mcp_server.utils.db:1141 - Pool health test failed: 'NoneType' object has no attribute 'acquire'
2026-05-19 13:51:47.064 [ERROR]    doris_mcp_server.utils.db:1141 - Pool health test failed: (1203, 'Reach limit of connections. Total: 1024, User: 100, Current: 127')
2026-05-19 13:51:49.131 [ERROR]    doris_mcp_server.utils.db:1141 - Pool health test failed: (1203, 'Reach limit of connections. Total: 1024, User: 100, Current: 127')
2026-05-19 13:51:51.188 [ERROR]    doris_mcp_server.utils.db:1141 - Pool health test failed: (1203, 'Reach limit of connections. Total: 1024, User: 100, Current: 127')
2026-05-19 13:51:51.188 [ERROR]    doris_mcp_server.utils.db:1361 - ❌ Pool recovery failed after all attempts
2026-05-19 13:52:04.862 [ERROR]    doris_mcp_server.utils.db:1270 - Stale connection cleanup error: 'NoneType' object has no attribute 'size'
2026-05-19 13:52:21.190 [ERROR]    doris_mcp_server.utils.db:1141 - Pool health test failed: 'NoneType' object has no attribute 'acquire'
2026-05-19 13:52:21.266 [ERROR]    doris_mcp_server.utils.db:1141 - Pool health test failed: (1203, 'Reach limit of connections. Total: 1024, User: 100, Current: 126')
2026-05-19 13:52:23.347 [ERROR]    doris_mcp_server.utils.db:1141 - Pool health test failed: (1203, 'Reach limit of connections. Total: 1024, User: 100, Current: 126')
2026-05-19 13:52:25.422 [ERROR]    doris_mcp_server.utils.db:1141 - Pool health test failed: (1203, 'Reach limit of connections. Total: 1024, User: 100, Current: 126')
2026-05-19 13:52:25.423 [ERROR]    doris_mcp_server.utils.db:1361 - ❌ Pool recovery failed after all attempts
2026-05-19 13:52:55.425 [ERROR]    doris_mcp_server.utils.db:1141 - Pool health test failed: 'NoneType' object has no attribute 'acquire'
2026-05-19 13:52:55.497 [ERROR]    doris_mcp_server.utils.db:1141 - Pool health test failed: (1203, 'Reach limit of connections. Total: 1024, User: 100, Current: 126')
2026-05-19 13:52:57.587 [ERROR]    doris_mcp_server.utils.db:1141 - Pool health test failed: (1203, 'Reach limit of connections. Total: 1024, User: 100, Current: 126')
2026-05-19 13:52:59.660 [ERROR]    doris_mcp_server.utils.db:1141 - Pool health test failed: (1203, 'Reach limit of connections. Total: 1024, User: 100, Current: 126')
2026-05-19 13:52:59.661 [ERROR]    doris_mcp_server.utils.db:1361 - ❌ Pool recovery failed after all attempts
2026-05-19 13:53:04.866 [ERROR]    doris_mcp_server.utils.db:1270 - Stale connection cleanup error: 'NoneType' object has no attribute 'size'
2026-05-19 13:53:29.663 [ERROR]    doris_mcp_server.utils.db:1141 - Pool health test failed: 'NoneType' object has no attribute 'acquire'
2026-05-19 13:53:29.745 [ERROR]    doris_mcp_server.utils.db:1141 - Pool health test failed: (1203, 'Reach limit of connections. Total: 1024, User: 100, Current: 125')
2026-05-19 13:53:31.833 [ERROR]    doris_mcp_server.utils.db:1141 - Pool health test failed: (1203, 'Reach limit of connections. Total: 1024, User: 100, Current: 125')
2026-05-19 13:53:33.901 [ERROR]    doris_mcp_server.utils.db:1141 - Pool health test failed: (1203, 'Reach limit of connections. Total: 1024, User: 100, Current: 125')
2026-05-19 13:53:33.902 [ERROR]    doris_mcp_server.utils.db:1361 - ❌ Pool recovery failed after all attempts
2026-05-19 13:54:03.902 [ERROR]    doris_mcp_server.utils.db:1141 - Pool health test failed: 'NoneType' object has no attribute 'acquire'
2026-05-19 13:54:03.970 [ERROR]    doris_mcp_server.utils.db:1141 - Pool health test failed: (1203, 'Reach limit of connections. Total: 1024, User: 100, Current: 126')
2026-05-19 13:54:04.868 [ERROR]    doris_mcp_server.utils.db:1270 - Stale connection cleanup error: 'NoneType' object has no attribute 'size'
2026-05-19 13:54:06.068 [ERROR]    doris_mcp_server.utils.db:1141 - Pool health test failed: (1203, 'Reach limit of connections. Total: 1024, User: 100, Current: 126')
2026-05-19 13:54:08.126 [ERROR]    doris_mcp_server.utils.db:1141 - Pool health test failed: (1203, 'Reach limit of connections. Total: 1024, User: 100, Current: 126')
2026-05-19 13:54:08.126 [ERROR]    doris_mcp_server.utils.db:1361 - ❌ Pool recovery failed after all attempts
2026-05-19 13:54:38.128 [ERROR]    doris_mcp_server.utils.db:1141 - Pool health test failed: 'NoneType' object has no attribute 'acquire'
2026-05-19 13:54:38.186 [ERROR]    doris_mcp_server.utils.db:1141 - Pool health test failed: (1203, 'Reach limit of connections. Total: 1024, User: 100, Current: 125')
2026-05-19 13:54:40.248 [ERROR]    doris_mcp_server.utils.db:1141 - Pool health test failed: (1203, 'Reach limit of connections. Total: 1024, User: 100, Current: 125')
2026-05-19 13:54:42.314 [ERROR]    doris_mcp_server.utils.db:1141 - Pool health test failed: (1203, 'Reach limit of connections. Total: 1024, User: 100, Current: 125')
2026-05-19 13:54:42.314 [ERROR]    doris_mcp_server.utils.db:1361 - ❌ Pool recovery failed after all attempts
2026-05-19 13:55:04.872 [ERROR]    doris_mcp_server.utils.db:1270 - Stale connection cleanup error: 'NoneType' object has no attribute 'size'
2026-05-19 13:55:12.315 [ERROR]    doris_mcp_server.utils.db:1141 - Pool health test failed: 'NoneType' object has no attribute 'acquire'
2026-05-19 13:55:12.395 [ERROR]    doris_mcp_server.utils.db:1141 - Pool health test failed: (1203, 'Reach limit of connections. Total: 1024, User: 100, Current: 125')
2026-05-19 13:55:14.448 [ERROR]    doris_mcp_server.utils.db:1141 - Pool health test failed: (1203, 'Reach limit of connections. Total: 1024, User: 100, Current: 125')
2026-05-19 13:55:16.547 [ERROR]    doris_mcp_server.utils.db:1141 - Pool health test failed: (1203, 'Reach limit of connections. Total: 1024, User: 100, Current: 125')
2026-05-19 13:55:16.547 [ERROR]    doris_mcp_server.utils.db:1361 - ❌ Pool recovery failed after all attempts
2026-05-19 13:55:46.547 [ERROR]    doris_mcp_server.utils.db:1141 - Pool health test failed: 'NoneType' object has no attribute 'acquire'
2026-05-19 13:55:46.624 [ERROR]    doris_mcp_server.utils.db:1141 - Pool health test failed: (1203, 'Reach limit of connections. Total: 1024, User: 100, Current: 125')
2026-05-19 13:55:48.722 [ERROR]    doris_mcp_server.utils.db:1141 - Pool health test failed: (1203, 'Reach limit of connections. Total: 1024, User: 100, Current: 125')
2026-05-19 13:55:50.796 [ERROR]    doris_mcp_server.utils.db:1141 - Pool health test failed: (1203, 'Reach limit of connections. Total: 1024, User: 100, Current: 125')
2026-05-19 13:55:50.797 [ERROR]    doris_mcp_server.utils.db:1361 - ❌ Pool recovery failed after all attempts
2026-05-19 13:56:04.881 [ERROR]    doris_mcp_server.utils.db:1270 - Stale connection cleanup error: 'NoneType' object has no attribute 'size'
2026-05-19 13:56:20.798 [ERROR]    doris_mcp_server.utils.db:1141 - Pool health test failed: 'NoneType' object has no attribute 'acquire'
2026-05-19 13:56:20.868 [ERROR]    doris_mcp_server.utils.db:1141 - Pool health test failed: (1203, 'Reach limit of connections. Total: 1024, User: 100, Current: 125')
2026-05-19 13:56:22.969 [ERROR]    doris_mcp_server.utils.db:1141 - Pool health test failed: (1203, 'Reach limit of connections. Total: 1024, User: 100, Current: 125')
2026-05-19 13:56:25.048 [ERROR]    doris_mcp_server.utils.db:1141 - Pool health test failed: (1203, 'Reach limit of connections. Total: 1024, User: 100, Current: 125')
2026-05-19 13:56:25.048 [ERROR]    doris_mcp_server.utils.db:1361 - ❌ Pool recovery failed after all attempts
2026-05-19 13:56:55.049 [ERROR]    doris_mcp_server.utils.db:1141 - Pool health test failed: 'NoneType' object has no attribute 'acquire'
2026-05-19 13:56:55.112 [ERROR]    doris_mcp_server.utils.db:1141 - Pool health test failed: (1203, 'Reach limit of connections. Total: 1024, User: 100, Current: 125')
2026-05-19 13:56:57.179 [ERROR]    doris_mcp_server.utils.db:1141 - Pool health test failed: (1203, 'Reach limit of connections. Total: 1024, User: 100, Current: 125')
2026-05-19 13:56:59.236 [ERROR]    doris_mcp_server.utils.db:1141 - Pool health test failed: (1203, 'Reach limit of connections. Total: 1024, User: 100, Current: 125')
2026-05-19 13:56:59.236 [ERROR]    doris_mcp_server.utils.db:1361 - ❌ Pool recovery failed after all attempts
2026-05-19 13:57:04.883 [ERROR]    doris_mcp_server.utils.db:1270 - Stale connection cleanup error: 'NoneType' object has no attribute 'size'
2026-05-19 13:57:29.242 [ERROR]    doris_mcp_server.utils.db:1141 - Pool health test failed: 'NoneType' object has no attribute 'acquire'
2026-05-19 13:57:29.317 [ERROR]    doris_mcp_server.utils.db:1141 - Pool health test failed: (1203, 'Reach limit of connections. Total: 1024, User: 100, Current: 126')
2026-05-19 13:57:31.386 [ERROR]    doris_mcp_server.utils.db:1141 - Pool health test failed: (1203, 'Reach limit of connections. Total: 1024, User: 100, Current: 126')
2026-05-19 13:57:33.451 [ERROR]    doris_mcp_server.utils.db:1141 - Pool health test failed: (1203, 'Reach limit of connections. Total: 1024, User: 100, Current: 126')
2026-05-19 13:57:33.452 [ERROR]    doris_mcp_server.utils.db:1361 - ❌ Pool recovery failed after all attempts
2026-05-19 13:58:03.455 [ERROR]    doris_mcp_server.utils.db:1141 - Pool health test failed: 'NoneType' object has no attribute 'acquire'
2026-05-19 13:58:03.556 [ERROR]    doris_mcp_server.utils.db:1141 - Pool health test failed: (1203, 'Reach limit of connections. Total: 1024, User: 100, Current: 125')
2026-05-19 13:58:04.886 [ERROR]    doris_mcp_server.utils.db:1270 - Stale connection cleanup error: 'NoneType' object has no attribute 'size'
2026-05-19 13:58:05.657 [ERROR]    doris_mcp_server.utils.db:1141 - Pool health test failed: (1203, 'Reach limit of connections. Total: 1024, User: 100, Current: 125')
2026-05-19 13:58:07.732 [ERROR]    doris_mcp_server.utils.db:1141 - Pool health test failed: (1203, 'Reach limit of connections. Total: 1024, User: 100, Current: 125')
2026-05-19 13:58:07.733 [ERROR]    doris_mcp_server.utils.db:1361 - ❌ Pool recovery failed after all attempts
2026-05-19 13:58:37.734 [ERROR]    doris_mcp_server.utils.db:1141 - Pool health test failed: 'NoneType' object has no attribute 'acquire'
2026-05-19 13:58:37.802 [ERROR]    doris_mcp_server.utils.db:1141 - Pool health test failed: (1203, 'Reach limit of connections. Total: 1024, User: 100, Current: 125')
2026-05-19 13:58:39.886 [ERROR]    doris_mcp_server.utils.db:1141 - Pool health test failed: (1203, 'Reach limit of connections. Total: 1024, User: 100, Current: 125')
2026-05-19 13:58:41.960 [ERROR]    doris_mcp_server.utils.db:1141 - Pool health test failed: (1203, 'Reach limit of connections. Total: 1024, User: 100, Current: 125')
2026-05-19 13:58:41.961 [ERROR]    doris_mcp_server.utils.db:1361 - ❌ Pool recovery failed after all attempts
2026-05-19 13:59:04.887 [ERROR]    doris_mcp_server.utils.db:1270 - Stale connection cleanup error: 'NoneType' object has no attribute 'size'
2026-05-19 13:59:11.961 [ERROR]    doris_mcp_server.utils.db:1141 - Pool health test failed: 'NoneType' object has no attribute 'acquire'
2026-05-19 13:59:12.020 [ERROR]    doris_mcp_server.utils.db:1141 - Pool health test failed: (1203, 'Reach limit of connections. Total: 1024, User: 100, Current: 125')
2026-05-19 13:59:14.075 [ERROR]    doris_mcp_server.utils.db:1141 - Pool health test failed: (1203, 'Reach limit of connections. Total: 1024, User: 100, Current: 125')
2026-05-19 13:59:16.154 [ERROR]    doris_mcp_server.utils.db:1141 - Pool health test failed: (1203, 'Reach limit of connections. Total: 1024, User: 100, Current: 125')
2026-05-19 13:59:16.155 [ERROR]    doris_mcp_server.utils.db:1361 - ❌ Pool recovery failed after all attempts
2026-05-19 13:59:46.157 [ERROR]    doris_mcp_server.utils.db:1141 - Pool health test failed: 'NoneType' object has no attribute 'acquire'
2026-05-19 13:59:46.224 [ERROR]    doris_mcp_server.utils.db:1141 - Pool health test failed: (1203, 'Reach limit of connections. Total: 1024, User: 100, Current: 125')
2026-05-19 13:59:48.286 [ERROR]    doris_mcp_server.utils.db:1141 - Pool health test failed: (1203, 'Reach limit of connections. Total: 1024, User: 100, Current: 125')
2026-05-19 13:59:50.352 [ERROR]    doris_mcp_server.utils.db:1141 - Pool health test failed: (1203, 'Reach limit of connections. Total: 1024, User: 100, Current: 125')
2026-05-19 13:59:50.352 [ERROR]    doris_mcp_server.utils.db:1361 - ❌ Pool recovery failed after all attempts
2026-05-19 14:00:04.890 [ERROR]    doris_mcp_server.utils.db:1270 - Stale connection cleanup error: 'NoneType' object has no attribute 'size'
2026-05-19 14:00:20.354 [ERROR]    doris_mcp_server.utils.db:1141 - Pool health test failed: 'NoneType' object has no attribute 'acquire'
2026-05-19 14:00:20.431 [ERROR]    doris_mcp_server.utils.db:1141 - Pool health test failed: (1203, 'Reach limit of connections. Total: 1024, User: 100, Current: 125')
2026-05-19 14:00:22.534 [ERROR]    doris_mcp_server.utils.db:1141 - Pool health test failed: (1203, 'Reach limit of connections. Total: 1024, User: 100, Current: 125')
2026-05-19 14:00:24.608 [ERROR]    doris_mcp_server.utils.db:1141 - Pool health test failed: (1203, 'Reach limit of connections. Total: 1024, User: 100, Current: 125')
2026-05-19 14:00:24.609 [ERROR]    doris_mcp_server.utils.db:1361 - ❌ Pool recovery failed after all attempts
2026-05-19 14:00:54.612 [ERROR]    doris_mcp_server.utils.db:1141 - Pool health test failed: 'NoneType' object has no attribute 'acquire'
2026-05-19 14:00:54.683 [ERROR]    doris_mcp_server.utils.db:1141 - Pool health test failed: (1203, 'Reach limit of connections. Total: 1024, User: 100, Current: 127')
2026-05-19 14:00:56.784 [ERROR]    doris_mcp_server.utils.db:1141 - Pool health test failed: (1203, 'Reach limit of connections. Total: 1024, User: 100, Current: 127')
2026-05-19 14:00:58.856 [ERROR]    doris_mcp_server.utils.db:1141 - Pool health test failed: (1203, 'Reach limit of connections. Total: 1024, User: 100, Current: 127')
2026-05-19 14:00:58.857 [ERROR]    doris_mcp_server.utils.db:1361 - ❌ Pool recovery failed after all attempts
2026-05-19 14:01:04.894 [ERROR]    doris_mcp_server.utils.db:1270 - Stale connection cleanup error: 'NoneType' object has no attribute 'size'
2026-05-19 14:01:28.859 [ERROR]    doris_mcp_server.utils.db:1141 - Pool health test failed: 'NoneType' object has no attribute 'acquire'
2026-05-19 14:01:28.931 [ERROR]    doris_mcp_server.utils.db:1141 - Pool health test failed: (1203, 'Reach limit of connections. Total: 1024, User: 100, Current: 127')
2026-05-19 14:01:31.009 [ERROR]    doris_mcp_server.utils.db:1141 - Pool health test failed: (1203, 'Reach limit of connections. Total: 1024, User: 100, Current: 127')
2026-05-19 14:01:33.065 [ERROR]    doris_mcp_server.utils.db:1141 - Pool health test failed: (1203, 'Reach limit of connections. Total: 1024, User: 100, Current: 127')
2026-05-19 14:01:33.066 [ERROR]    doris_mcp_server.utils.db:1361 - ❌ Pool recovery failed after all attempts
2026-05-19 14:02:03.069 [ERROR]    doris_mcp_server.utils.db:1141 - Pool health test failed: 'NoneType' object has no attribute 'acquire'
2026-05-19 14:02:03.142 [ERROR]    doris_mcp_server.utils.db:1141 - Pool health test failed: (1203, 'Reach limit of connections. Total: 1024, User: 100, Current: 125')
2026-05-19 14:02:04.897 [ERROR]    doris_mcp_server.utils.db:1270 - Stale connection cleanup error: 'NoneType' object has no attribute 'size'
2026-05-19 14:02:05.206 [ERROR]    doris_mcp_server.utils.db:1141 - Pool health test failed: (1203, 'Reach limit of connections. Total: 1024, User: 100, Current: 125')
2026-05-19 14:02:07.290 [ERROR]    doris_mcp_server.utils.db:1141 - Pool health test failed: (1203, 'Reach limit of connections. Total: 1024, User: 100, Current: 125')
2026-05-19 14:02:07.291 [ERROR]    doris_mcp_server.utils.db:1361 - ❌ Pool recovery failed after all attempts
2026-05-19 14:02:37.293 [ERROR]    doris_mcp_server.utils.db:1141 - Pool health test failed: 'NoneType' object has no attribute 'acquire'
2026-05-19 14:02:37.361 [ERROR]    doris_mcp_server.utils.db:1141 - Pool health test failed: (1203, 'Reach limit of connections. Total: 1024, User: 100, Current: 125')
2026-05-19 14:02:39.444 [ERROR]    doris_mcp_server.utils.db:1141 - Pool health test failed: (1203, 'Reach limit of connections. Total: 1024, User: 100, Current: 125')
2026-05-19 14:02:41.520 [ERROR]    doris_mcp_server.utils.db:1141 - Pool health test failed: (1203, 'Reach limit of connections. Total: 1024, User: 100, Current: 125')
2026-05-19 14:02:41.521 [ERROR]    doris_mcp_server.utils.db:1361 - ❌ Pool recovery failed after all attempts
2026-05-19 14:03:04.899 [ERROR]    doris_mcp_server.utils.db:1270 - Stale connection cleanup error: 'NoneType' object has no attribute 'size'
2026-05-19 14:03:11.522 [ERROR]    doris_mcp_server.utils.db:1141 - Pool health test failed: 'NoneType' object has no attribute 'acquire'
2026-05-19 14:03:11.609 [ERROR]    doris_mcp_server.utils.db:1141 - Pool health test failed: (1203, 'Reach limit of connections. Total: 1024, User: 100, Current: 125')
2026-05-19 14:03:13.691 [ERROR]    doris_mcp_server.utils.db:1141 - Pool health test failed: (1203, 'Reach limit of connections. Total: 1024, User: 100, Current: 125')
2026-05-19 14:03:15.786 [ERROR]    doris_mcp_server.utils.db:1141 - Pool health test failed: (1203, 'Reach limit of connections. Total: 1024, User: 100, Current: 125')
2026-05-19 14:03:15.786 [ERROR]    doris_mcp_server.utils.db:1361 - ❌ Pool recovery failed after all attempts
2026-05-19 14:03:45.787 [ERROR]    doris_mcp_server.utils.db:1141 - Pool health test failed: 'NoneType' object has no attribute 'acquire'
2026-05-19 14:03:45.873 [ERROR]    doris_mcp_server.utils.db:1141 - Pool health test failed: (1203, 'Reach limit of connections. Total: 1024, User: 100, Current: 125')
2026-05-19 14:03:47.956 [ERROR]    doris_mcp_server.utils.db:1141 - Pool health test failed: (1203, 'Reach limit of connections. Total: 1024, User: 100, Current: 125')
2026-05-19 14:03:50.019 [ERROR]    doris_mcp_server.utils.db:1141 - Pool health test failed: (1203, 'Reach limit of connections. Total: 1024, User: 100, Current: 125')
2026-05-19 14:03:50.020 [ERROR]    doris_mcp_server.utils.db:1361 - ❌ Pool recovery failed after all attempts
2026-05-19 14:04:04.903 [ERROR]    doris_mcp_server.utils.db:1270 - Stale connection cleanup error: 'NoneType' object has no attribute 'size'
2026-05-19 14:04:20.021 [ERROR]    doris_mcp_server.utils.db:1141 - Pool health test failed: 'NoneType' object has no attribute 'acquire'
2026-05-19 14:04:20.099 [ERROR]    doris_mcp_server.utils.db:1141 - Pool health test failed: (1203, 'Reach limit of connections. Total: 1024, User: 100, Current: 125')
2026-05-19 14:04:22.185 [ERROR]    doris_mcp_server.utils.db:1141 - Pool health test failed: (1203, 'Reach limit of connections. Total: 1024, User: 100, Current: 125')
2026-05-19 14:04:24.255 [ERROR]    doris_mcp_server.utils.db:1141 - Pool health test failed: (1203, 'Reach limit of connections. Total: 1024, User: 100, Current: 125')
2026-05-19 14:04:24.255 [ERROR]    doris_mcp_server.utils.db:1361 - ❌ Pool recovery failed after all attempts
2026-05-19 14:04:54.256 [ERROR]    doris_mcp_server.utils.db:1141 - Pool health test failed: 'NoneType' object has no attribute 'acquire'
2026-05-19 14:04:54.329 [ERROR]    doris_mcp_server.utils.db:1141 - Pool health test failed: (1203, 'Reach limit of connections. Total: 1024, User: 100, Current: 125')
2026-05-19 14:04:56.391 [ERROR]    doris_mcp_server.utils.db:1141 - Pool health test failed: (1203, 'Reach limit of connections. Total: 1024, User: 100, Current: 125')
2026-05-19 14:04:58.463 [ERROR]    doris_mcp_server.utils.db:1141 - Pool health test failed: (1203, 'Reach limit of connections. Total: 1024, User: 100, Current: 125')
2026-05-19 14:04:58.464 [ERROR]    doris_mcp_server.utils.db:1361 - ❌ Pool recovery failed after all attempts
2026-05-19 14:05:04.907 [ERROR]    doris_mcp_server.utils.db:1270 - Stale connection cleanup error: 'NoneType' object has no attribute 'size'
2026-05-19 14:05:28.465 [ERROR]    doris_mcp_server.utils.db:1141 - Pool health test failed: 'NoneType' object has no attribute 'acquire'
2026-05-19 14:05:28.541 [ERROR]    doris_mcp_server.utils.db:1141 - Pool health test failed: (1203, 'Reach limit of connections. Total: 1024, User: 100, Current: 125')
2026-05-19 14:05:30.610 [ERROR]    doris_mcp_server.utils.db:1141 - Pool health test failed: (1203, 'Reach limit of connections. Total: 1024, User: 100, Current: 125')
2026-05-19 14:05:32.684 [ERROR]    doris_mcp_server.utils.db:1141 - Pool health test failed: (1203, 'Reach limit of connections. Total: 1024, User: 100, Current: 125')
2026-05-19 14:05:32.685 [ERROR]    doris_mcp_server.utils.db:1361 - ❌ Pool recovery failed after all attempts
2026-05-19 14:06:02.687 [ERROR]    doris_mcp_server.utils.db:1141 - Pool health test failed: 'NoneType' object has no attribute 'acquire'
2026-05-19 14:06:02.766 [ERROR]    doris_mcp_server.utils.db:1141 - Pool health test failed: (1203, 'Reach limit of connections. Total: 1024, User: 100, Current: 125')
2026-05-19 14:06:04.851 [ERROR]    doris_mcp_server.utils.db:1141 - Pool health test failed: (1203, 'Reach limit of connections. Total: 1024, User: 100, Current: 125')
2026-05-19 14:06:04.909 [ERROR]    doris_mcp_server.utils.db:1270 - Stale connection cleanup error: 'NoneType' object has no attribute 'size'
2026-05-19 14:06:06.934 [ERROR]    doris_mcp_server.utils.db:1141 - Pool health test failed: (1203, 'Reach limit of connections. Total: 1024, User: 100, Current: 125')
2026-05-19 14:06:06.935 [ERROR]    doris_mcp_server.utils.db:1361 - ❌ Pool recovery failed after all attempts
2026-05-19 14:06:36.937 [ERROR]    doris_mcp_server.utils.db:1141 - Pool health test failed: 'NoneType' object has no attribute 'acquire'
2026-05-19 14:06:37.020 [ERROR]    doris_mcp_server.utils.db:1141 - Pool health test failed: (1203, 'Reach limit of connections. Total: 1024, User: 100, Current: 125')
2026-05-19 14:06:39.089 [ERROR]    doris_mcp_server.utils.db:1141 - Pool health test failed: (1203, 'Reach limit of connections. Total: 1024, User: 100, Current: 125')
2026-05-19 14:06:41.153 [ERROR]    doris_mcp_server.utils.db:1141 - Pool health test failed: (1203, 'Reach limit of connections. Total: 1024, User: 100, Current: 125')
2026-05-19 14:06:41.154 [ERROR]    doris_mcp_server.utils.db:1361 - ❌ Pool recovery failed after all attempts
2026-05-19 14:07:04.912 [ERROR]    doris_mcp_server.utils.db:1270 - Stale connection cleanup error: 'NoneType' object has no attribute 'size'
2026-05-19 14:07:11.156 [ERROR]    doris_mcp_server.utils.db:1141 - Pool health test failed: 'NoneType' object has no attribute 'acquire'
2026-05-19 14:07:11.217 [ERROR]    doris_mcp_server.utils.db:1141 - Pool health test failed: (1203, 'Reach limit of connections. Total: 1024, User: 100, Current: 125')
2026-05-19 14:07:13.280 [ERROR]    doris_mcp_server.utils.db:1141 - Pool health test failed: (1203, 'Reach limit of connections. Total: 1024, User: 100, Current: 125')
2026-05-19 14:07:15.348 [ERROR]    doris_mcp_server.utils.db:1141 - Pool health test failed: (1203, 'Reach limit of connections. Total: 1024, User: 100, Current: 125')
2026-05-19 14:07:15.350 [ERROR]    doris_mcp_server.utils.db:1361 - ❌ Pool recovery failed after all attempts
2026-05-19 14:07:45.352 [ERROR]    doris_mcp_server.utils.db:1141 - Pool health test failed: 'NoneType' object has no attribute 'acquire'
2026-05-19 14:07:45.433 [ERROR]    doris_mcp_server.utils.db:1141 - Pool health test failed: (1203, 'Reach limit of connections. Total: 1024, User: 100, Current: 125')
2026-05-19 14:07:47.514 [ERROR]    doris_mcp_server.utils.db:1141 - Pool health test failed: (1203, 'Reach limit of connections. Total: 1024, User: 100, Current: 125')
2026-05-19 14:07:49.619 [ERROR]    doris_mcp_server.utils.db:1141 - Pool health test failed: (1203, 'Reach limit of connections. Total: 1024, User: 100, Current: 125')
2026-05-19 14:07:49.620 [ERROR]    doris_mcp_server.utils.db:1361 - ❌ Pool recovery failed after all attempts
2026-05-19 14:08:04.915 [ERROR]    doris_mcp_server.utils.db:1270 - Stale connection cleanup error: 'NoneType' object has no attribute 'size'
2026-05-19 14:08:19.622 [ERROR]    doris_mcp_server.utils.db:1141 - Pool health test failed: 'NoneType' object has no attribute 'acquire'
2026-05-19 14:08:19.689 [ERROR]    doris_mcp_server.utils.db:1141 - Pool health test failed: (1203, 'Reach limit of connections. Total: 1024, User: 100, Current: 125')
2026-05-19 14:08:21.759 [ERROR]    doris_mcp_server.utils.db:1141 - Pool health test failed: (1203, 'Reach limit of connections. Total: 1024, User: 100, Current: 125')
2026-05-19 14:08:23.831 [ERROR]    doris_mcp_server.utils.db:1141 - Pool health test failed: (1203, 'Reach limit of connections. Total: 1024, User: 100, Current: 125')
2026-05-19 14:08:23.832 [ERROR]    doris_mcp_server.utils.db:1361 - ❌ Pool recovery failed after all attempts
2026-05-19 14:08:53.835 [ERROR]    doris_mcp_server.utils.db:1141 - Pool health test failed: 'NoneType' object has no attribute 'acquire'
2026-05-19 14:08:53.937 [ERROR]    doris_mcp_server.utils.db:1141 - Pool health test failed: (1203, 'Reach limit of connections. Total: 1024, User: 100, Current: 125')
2026-05-19 14:08:56.007 [ERROR]    doris_mcp_server.utils.db:1141 - Pool health test failed: (1203, 'Reach limit of connections. Total: 1024, User: 100, Current: 125')
2026-05-19 14:08:58.083 [ERROR]    doris_mcp_server.utils.db:1141 - Pool health test failed: (1203, 'Reach limit of connections. Total: 1024, User: 100, Current: 125')
2026-05-19 14:08:58.085 [ERROR]    doris_mcp_server.utils.db:1361 - ❌ Pool recovery failed after all attempts
2026-05-19 14:09:04.919 [ERROR]    doris_mcp_server.utils.db:1270 - Stale connection cleanup error: 'NoneType' object has no attribute 'size'
2026-05-19 14:09:28.087 [ERROR]    doris_mcp_server.utils.db:1141 - Pool health test failed: 'NoneType' object has no attribute 'acquire'
2026-05-19 14:09:28.165 [ERROR]    doris_mcp_server.utils.db:1141 - Pool health test failed: (1203, 'Reach limit of connections. Total: 1024, User: 100, Current: 125')
2026-05-19 14:09:30.237 [ERROR]    doris_mcp_server.utils.db:1141 - Pool health test failed: (1203, 'Reach limit of connections. Total: 1024, User: 100, Current: 125')
2026-05-19 14:09:32.312 [ERROR]    doris_mcp_server.utils.db:1141 - Pool health test failed: (1203, 'Reach limit of connections. Total: 1024, User: 100, Current: 125')
2026-05-19 14:09:32.313 [ERROR]    doris_mcp_server.utils.db:1361 - ❌ Pool recovery failed after all attempts
2026-05-19 14:10:02.315 [ERROR]    doris_mcp_server.utils.db:1141 - Pool health test failed: 'NoneType' object has no attribute 'acquire'
2026-05-19 14:10:02.379 [ERROR]    doris_mcp_server.utils.db:1141 - Pool health test failed: (1203, 'Reach limit of connections. Total: 1024, User: 100, Current: 125')
2026-05-19 14:10:04.451 [ERROR]    doris_mcp_server.utils.db:1141 - Pool health test failed: (1203, 'Reach limit of connections. Total: 1024, User: 100, Current: 125')
2026-05-19 14:10:04.922 [ERROR]    doris_mcp_server.utils.db:1270 - Stale connection cleanup error: 'NoneType' object has no attribute 'size'
2026-05-19 14:10:06.529 [ERROR]    doris_mcp_server.utils.db:1141 - Pool health test failed: (1203, 'Reach limit of connections. Total: 1024, User: 100, Current: 125')
2026-05-19 14:10:06.529 [ERROR]    doris_mcp_server.utils.db:1361 - ❌ Pool recovery failed after all attempts
2026-05-19 14:10:36.532 [ERROR]    doris_mcp_server.utils.db:1141 - Pool health test failed: 'NoneType' object has no attribute 'acquire'
2026-05-19 14:10:36.610 [ERROR]    doris_mcp_server.utils.db:1141 - Pool health test failed: (1203, 'Reach limit of connections. Total: 1024, User: 100, Current: 125')
2026-05-19 14:10:38.669 [ERROR]    doris_mcp_server.utils.db:1141 - Pool health test failed: (1203, 'Reach limit of connections. Total: 1024, User: 100, Current: 125')
2026-05-19 14:10:40.757 [ERROR]    doris_mcp_server.utils.db:1141 - Pool health test failed: (1203, 'Reach limit of connections. Total: 1024, User: 100, Current: 125')
2026-05-19 14:10:40.758 [ERROR]    doris_mcp_server.utils.db:1361 - ❌ Pool recovery failed after all attempts
2026-05-19 14:11:04.926 [ERROR]    doris_mcp_server.utils.db:1270 - Stale connection cleanup error: 'NoneType' object has no attribute 'size'
2026-05-19 14:11:10.759 [ERROR]    doris_mcp_server.utils.db:1141 - Pool health test failed: 'NoneType' object has no attribute 'acquire'
2026-05-19 14:11:10.839 [ERROR]    doris_mcp_server.utils.db:1141 - Pool health test failed: (1203, 'Reach limit of connections. Total: 1024, User: 100, Current: 125')
2026-05-19 14:11:12.917 [ERROR]    doris_mcp_server.utils.db:1141 - Pool health test failed: (1203, 'Reach limit of connections. Total: 1024, User: 100, Current: 125')
2026-05-19 14:11:15.015 [ERROR]    doris_mcp_server.utils.db:1141 - Pool health test failed: (1203, 'Reach limit of connections. Total: 1024, User: 100, Current: 125')
2026-05-19 14:11:15.017 [ERROR]    doris_mcp_server.utils.db:1361 - ❌ Pool recovery failed after all attempts
2026-05-19 14:11:45.020 [ERROR]    doris_mcp_server.utils.db:1141 - Pool health test failed: 'NoneType' object has no attribute 'acquire'
2026-05-19 14:11:45.092 [ERROR]    doris_mcp_server.utils.db:1141 - Pool health test failed: (1203, 'Reach limit of connections. Total: 1024, User: 100, Current: 125')
2026-05-19 14:11:47.170 [ERROR]    doris_mcp_server.utils.db:1141 - Pool health test failed: (1203, 'Reach limit of connections. Total: 1024, User: 100, Current: 125')
2026-05-19 14:11:49.240 [ERROR]    doris_mcp_server.utils.db:1141 - Pool health test failed: (1203, 'Reach limit of connections. Total: 1024, User: 100, Current: 125')
2026-05-19 14:11:49.241 [ERROR]    doris_mcp_server.utils.db:1361 - ❌ Pool recovery failed after all attempts
2026-05-19 14:12:04.931 [ERROR]    doris_mcp_server.utils.db:1270 - Stale connection cleanup error: 'NoneType' object has no attribute 'size'
2026-05-19 14:12:19.243 [ERROR]    doris_mcp_server.utils.db:1141 - Pool health test failed: 'NoneType' object has no attribute 'acquire'
